-- MySQL dump 10.13  Distrib 8.0.35, for Linux (x86_64)
--
-- Host: localhost    Database: cms-sarinah2025
-- ------------------------------------------------------
-- Server version	8.0.35-0ubuntu0.20.04.1

/*!40101 SET @OLD_CHARACTER_SET_CLIENT=@@CHARACTER_SET_CLIENT */;
/*!40101 SET @OLD_CHARACTER_SET_RESULTS=@@CHARACTER_SET_RESULTS */;
/*!40101 SET @OLD_COLLATION_CONNECTION=@@COLLATION_CONNECTION */;
/*!50503 SET NAMES utf8mb4 */;
/*!40103 SET @OLD_TIME_ZONE=@@TIME_ZONE */;
/*!40103 SET TIME_ZONE='+00:00' */;
/*!40014 SET @OLD_UNIQUE_CHECKS=@@UNIQUE_CHECKS, UNIQUE_CHECKS=0 */;
/*!40014 SET @OLD_FOREIGN_KEY_CHECKS=@@FOREIGN_KEY_CHECKS, FOREIGN_KEY_CHECKS=0 */;
/*!40101 SET @OLD_SQL_MODE=@@SQL_MODE, SQL_MODE='NO_AUTO_VALUE_ON_ZERO' */;
/*!40111 SET @OLD_SQL_NOTES=@@SQL_NOTES, SQL_NOTES=0 */;

--
-- Table structure for table `activities`
--

DROP TABLE IF EXISTS `activities`;
/*!40101 SET @saved_cs_client     = @@character_set_client */;
/*!50503 SET character_set_client = utf8mb4 */;
CREATE TABLE `activities` (
  `id` bigint unsigned NOT NULL AUTO_INCREMENT,
  `ip_address` varchar(100) COLLATE utf8mb4_unicode_ci NOT NULL,
  `browser` varchar(30) COLLATE utf8mb4_unicode_ci NOT NULL,
  `browser_version` varchar(30) COLLATE utf8mb4_unicode_ci DEFAULT NULL,
  `platform` varchar(30) COLLATE utf8mb4_unicode_ci NOT NULL,
  `action` varchar(30) COLLATE utf8mb4_unicode_ci NOT NULL,
  `additional_data` json NOT NULL,
  `userable_id` bigint unsigned DEFAULT NULL,
  `userable_type` varchar(255) COLLATE utf8mb4_unicode_ci DEFAULT NULL,
  `modelable_id` bigint unsigned NOT NULL,
  `modelable_type` varchar(255) COLLATE utf8mb4_unicode_ci NOT NULL,
  `created_at` timestamp NULL DEFAULT NULL,
  `updated_at` timestamp NULL DEFAULT NULL,
  PRIMARY KEY (`id`),
  KEY `activities_userable_index` (`userable_type`,`userable_id`),
  KEY `activities_modelable_index` (`modelable_type`,`modelable_id`)
) ENGINE=InnoDB DEFAULT CHARSET=utf8mb4 COLLATE=utf8mb4_unicode_ci;
/*!40101 SET character_set_client = @saved_cs_client */;

--
-- Dumping data for table `activities`
--

LOCK TABLES `activities` WRITE;
/*!40000 ALTER TABLE `activities` DISABLE KEYS */;
/*!40000 ALTER TABLE `activities` ENABLE KEYS */;
UNLOCK TABLES;

--
-- Table structure for table `admins`
--

DROP TABLE IF EXISTS `admins`;
/*!40101 SET @saved_cs_client     = @@character_set_client */;
/*!50503 SET character_set_client = utf8mb4 */;
CREATE TABLE `admins` (
  `id` bigint unsigned NOT NULL AUTO_INCREMENT,
  `name` varchar(50) COLLATE utf8mb4_unicode_ci NOT NULL,
  `email` varchar(50) COLLATE utf8mb4_unicode_ci NOT NULL,
  `password` varchar(100) COLLATE utf8mb4_unicode_ci NOT NULL,
  `is_active` tinyint(1) NOT NULL DEFAULT '0',
  `remember_token` varchar(100) COLLATE utf8mb4_unicode_ci DEFAULT NULL,
  `created_at` timestamp NULL DEFAULT NULL,
  `updated_at` timestamp NULL DEFAULT NULL,
  PRIMARY KEY (`id`),
  UNIQUE KEY `admins_email_unique` (`email`)
) ENGINE=InnoDB AUTO_INCREMENT=3 DEFAULT CHARSET=utf8mb4 COLLATE=utf8mb4_unicode_ci;
/*!40101 SET character_set_client = @saved_cs_client */;

--
-- Dumping data for table `admins`
--

LOCK TABLES `admins` WRITE;
/*!40000 ALTER TABLE `admins` DISABLE KEYS */;
INSERT INTO `admins` VALUES (1,'Superadmin','admin@unictive.net','$2y$12$FuOLJBjTUK1Bru.p28MveeBjByD4fMSugY2NEkuuxHlEihqqrSPoG',1,NULL,'2025-10-30 06:46:26','2025-10-30 06:46:26');
/*!40000 ALTER TABLE `admins` ENABLE KEYS */;
UNLOCK TABLES;

--
-- Table structure for table `brands`
--

DROP TABLE IF EXISTS `brands`;
/*!40101 SET @saved_cs_client     = @@character_set_client */;
/*!50503 SET character_set_client = utf8mb4 */;
CREATE TABLE `brands` (
  `id` bigint unsigned NOT NULL AUTO_INCREMENT,
  `name` varchar(255) COLLATE utf8mb4_unicode_ci NOT NULL,
  `slug` varchar(255) COLLATE utf8mb4_unicode_ci NOT NULL,
  `is_active` tinyint(1) NOT NULL DEFAULT '0',
  `created_at` timestamp NULL DEFAULT NULL,
  `updated_at` timestamp NULL DEFAULT NULL,
  PRIMARY KEY (`id`),
  UNIQUE KEY `brands_name_unique` (`name`),
  UNIQUE KEY `brands_slug_unique` (`slug`)
) ENGINE=InnoDB AUTO_INCREMENT=8 DEFAULT CHARSET=utf8mb4 COLLATE=utf8mb4_unicode_ci;
/*!40101 SET character_set_client = @saved_cs_client */;

--
-- Dumping data for table `brands`
--

LOCK TABLES `brands` WRITE;
/*!40000 ALTER TABLE `brands` DISABLE KEYS */;
INSERT INTO `brands` VALUES (1,'Nike','nike',1,'2025-11-12 03:17:29','2025-11-12 03:17:34'),(2,'Adidas','adidas',1,'2025-11-13 03:56:05','2025-11-18 07:44:44'),(3,'Batikin','batikin',1,'2025-11-17 04:27:23','2025-11-17 04:27:23'),(4,'Reebok','reebok',1,'2025-11-24 02:41:47','2025-11-24 02:41:47'),(5,'Anta','anta',1,'2025-11-24 02:42:41','2025-11-24 02:42:41'),(6,'Puma','puma',1,'2025-11-26 03:28:44','2025-11-26 03:28:51'),(7,'Under Armour','under-armour',1,'2025-11-26 03:32:51','2025-11-26 03:32:57');
/*!40000 ALTER TABLE `brands` ENABLE KEYS */;
UNLOCK TABLES;

--
-- Table structure for table `cache`
--

DROP TABLE IF EXISTS `cache`;
/*!40101 SET @saved_cs_client     = @@character_set_client */;
/*!50503 SET character_set_client = utf8mb4 */;
CREATE TABLE `cache` (
  `key` varchar(255) COLLATE utf8mb4_unicode_ci NOT NULL,
  `value` mediumtext COLLATE utf8mb4_unicode_ci NOT NULL,
  `expiration` int NOT NULL,
  PRIMARY KEY (`key`)
) ENGINE=InnoDB DEFAULT CHARSET=utf8mb4 COLLATE=utf8mb4_unicode_ci;
/*!40101 SET character_set_client = @saved_cs_client */;

--
-- Dumping data for table `cache`
--

LOCK TABLES `cache` WRITE;
/*!40000 ALTER TABLE `cache` DISABLE KEYS */;
/*!40000 ALTER TABLE `cache` ENABLE KEYS */;
UNLOCK TABLES;

--
-- Table structure for table `cache_locks`
--

DROP TABLE IF EXISTS `cache_locks`;
/*!40101 SET @saved_cs_client     = @@character_set_client */;
/*!50503 SET character_set_client = utf8mb4 */;
CREATE TABLE `cache_locks` (
  `key` varchar(255) COLLATE utf8mb4_unicode_ci NOT NULL,
  `owner` varchar(255) COLLATE utf8mb4_unicode_ci NOT NULL,
  `expiration` int NOT NULL,
  PRIMARY KEY (`key`)
) ENGINE=InnoDB DEFAULT CHARSET=utf8mb4 COLLATE=utf8mb4_unicode_ci;
/*!40101 SET character_set_client = @saved_cs_client */;

--
-- Dumping data for table `cache_locks`
--

LOCK TABLES `cache_locks` WRITE;
/*!40000 ALTER TABLE `cache_locks` DISABLE KEYS */;
/*!40000 ALTER TABLE `cache_locks` ENABLE KEYS */;
UNLOCK TABLES;

--
-- Table structure for table `callbacks`
--

DROP TABLE IF EXISTS `callbacks`;
/*!40101 SET @saved_cs_client     = @@character_set_client */;
/*!50503 SET character_set_client = utf8mb4 */;
CREATE TABLE `callbacks` (
  `id` char(36) COLLATE utf8mb4_unicode_ci NOT NULL,
  `instance` enum('PAYMENT','SHIPMENT') COLLATE utf8mb4_unicode_ci NOT NULL,
  `callback_type` enum('CALLBACK_IN','CALLBACK_OUT') COLLATE utf8mb4_unicode_ci NOT NULL,
  `ip_address` varchar(45) COLLATE utf8mb4_unicode_ci DEFAULT NULL,
  `user_agent` varchar(255) COLLATE utf8mb4_unicode_ci DEFAULT NULL,
  `code` int DEFAULT NULL,
  `header` text COLLATE utf8mb4_unicode_ci,
  `body` text COLLATE utf8mb4_unicode_ci NOT NULL,
  `created_at` timestamp NULL DEFAULT NULL,
  `updated_at` timestamp NULL DEFAULT NULL,
  `deleted_at` timestamp NULL DEFAULT NULL,
  PRIMARY KEY (`id`)
) ENGINE=InnoDB DEFAULT CHARSET=utf8mb4 COLLATE=utf8mb4_unicode_ci;
/*!40101 SET character_set_client = @saved_cs_client */;

--
-- Dumping data for table `callbacks`
--

LOCK TABLES `callbacks` WRITE;
/*!40000 ALTER TABLE `callbacks` DISABLE KEYS */;
INSERT INTO `callbacks` VALUES ('02163714-1a22-460d-a4cb-1a1f0cb1c72e','PAYMENT','CALLBACK_IN','172.68.174.197','axios/1.10.0',200,'{\"content-length\":[\"467\"],\"x-forwarded-proto\":[\"https\"],\"cf-visitor\":[\"{\\\"scheme\\\":\\\"https\\\"}\"],\"cf-ipcountry\":[\"US\"],\"cf-connecting-ip\":[\"52.89.130.89\"],\"cdn-loop\":[\"cloudflare; loops=1\"],\"accept\":[\"application\\/json, text\\/plain, *\\/*\"],\"connection\":[\"Keep-Alive\"],\"webhook-id\":[\"efb72f7f-39db-48e1-9e31-9310d4489d53\"],\"host\":[\"cms-sarinah2025.unictive.net\"],\"cf-ray\":[\"9a5b2342ff2bff0f-PDX\"],\"user-agent\":[\"axios\\/1.10.0\"],\"accept-encoding\":[\"gzip, br\"],\"x-callback-token\":[\"2a83d0f21d839d93cf80bfa835a3abf99257569bfa8872b547e43ead16b21c92\"],\"content-type\":[\"application\\/json\"],\"x-forwarded-for\":[\"52.89.130.89\"]}','{\"id\":\"e1df72d0-be4a-49bc-8519-f147b114bda8\",\"name\":\"XDT-Eplas Insto\",\"status\":\"ACTIVE\",\"country\":\"ID\",\"created\":\"2025-11-28T04:10:07.138Z\",\"updated\":\"2025-11-28T04:10:07.138Z\",\"currency\":\"IDR\",\"owner_id\":\"5e943709950d7621c1d57639\",\"bank_code\":\"BNI\",\"is_closed\":true,\"external_id\":\"019ac8a7-6b8e-7308-9c48-b3bdd9e34f37\",\"is_single_use\":false,\"merchant_code\":\"8808\",\"account_number\":\"8808999917438779\",\"expected_amount\":600000,\"expiration_date\":\"2025-11-29T04:10:06Z\"}','2025-11-28 16:10:51',NULL,NULL),('0414995c-18ea-45a8-811d-77982fa77c4d','PAYMENT','CALLBACK_IN','172.68.174.197','axios/1.10.0',200,'{\"content-length\":[\"460\"],\"x-forwarded-proto\":[\"https\"],\"cf-visitor\":[\"{\\\"scheme\\\":\\\"https\\\"}\"],\"cf-ipcountry\":[\"US\"],\"cf-connecting-ip\":[\"52.89.130.89\"],\"cdn-loop\":[\"cloudflare; loops=1\"],\"accept\":[\"application\\/json, text\\/plain, *\\/*\"],\"connection\":[\"Keep-Alive\"],\"webhook-id\":[\"7cd0773c-386b-413a-a33b-15c2465f211b\"],\"host\":[\"cms-sarinah2025.unictive.net\"],\"cf-ray\":[\"9a8832e65fc2ef4f-PDX\"],\"user-agent\":[\"axios\\/1.10.0\"],\"accept-encoding\":[\"gzip, br\"],\"x-callback-token\":[\"2a83d0f21d839d93cf80bfa835a3abf99257569bfa8872b547e43ead16b21c92\"],\"content-type\":[\"application\\/json\"],\"x-forwarded-for\":[\"52.89.130.89\"]}','{\"id\":\"e163fc63-af3d-40c6-8300-1b4dac816caa\",\"name\":\"Zone Users\",\"status\":\"ACTIVE\",\"country\":\"ID\",\"created\":\"2025-12-04T02:39:56.92Z\",\"updated\":\"2025-12-04T02:39:56.92Z\",\"currency\":\"IDR\",\"owner_id\":\"5e943709950d7621c1d57639\",\"bank_code\":\"BCA\",\"is_closed\":true,\"external_id\":\"019ae73b-0666-70b7-9859-6ea10678233f\",\"is_single_use\":false,\"merchant_code\":\"10766\",\"account_number\":\"107669999995273\",\"expected_amount\":452000,\"expiration_date\":\"2025-12-05T02:39:56Z\"}','2025-12-04 03:25:50',NULL,NULL),('08848aaf-af9e-4440-b15c-99c76f163462','PAYMENT','CALLBACK_IN','104.23.160.40','axios/1.10.0',200,'{\"content-length\":[\"460\"],\"x-forwarded-proto\":[\"https\"],\"cf-visitor\":[\"{\\\"scheme\\\":\\\"https\\\"}\"],\"cf-ipcountry\":[\"US\"],\"cf-connecting-ip\":[\"52.89.130.89\"],\"cdn-loop\":[\"cloudflare; loops=1\"],\"accept\":[\"application\\/json, text\\/plain, *\\/*\"],\"connection\":[\"Keep-Alive\"],\"webhook-id\":[\"4bcdf1fa-abad-46df-8c67-f1c1dc56672e\"],\"host\":[\"cms-sarinah2025.unictive.net\"],\"cf-ray\":[\"9a87d7aaaa0d0ba9-PDX\"],\"user-agent\":[\"axios\\/1.10.0\"],\"accept-encoding\":[\"gzip, br\"],\"x-callback-token\":[\"2a83d0f21d839d93cf80bfa835a3abf99257569bfa8872b547e43ead16b21c92\"],\"content-type\":[\"application\\/json\"],\"x-forwarded-for\":[\"52.89.130.89\"]}','{\"account_number\":\"107669999147633\",\"bank_code\":\"BCA\",\"country\":\"ID\",\"created\":\"2025-12-04T02:23:32.858Z\",\"currency\":\"IDR\",\"expected_amount\":402000,\"expiration_date\":\"2025-12-05T02:23:31Z\",\"external_id\":\"019ae72b-fdf6-7003-b79c-cd9419ff9121\",\"id\":\"ee58d057-7654-4787-a948-ab69a664795f\",\"is_closed\":true,\"is_single_use\":false,\"merchant_code\":\"10766\",\"name\":\"John Doe\",\"owner_id\":\"5e943709950d7621c1d57639\",\"status\":\"ACTIVE\",\"updated\":\"2025-12-04T02:23:32.858Z\"}','2025-12-04 02:23:33',NULL,NULL),('08c07ab4-0f0b-4b81-9097-5534fed278a7','PAYMENT','CALLBACK_IN','172.68.174.197','axios/1.10.0',200,'{\"content-length\":[\"467\"],\"x-forwarded-proto\":[\"https\"],\"cf-visitor\":[\"{\\\"scheme\\\":\\\"https\\\"}\"],\"cf-ipcountry\":[\"US\"],\"cf-connecting-ip\":[\"52.89.130.89\"],\"cdn-loop\":[\"cloudflare; loops=1\"],\"accept\":[\"application\\/json, text\\/plain, *\\/*\"],\"connection\":[\"Keep-Alive\"],\"webhook-id\":[\"efb72f7f-39db-48e1-9e31-9310d4489d53\"],\"host\":[\"cms-sarinah2025.unictive.net\"],\"cf-ray\":[\"9a5703861d540055-PDX\"],\"user-agent\":[\"axios\\/1.10.0\"],\"accept-encoding\":[\"gzip, br\"],\"x-callback-token\":[\"2a83d0f21d839d93cf80bfa835a3abf99257569bfa8872b547e43ead16b21c92\"],\"content-type\":[\"application\\/json\"],\"x-forwarded-for\":[\"52.89.130.89\"]}','{\"account_number\":\"8808999917438779\",\"bank_code\":\"BNI\",\"country\":\"ID\",\"created\":\"2025-11-28T04:10:07.138Z\",\"currency\":\"IDR\",\"expected_amount\":600000,\"expiration_date\":\"2025-11-29T04:10:06Z\",\"external_id\":\"019ac8a7-6b8e-7308-9c48-b3bdd9e34f37\",\"id\":\"e1df72d0-be4a-49bc-8519-f147b114bda8\",\"is_closed\":true,\"is_single_use\":false,\"merchant_code\":\"8808\",\"name\":\"XDT-Eplas Insto\",\"owner_id\":\"5e943709950d7621c1d57639\",\"status\":\"ACTIVE\",\"updated\":\"2025-11-28T04:10:07.138Z\"}','2025-11-28 04:10:08',NULL,NULL),('0e7fb319-d44a-43d4-80a5-5dde5fd6471c','PAYMENT','CALLBACK_IN','104.23.160.40','axios/1.10.0',200,'{\"content-length\":[\"461\"],\"x-forwarded-proto\":[\"https\"],\"cf-visitor\":[\"{\\\"scheme\\\":\\\"https\\\"}\"],\"cf-ipcountry\":[\"US\"],\"cf-connecting-ip\":[\"52.89.130.89\"],\"cdn-loop\":[\"cloudflare; loops=1\"],\"accept\":[\"application\\/json, text\\/plain, *\\/*\"],\"connection\":[\"Keep-Alive\"],\"webhook-id\":[\"def334ed-d825-4dfd-bf62-1f4ec9ef6a07\"],\"host\":[\"cms-sarinah2025.unictive.net\"],\"cf-ray\":[\"9a6f9afd5bd69b19-PDX\"],\"user-agent\":[\"axios\\/1.10.0\"],\"accept-encoding\":[\"gzip, br\"],\"x-callback-token\":[\"2a83d0f21d839d93cf80bfa835a3abf99257569bfa8872b547e43ead16b21c92\"],\"content-type\":[\"application\\/json\"],\"x-forwarded-for\":[\"52.89.130.89\"]}','{\"id\":\"d0a80cf3-ed9d-47ac-89a4-676066d76281\",\"name\":\"John Doe\",\"status\":\"ACTIVE\",\"country\":\"ID\",\"created\":\"2025-12-01T03:01:59.922Z\",\"updated\":\"2025-12-01T03:01:59.922Z\",\"currency\":\"IDR\",\"owner_id\":\"5e943709950d7621c1d57639\",\"bank_code\":\"BCA\",\"is_closed\":true,\"external_id\":\"019ad7dc-21ed-716b-ab53-b2dcedf8273c\",\"is_single_use\":false,\"merchant_code\":\"10766\",\"account_number\":\"107669999834321\",\"expected_amount\":4277000,\"expiration_date\":\"2025-12-02T03:01:59Z\"}','2025-12-01 03:47:50',NULL,NULL),('138371fb-0d24-44a6-9d8b-14314662af3f','PAYMENT','CALLBACK_IN','172.68.174.196','axios/1.10.0',200,'{\"content-length\":[\"467\"],\"x-forwarded-proto\":[\"https\"],\"cf-visitor\":[\"{\\\"scheme\\\":\\\"https\\\"}\"],\"cf-ipcountry\":[\"US\"],\"cf-connecting-ip\":[\"52.89.130.89\"],\"cdn-loop\":[\"cloudflare; loops=1\"],\"accept\":[\"application\\/json, text\\/plain, *\\/*\"],\"connection\":[\"Keep-Alive\"],\"webhook-id\":[\"dc754b3d-3c48-4d94-a62b-7622672b887d\"],\"host\":[\"cms-sarinah2025.unictive.net\"],\"cf-ray\":[\"9a592e498896efb4-PDX\"],\"user-agent\":[\"axios\\/1.10.0\"],\"accept-encoding\":[\"gzip, br\"],\"x-callback-token\":[\"2a83d0f21d839d93cf80bfa835a3abf99257569bfa8872b547e43ead16b21c92\"],\"content-type\":[\"application\\/json\"],\"x-forwarded-for\":[\"52.89.130.89\"]}','{\"id\":\"dfca022c-ceb5-4497-b8e6-4e91834dbbdf\",\"name\":\"XDT-Eplas Insto\",\"status\":\"ACTIVE\",\"country\":\"ID\",\"created\":\"2025-11-28T04:27:57.992Z\",\"updated\":\"2025-11-28T04:27:57.992Z\",\"currency\":\"IDR\",\"owner_id\":\"5e943709950d7621c1d57639\",\"bank_code\":\"BNI\",\"is_closed\":true,\"external_id\":\"019ac8b7-c32e-73d0-9128-fe4bf3d37242\",\"is_single_use\":false,\"merchant_code\":\"8808\",\"account_number\":\"8808999990811188\",\"expected_amount\":600000,\"expiration_date\":\"2025-11-29T04:27:57Z\"}','2025-11-28 10:28:51',NULL,NULL),('19397a3c-52d1-42f4-9580-ae196e0b35d7','PAYMENT','CALLBACK_IN','104.23.160.40','axios/1.10.0',200,'{\"content-length\":[\"460\"],\"x-forwarded-proto\":[\"https\"],\"cf-visitor\":[\"{\\\"scheme\\\":\\\"https\\\"}\"],\"cf-ipcountry\":[\"US\"],\"cf-connecting-ip\":[\"52.89.130.89\"],\"cdn-loop\":[\"cloudflare; loops=1\"],\"accept\":[\"application\\/json, text\\/plain, *\\/*\"],\"connection\":[\"Keep-Alive\"],\"webhook-id\":[\"7cd0773c-386b-413a-a33b-15c2465f211b\"],\"host\":[\"cms-sarinah2025.unictive.net\"],\"cf-ray\":[\"9a8806f6fdfb5f03-PDX\"],\"user-agent\":[\"axios\\/1.10.0\"],\"accept-encoding\":[\"gzip, br\"],\"x-callback-token\":[\"2a83d0f21d839d93cf80bfa835a3abf99257569bfa8872b547e43ead16b21c92\"],\"content-type\":[\"application\\/json\"],\"x-forwarded-for\":[\"52.89.130.89\"]}','{\"id\":\"e163fc63-af3d-40c6-8300-1b4dac816caa\",\"name\":\"Zone Users\",\"status\":\"ACTIVE\",\"country\":\"ID\",\"created\":\"2025-12-04T02:39:56.92Z\",\"updated\":\"2025-12-04T02:39:56.92Z\",\"currency\":\"IDR\",\"owner_id\":\"5e943709950d7621c1d57639\",\"bank_code\":\"BCA\",\"is_closed\":true,\"external_id\":\"019ae73b-0666-70b7-9859-6ea10678233f\",\"is_single_use\":false,\"merchant_code\":\"10766\",\"account_number\":\"107669999995273\",\"expected_amount\":452000,\"expiration_date\":\"2025-12-05T02:39:56Z\"}','2025-12-04 02:55:51',NULL,NULL),('1c5da11c-e3c8-49e5-b800-8e3f6f1ebf2e','PAYMENT','CALLBACK_IN','104.23.160.41','axios/1.10.0',200,'{\"content-length\":[\"461\"],\"x-forwarded-proto\":[\"https\"],\"cf-visitor\":[\"{\\\"scheme\\\":\\\"https\\\"}\"],\"cf-ipcountry\":[\"US\"],\"cf-connecting-ip\":[\"52.89.130.89\"],\"cdn-loop\":[\"cloudflare; loops=1\"],\"accept\":[\"application\\/json, text\\/plain, *\\/*\"],\"connection\":[\"Keep-Alive\"],\"webhook-id\":[\"def334ed-d825-4dfd-bf62-1f4ec9ef6a07\"],\"host\":[\"cms-sarinah2025.unictive.net\"],\"cf-ray\":[\"9a6f6f0cdb70ad76-PDX\"],\"user-agent\":[\"axios\\/1.10.0\"],\"accept-encoding\":[\"gzip, br\"],\"x-callback-token\":[\"2a83d0f21d839d93cf80bfa835a3abf99257569bfa8872b547e43ead16b21c92\"],\"content-type\":[\"application\\/json\"],\"x-forwarded-for\":[\"52.89.130.89\"]}','{\"id\":\"d0a80cf3-ed9d-47ac-89a4-676066d76281\",\"name\":\"John Doe\",\"status\":\"ACTIVE\",\"country\":\"ID\",\"created\":\"2025-12-01T03:01:59.922Z\",\"updated\":\"2025-12-01T03:01:59.922Z\",\"currency\":\"IDR\",\"owner_id\":\"5e943709950d7621c1d57639\",\"bank_code\":\"BCA\",\"is_closed\":true,\"external_id\":\"019ad7dc-21ed-716b-ab53-b2dcedf8273c\",\"is_single_use\":false,\"merchant_code\":\"10766\",\"account_number\":\"107669999834321\",\"expected_amount\":4277000,\"expiration_date\":\"2025-12-02T03:01:59Z\"}','2025-12-01 03:17:50',NULL,NULL),('1e3326e5-aedd-49bb-ac3a-85595279f541','PAYMENT','CALLBACK_IN','172.68.174.197','axios/1.10.0',200,'{\"content-length\":[\"461\"],\"x-forwarded-proto\":[\"https\"],\"cf-visitor\":[\"{\\\"scheme\\\":\\\"https\\\"}\"],\"cf-ipcountry\":[\"US\"],\"cf-connecting-ip\":[\"52.89.130.89\"],\"cdn-loop\":[\"cloudflare; loops=1\"],\"accept\":[\"application\\/json, text\\/plain, *\\/*\"],\"connection\":[\"Keep-Alive\"],\"webhook-id\":[\"1c0bdd48-a888-403e-8a3b-7a1962206000\"],\"host\":[\"cms-sarinah2025.unictive.net\"],\"cf-ray\":[\"9a6f46e29b8c0c31-PDX\"],\"user-agent\":[\"axios\\/1.10.0\"],\"accept-encoding\":[\"gzip, br\"],\"x-callback-token\":[\"2a83d0f21d839d93cf80bfa835a3abf99257569bfa8872b547e43ead16b21c92\"],\"content-type\":[\"application\\/json\"],\"x-forwarded-for\":[\"52.89.130.89\"]}','{\"account_number\":\"107669999623976\",\"bank_code\":\"BCA\",\"country\":\"ID\",\"created\":\"2025-12-01T02:50:24.289Z\",\"currency\":\"IDR\",\"expected_amount\":4275000,\"expiration_date\":\"2025-12-02T02:50:23Z\",\"external_id\":\"019ad7d1-84c1-700c-a77f-42f55324ccdb\",\"id\":\"e6a29db1-9bc2-4ff3-a7fb-4516bfc66830\",\"is_closed\":true,\"is_single_use\":false,\"merchant_code\":\"10766\",\"name\":\"John Doe\",\"owner_id\":\"5e943709950d7621c1d57639\",\"status\":\"ACTIVE\",\"updated\":\"2025-12-01T02:50:24.289Z\"}','2025-12-01 02:50:25',NULL,NULL),('244994db-e53d-4207-a779-3f4805dbacac','PAYMENT','CALLBACK_IN','172.68.174.196','axios/1.10.0',200,'{\"content-length\":[\"461\"],\"x-forwarded-proto\":[\"https\"],\"cf-visitor\":[\"{\\\"scheme\\\":\\\"https\\\"}\"],\"cf-ipcountry\":[\"US\"],\"cf-connecting-ip\":[\"52.89.130.89\"],\"cdn-loop\":[\"cloudflare; loops=1\"],\"accept\":[\"application\\/json, text\\/plain, *\\/*\"],\"connection\":[\"Keep-Alive\"],\"webhook-id\":[\"1c0bdd48-a888-403e-8a3b-7a1962206000\"],\"host\":[\"cms-sarinah2025.unictive.net\"],\"cf-ray\":[\"9a7366362ea0ff03-PDX\"],\"user-agent\":[\"axios\\/1.10.0\"],\"accept-encoding\":[\"gzip, br\"],\"x-callback-token\":[\"2a83d0f21d839d93cf80bfa835a3abf99257569bfa8872b547e43ead16b21c92\"],\"content-type\":[\"application\\/json\"],\"x-forwarded-for\":[\"52.89.130.89\"]}','{\"id\":\"e6a29db1-9bc2-4ff3-a7fb-4516bfc66830\",\"name\":\"John Doe\",\"status\":\"ACTIVE\",\"country\":\"ID\",\"created\":\"2025-12-01T02:50:24.289Z\",\"updated\":\"2025-12-01T02:50:24.289Z\",\"currency\":\"IDR\",\"owner_id\":\"5e943709950d7621c1d57639\",\"bank_code\":\"BCA\",\"is_closed\":true,\"external_id\":\"019ad7d1-84c1-700c-a77f-42f55324ccdb\",\"is_single_use\":false,\"merchant_code\":\"10766\",\"account_number\":\"107669999623976\",\"expected_amount\":4275000,\"expiration_date\":\"2025-12-02T02:50:23Z\"}','2025-12-01 14:50:51',NULL,NULL),('267321e5-67e3-4194-ab76-bfa8e07ac7e4','PAYMENT','CALLBACK_IN','172.68.174.197','axios/1.10.0',200,'{\"content-length\":[\"460\"],\"x-forwarded-proto\":[\"https\"],\"cf-visitor\":[\"{\\\"scheme\\\":\\\"https\\\"}\"],\"cf-ipcountry\":[\"US\"],\"cf-connecting-ip\":[\"52.89.130.89\"],\"cdn-loop\":[\"cloudflare; loops=1\"],\"accept\":[\"application\\/json, text\\/plain, *\\/*\"],\"connection\":[\"Keep-Alive\"],\"webhook-id\":[\"ba05b0d8-a2dd-4262-a6ec-0b19125fbfd3\"],\"host\":[\"cms-sarinah2025.unictive.net\"],\"cf-ray\":[\"9a87fb3b2eff5ee0-PDX\"],\"user-agent\":[\"axios\\/1.10.0\"],\"accept-encoding\":[\"gzip, br\"],\"x-callback-token\":[\"2a83d0f21d839d93cf80bfa835a3abf99257569bfa8872b547e43ead16b21c92\"],\"content-type\":[\"application\\/json\"],\"x-forwarded-for\":[\"52.89.130.89\"]}','{\"id\":\"09f4de96-b492-432d-b18f-3502c3530de7\",\"name\":\"Zone Users\",\"status\":\"ACTIVE\",\"country\":\"ID\",\"created\":\"2025-12-04T02:31:52.46Z\",\"updated\":\"2025-12-04T02:31:52.46Z\",\"currency\":\"IDR\",\"owner_id\":\"5e943709950d7621c1d57639\",\"bank_code\":\"BCA\",\"is_closed\":true,\"external_id\":\"019ae733-a1d9-7008-b168-479628d60ddd\",\"is_single_use\":false,\"merchant_code\":\"10766\",\"account_number\":\"107669999919411\",\"expected_amount\":452000,\"expiration_date\":\"2025-12-05T02:31:52Z\"}','2025-12-04 02:47:50',NULL,NULL),('29266d35-cf45-4861-86ac-7afef321328b','PAYMENT','CALLBACK_IN','172.68.174.196','axios/1.10.0',200,'{\"content-length\":[\"467\"],\"x-forwarded-proto\":[\"https\"],\"cf-visitor\":[\"{\\\"scheme\\\":\\\"https\\\"}\"],\"cf-ipcountry\":[\"US\"],\"cf-connecting-ip\":[\"52.89.130.89\"],\"cdn-loop\":[\"cloudflare; loops=1\"],\"accept\":[\"application\\/json, text\\/plain, *\\/*\"],\"connection\":[\"Keep-Alive\"],\"webhook-id\":[\"efb72f7f-39db-48e1-9e31-9310d4489d53\"],\"host\":[\"cms-sarinah2025.unictive.net\"],\"cf-ray\":[\"9a57467ccbda88dc-PDX\"],\"user-agent\":[\"axios\\/1.10.0\"],\"accept-encoding\":[\"gzip, br\"],\"x-callback-token\":[\"2a83d0f21d839d93cf80bfa835a3abf99257569bfa8872b547e43ead16b21c92\"],\"content-type\":[\"application\\/json\"],\"x-forwarded-for\":[\"52.89.130.89\"]}','{\"id\":\"e1df72d0-be4a-49bc-8519-f147b114bda8\",\"name\":\"XDT-Eplas Insto\",\"status\":\"ACTIVE\",\"country\":\"ID\",\"created\":\"2025-11-28T04:10:07.138Z\",\"updated\":\"2025-11-28T04:10:07.138Z\",\"currency\":\"IDR\",\"owner_id\":\"5e943709950d7621c1d57639\",\"bank_code\":\"BNI\",\"is_closed\":true,\"external_id\":\"019ac8a7-6b8e-7308-9c48-b3bdd9e34f37\",\"is_single_use\":false,\"merchant_code\":\"8808\",\"account_number\":\"8808999917438779\",\"expected_amount\":600000,\"expiration_date\":\"2025-11-29T04:10:06Z\"}','2025-11-28 04:55:51',NULL,NULL),('2ccac07c-3a32-4912-bce8-7439b512ddf6','PAYMENT','CALLBACK_IN','172.68.174.196','axios/1.10.0',200,'{\"content-length\":[\"467\"],\"x-forwarded-proto\":[\"https\"],\"cf-visitor\":[\"{\\\"scheme\\\":\\\"https\\\"}\"],\"cf-ipcountry\":[\"US\"],\"cf-connecting-ip\":[\"52.89.130.89\"],\"cdn-loop\":[\"cloudflare; loops=1\"],\"accept\":[\"application\\/json, text\\/plain, *\\/*\"],\"connection\":[\"Keep-Alive\"],\"webhook-id\":[\"67900e45-8465-4a6e-9345-0a50d6a33ee6\"],\"host\":[\"cms-sarinah2025.unictive.net\"],\"cf-ray\":[\"9a5aa6c08dcfff0a-PDX\"],\"user-agent\":[\"axios\\/1.10.0\"],\"accept-encoding\":[\"gzip, br\"],\"x-callback-token\":[\"2a83d0f21d839d93cf80bfa835a3abf99257569bfa8872b547e43ead16b21c92\"],\"content-type\":[\"application\\/json\"],\"x-forwarded-for\":[\"52.89.130.89\"]}','{\"id\":\"904ae028-db0c-49e4-a000-92d62519f39c\",\"name\":\"XDT-Eplas Insto\",\"status\":\"ACTIVE\",\"country\":\"ID\",\"created\":\"2025-11-28T02:45:26.267Z\",\"updated\":\"2025-11-28T02:45:26.267Z\",\"currency\":\"IDR\",\"owner_id\":\"5e943709950d7621c1d57639\",\"bank_code\":\"BNI\",\"is_closed\":true,\"external_id\":\"019ac859-e4b2-7091-a71f-f97987cf6bab\",\"is_single_use\":false,\"merchant_code\":\"8808\",\"account_number\":\"8808999965913439\",\"expected_amount\":600000,\"expiration_date\":\"2025-11-29T02:45:25Z\"}','2025-11-28 14:45:51',NULL,NULL),('3145ecd4-0012-4883-b08b-29d174b0ffa5','PAYMENT','CALLBACK_IN','104.23.160.41','axios/1.10.0',200,'{\"content-length\":[\"462\"],\"x-forwarded-proto\":[\"https\"],\"cf-visitor\":[\"{\\\"scheme\\\":\\\"https\\\"}\"],\"cf-ipcountry\":[\"US\"],\"cf-connecting-ip\":[\"52.89.130.89\"],\"cdn-loop\":[\"cloudflare; loops=1\"],\"accept\":[\"application\\/json, text\\/plain, *\\/*\"],\"connection\":[\"Keep-Alive\"],\"webhook-id\":[\"ab9d29b6-d6a9-45ae-bcad-537f458a1fec\"],\"host\":[\"cms-sarinah2025.unictive.net\"],\"cf-ray\":[\"9a87fcae9afe58d9-PDX\"],\"user-agent\":[\"axios\\/1.10.0\"],\"accept-encoding\":[\"gzip, br\"],\"x-callback-token\":[\"2a83d0f21d839d93cf80bfa835a3abf99257569bfa8872b547e43ead16b21c92\"],\"content-type\":[\"application\\/json\"],\"x-forwarded-for\":[\"52.89.130.89\"]}','{\"id\":\"4387c245-b6da-415d-9875-4fd573988795\",\"name\":\"Zone Users\",\"status\":\"ACTIVE\",\"country\":\"ID\",\"created\":\"2025-12-04T02:33:34.472Z\",\"updated\":\"2025-12-04T02:33:34.472Z\",\"currency\":\"IDR\",\"owner_id\":\"5e943709950d7621c1d57639\",\"bank_code\":\"BCA\",\"is_closed\":true,\"external_id\":\"019ae735-30a2-7007-8908-d0c802a95234\",\"is_single_use\":false,\"merchant_code\":\"10766\",\"account_number\":\"107669999817265\",\"expected_amount\":452000,\"expiration_date\":\"2025-12-05T02:33:34Z\"}','2025-12-04 02:48:50',NULL,NULL),('36c1a157-c936-42f7-980a-7ea5fc02edd9','PAYMENT','CALLBACK_IN','104.23.160.41','axios/1.10.0',200,'{\"content-length\":[\"462\"],\"x-forwarded-proto\":[\"https\"],\"cf-visitor\":[\"{\\\"scheme\\\":\\\"https\\\"}\"],\"cf-ipcountry\":[\"US\"],\"cf-connecting-ip\":[\"52.89.130.89\"],\"cdn-loop\":[\"cloudflare; loops=1\"],\"accept\":[\"application\\/json, text\\/plain, *\\/*\"],\"connection\":[\"Keep-Alive\"],\"webhook-id\":[\"4e0ad104-6801-4dd8-ae18-66f8acd6d3f6\"],\"host\":[\"cms-sarinah2025.unictive.net\"],\"cf-ray\":[\"9a883a3648858bee-PDX\"],\"user-agent\":[\"axios\\/1.10.0\"],\"accept-encoding\":[\"gzip, br\"],\"x-callback-token\":[\"2a83d0f21d839d93cf80bfa835a3abf99257569bfa8872b547e43ead16b21c92\"],\"content-type\":[\"application\\/json\"],\"x-forwarded-for\":[\"52.89.130.89\"]}','{\"id\":\"acce0ebe-9e95-475c-8551-cd5598d6a667\",\"name\":\"Zone Users\",\"status\":\"ACTIVE\",\"country\":\"ID\",\"created\":\"2025-12-04T02:45:21.489Z\",\"updated\":\"2025-12-04T02:45:21.489Z\",\"currency\":\"IDR\",\"owner_id\":\"5e943709950d7621c1d57639\",\"bank_code\":\"BCA\",\"is_closed\":true,\"external_id\":\"019ae73f-f651-72cb-a4e1-18bc1b96d2d4\",\"is_single_use\":false,\"merchant_code\":\"10766\",\"account_number\":\"107669999723297\",\"expected_amount\":402000,\"expiration_date\":\"2025-12-05T02:45:20Z\"}','2025-12-04 03:30:50',NULL,NULL),('370f2d23-1a09-439f-8c75-80eb3f234d23','PAYMENT','CALLBACK_IN','104.23.160.40','axios/1.10.0',200,'{\"content-length\":[\"460\"],\"x-forwarded-proto\":[\"https\"],\"cf-visitor\":[\"{\\\"scheme\\\":\\\"https\\\"}\"],\"cf-ipcountry\":[\"US\"],\"cf-connecting-ip\":[\"52.89.130.89\"],\"cdn-loop\":[\"cloudflare; loops=1\"],\"accept\":[\"application\\/json, text\\/plain, *\\/*\"],\"connection\":[\"Keep-Alive\"],\"webhook-id\":[\"ec5b8522-e30d-4d6d-878d-0f2954086f6f\"],\"host\":[\"cms-sarinah2025.unictive.net\"],\"cf-ray\":[\"9a87e0dd7c6d9314-PDX\"],\"user-agent\":[\"axios\\/1.10.0\"],\"accept-encoding\":[\"gzip, br\"],\"x-callback-token\":[\"2a83d0f21d839d93cf80bfa835a3abf99257569bfa8872b547e43ead16b21c92\"],\"content-type\":[\"application\\/json\"],\"x-forwarded-for\":[\"52.89.130.89\"]}','{\"id\":\"3dd5d5db-d76f-4ead-b47a-513f747da044\",\"name\":\"John Doe\",\"status\":\"ACTIVE\",\"country\":\"ID\",\"created\":\"2025-12-04T02:14:10.648Z\",\"updated\":\"2025-12-04T02:14:10.648Z\",\"currency\":\"IDR\",\"owner_id\":\"5e943709950d7621c1d57639\",\"bank_code\":\"BCA\",\"is_closed\":true,\"external_id\":\"019ae723-6dd3-730b-91b6-06c156ea1275\",\"is_single_use\":false,\"merchant_code\":\"10766\",\"account_number\":\"107669999501683\",\"expected_amount\":452000,\"expiration_date\":\"2025-12-05T02:14:10Z\"}','2025-12-04 02:29:50',NULL,NULL),('389e3b8c-609f-4701-84dd-f5776cf486b3','PAYMENT','CALLBACK_IN','172.68.174.197','axios/1.10.0',200,'{\"content-length\":[\"460\"],\"x-forwarded-proto\":[\"https\"],\"cf-visitor\":[\"{\\\"scheme\\\":\\\"https\\\"}\"],\"cf-ipcountry\":[\"US\"],\"cf-connecting-ip\":[\"52.89.130.89\"],\"cdn-loop\":[\"cloudflare; loops=1\"],\"accept\":[\"application\\/json, text\\/plain, *\\/*\"],\"connection\":[\"Keep-Alive\"],\"webhook-id\":[\"4bcdf1fa-abad-46df-8c67-f1c1dc56672e\"],\"host\":[\"cms-sarinah2025.unictive.net\"],\"cf-ray\":[\"9a8819f83816abbf-PDX\"],\"user-agent\":[\"axios\\/1.10.0\"],\"accept-encoding\":[\"gzip, br\"],\"x-callback-token\":[\"2a83d0f21d839d93cf80bfa835a3abf99257569bfa8872b547e43ead16b21c92\"],\"content-type\":[\"application\\/json\"],\"x-forwarded-for\":[\"52.89.130.89\"]}','{\"id\":\"ee58d057-7654-4787-a948-ab69a664795f\",\"name\":\"John Doe\",\"status\":\"ACTIVE\",\"country\":\"ID\",\"created\":\"2025-12-04T02:23:32.858Z\",\"updated\":\"2025-12-04T02:23:32.858Z\",\"currency\":\"IDR\",\"owner_id\":\"5e943709950d7621c1d57639\",\"bank_code\":\"BCA\",\"is_closed\":true,\"external_id\":\"019ae72b-fdf6-7003-b79c-cd9419ff9121\",\"is_single_use\":false,\"merchant_code\":\"10766\",\"account_number\":\"107669999147633\",\"expected_amount\":402000,\"expiration_date\":\"2025-12-05T02:23:31Z\"}','2025-12-04 03:08:49',NULL,NULL),('39ebb658-d643-4930-b3fa-892ab5de7885','PAYMENT','CALLBACK_IN','172.68.174.197','axios/1.10.0',200,'{\"content-length\":[\"467\"],\"x-forwarded-proto\":[\"https\"],\"cf-visitor\":[\"{\\\"scheme\\\":\\\"https\\\"}\"],\"cf-ipcountry\":[\"US\"],\"cf-connecting-ip\":[\"52.89.130.89\"],\"cdn-loop\":[\"cloudflare; loops=1\"],\"accept\":[\"application\\/json, text\\/plain, *\\/*\"],\"connection\":[\"Keep-Alive\"],\"webhook-id\":[\"dc754b3d-3c48-4d94-a62b-7622672b887d\"],\"host\":[\"cms-sarinah2025.unictive.net\"],\"cf-ray\":[\"9a5b3da26bdfff01-PDX\"],\"user-agent\":[\"axios\\/1.10.0\"],\"accept-encoding\":[\"gzip, br\"],\"x-callback-token\":[\"2a83d0f21d839d93cf80bfa835a3abf99257569bfa8872b547e43ead16b21c92\"],\"content-type\":[\"application\\/json\"],\"x-forwarded-for\":[\"52.89.130.89\"]}','{\"id\":\"dfca022c-ceb5-4497-b8e6-4e91834dbbdf\",\"name\":\"XDT-Eplas Insto\",\"status\":\"ACTIVE\",\"country\":\"ID\",\"created\":\"2025-11-28T04:27:57.992Z\",\"updated\":\"2025-11-28T04:27:57.992Z\",\"currency\":\"IDR\",\"owner_id\":\"5e943709950d7621c1d57639\",\"bank_code\":\"BNI\",\"is_closed\":true,\"external_id\":\"019ac8b7-c32e-73d0-9128-fe4bf3d37242\",\"is_single_use\":false,\"merchant_code\":\"8808\",\"account_number\":\"8808999990811188\",\"expected_amount\":600000,\"expiration_date\":\"2025-11-29T04:27:57Z\"}','2025-11-28 16:28:51',NULL,NULL),('3a9c6cb9-d9b1-44b7-9b5d-43d6ae073613','PAYMENT','CALLBACK_IN','172.68.174.197','axios/1.10.0',200,'{\"content-length\":[\"460\"],\"x-forwarded-proto\":[\"https\"],\"cf-visitor\":[\"{\\\"scheme\\\":\\\"https\\\"}\"],\"cf-ipcountry\":[\"US\"],\"cf-connecting-ip\":[\"52.89.130.89\"],\"cdn-loop\":[\"cloudflare; loops=1\"],\"accept\":[\"application\\/json, text\\/plain, *\\/*\"],\"connection\":[\"Keep-Alive\"],\"webhook-id\":[\"ec5b8522-e30d-4d6d-878d-0f2954086f6f\"],\"host\":[\"cms-sarinah2025.unictive.net\"],\"cf-ray\":[\"9a880cd3c844a32d-PDX\"],\"user-agent\":[\"axios\\/1.10.0\"],\"accept-encoding\":[\"gzip, br\"],\"x-callback-token\":[\"2a83d0f21d839d93cf80bfa835a3abf99257569bfa8872b547e43ead16b21c92\"],\"content-type\":[\"application\\/json\"],\"x-forwarded-for\":[\"52.89.130.89\"]}','{\"id\":\"3dd5d5db-d76f-4ead-b47a-513f747da044\",\"name\":\"John Doe\",\"status\":\"ACTIVE\",\"country\":\"ID\",\"created\":\"2025-12-04T02:14:10.648Z\",\"updated\":\"2025-12-04T02:14:10.648Z\",\"currency\":\"IDR\",\"owner_id\":\"5e943709950d7621c1d57639\",\"bank_code\":\"BCA\",\"is_closed\":true,\"external_id\":\"019ae723-6dd3-730b-91b6-06c156ea1275\",\"is_single_use\":false,\"merchant_code\":\"10766\",\"account_number\":\"107669999501683\",\"expected_amount\":452000,\"expiration_date\":\"2025-12-05T02:14:10Z\"}','2025-12-04 02:59:51',NULL,NULL),('40501da7-8405-44d6-86ae-e6e9b7f5d51c','PAYMENT','CALLBACK_IN','104.23.160.41','axios/1.10.0',200,'{\"content-length\":[\"458\"],\"x-forwarded-proto\":[\"https\"],\"cf-visitor\":[\"{\\\"scheme\\\":\\\"https\\\"}\"],\"cf-ipcountry\":[\"US\"],\"cf-connecting-ip\":[\"52.89.130.89\"],\"cdn-loop\":[\"cloudflare; loops=1\"],\"accept\":[\"application\\/json, text\\/plain, *\\/*\"],\"connection\":[\"Keep-Alive\"],\"webhook-id\":[\"1bb2e621-864c-44e0-8b91-b028793bc2f4\"],\"host\":[\"cms-sarinah2025.unictive.net\"],\"cf-ray\":[\"9a8235caeca9d106-PDX\"],\"user-agent\":[\"axios\\/1.10.0\"],\"accept-encoding\":[\"gzip, br\"],\"x-callback-token\":[\"2a83d0f21d839d93cf80bfa835a3abf99257569bfa8872b547e43ead16b21c92\"],\"content-type\":[\"application\\/json\"],\"x-forwarded-for\":[\"52.89.130.89\"]}','{\"account_number\":\"107669999894704\",\"bank_code\":\"BCA\",\"country\":\"ID\",\"created\":\"2025-12-03T09:59:13.232Z\",\"currency\":\"IDR\",\"expected_amount\":12102000,\"expiration_date\":\"2025-12-04T09:59:13Z\",\"external_id\":\"019ae3a6-d5f1-72a4-adf5-cad9dfac8ed6\",\"id\":\"b2fb24e5-354a-4161-8826-63043a7eeaa2\",\"is_closed\":true,\"is_single_use\":false,\"merchant_code\":\"10766\",\"name\":\"Zone\",\"owner_id\":\"5e943709950d7621c1d57639\",\"status\":\"ACTIVE\",\"updated\":\"2025-12-03T09:59:13.232Z\"}','2025-12-03 09:59:14',NULL,NULL),('4246fa4c-a957-4f5f-bb4e-10b64aab4c4c','PAYMENT','CALLBACK_IN','104.23.160.40','axios/1.10.0',200,'{\"content-length\":[\"462\"],\"x-forwarded-proto\":[\"https\"],\"cf-visitor\":[\"{\\\"scheme\\\":\\\"https\\\"}\"],\"cf-ipcountry\":[\"US\"],\"cf-connecting-ip\":[\"52.89.130.89\"],\"cdn-loop\":[\"cloudflare; loops=1\"],\"accept\":[\"application\\/json, text\\/plain, *\\/*\"],\"connection\":[\"Keep-Alive\"],\"webhook-id\":[\"ef8e4ea2-5816-48b4-8769-1da78fa55993\"],\"host\":[\"cms-sarinah2025.unictive.net\"],\"cf-ray\":[\"9a88374d889f5509-PDX\"],\"user-agent\":[\"axios\\/1.10.0\"],\"accept-encoding\":[\"gzip, br\"],\"x-callback-token\":[\"2a83d0f21d839d93cf80bfa835a3abf99257569bfa8872b547e43ead16b21c92\"],\"content-type\":[\"application\\/json\"],\"x-forwarded-for\":[\"52.89.130.89\"]}','{\"id\":\"fd12d46c-6fca-4424-8011-9d98b657cd9a\",\"name\":\"Zone Users\",\"status\":\"ACTIVE\",\"country\":\"ID\",\"created\":\"2025-12-04T02:42:54.494Z\",\"updated\":\"2025-12-04T02:42:54.494Z\",\"currency\":\"IDR\",\"owner_id\":\"5e943709950d7621c1d57639\",\"bank_code\":\"BCA\",\"is_closed\":true,\"external_id\":\"019ae73d-bc0a-7281-8a25-371f82d8c366\",\"is_single_use\":false,\"merchant_code\":\"10766\",\"account_number\":\"107669999933655\",\"expected_amount\":457000,\"expiration_date\":\"2025-12-05T02:42:54Z\"}','2025-12-04 03:28:51',NULL,NULL),('46eda770-aa49-4c42-8169-d8239d6deb97','PAYMENT','CALLBACK_IN','104.23.160.40','axios/1.10.0',200,'{\"content-length\":[\"462\"],\"x-forwarded-proto\":[\"https\"],\"cf-visitor\":[\"{\\\"scheme\\\":\\\"https\\\"}\"],\"cf-ipcountry\":[\"US\"],\"cf-connecting-ip\":[\"52.89.130.89\"],\"cdn-loop\":[\"cloudflare; loops=1\"],\"accept\":[\"application\\/json, text\\/plain, *\\/*\"],\"connection\":[\"Keep-Alive\"],\"webhook-id\":[\"ef8e4ea2-5816-48b4-8769-1da78fa55993\"],\"host\":[\"cms-sarinah2025.unictive.net\"],\"cf-ray\":[\"9a880b567f30e6e0-PDX\"],\"user-agent\":[\"axios\\/1.10.0\"],\"accept-encoding\":[\"gzip, br\"],\"x-callback-token\":[\"2a83d0f21d839d93cf80bfa835a3abf99257569bfa8872b547e43ead16b21c92\"],\"content-type\":[\"application\\/json\"],\"x-forwarded-for\":[\"52.89.130.89\"]}','{\"id\":\"fd12d46c-6fca-4424-8011-9d98b657cd9a\",\"name\":\"Zone Users\",\"status\":\"ACTIVE\",\"country\":\"ID\",\"created\":\"2025-12-04T02:42:54.494Z\",\"updated\":\"2025-12-04T02:42:54.494Z\",\"currency\":\"IDR\",\"owner_id\":\"5e943709950d7621c1d57639\",\"bank_code\":\"BCA\",\"is_closed\":true,\"external_id\":\"019ae73d-bc0a-7281-8a25-371f82d8c366\",\"is_single_use\":false,\"merchant_code\":\"10766\",\"account_number\":\"107669999933655\",\"expected_amount\":457000,\"expiration_date\":\"2025-12-05T02:42:54Z\"}','2025-12-04 02:58:50',NULL,NULL),('50582eaa-401b-46ea-9f2c-55c657618cb0','PAYMENT','CALLBACK_IN','172.68.174.197','axios/1.10.0',200,'{\"content-length\":[\"460\"],\"x-forwarded-proto\":[\"https\"],\"cf-visitor\":[\"{\\\"scheme\\\":\\\"https\\\"}\"],\"cf-ipcountry\":[\"US\"],\"cf-connecting-ip\":[\"52.89.130.89\"],\"cdn-loop\":[\"cloudflare; loops=1\"],\"accept\":[\"application\\/json, text\\/plain, *\\/*\"],\"connection\":[\"Keep-Alive\"],\"webhook-id\":[\"7cd0773c-386b-413a-a33b-15c2465f211b\"],\"host\":[\"cms-sarinah2025.unictive.net\"],\"cf-ray\":[\"9a87efb33d1e8e12-PDX\"],\"user-agent\":[\"axios\\/1.10.0\"],\"accept-encoding\":[\"gzip, br\"],\"x-callback-token\":[\"2a83d0f21d839d93cf80bfa835a3abf99257569bfa8872b547e43ead16b21c92\"],\"content-type\":[\"application\\/json\"],\"x-forwarded-for\":[\"52.89.130.89\"]}','{\"account_number\":\"107669999995273\",\"bank_code\":\"BCA\",\"country\":\"ID\",\"created\":\"2025-12-04T02:39:56.92Z\",\"currency\":\"IDR\",\"expected_amount\":452000,\"expiration_date\":\"2025-12-05T02:39:56Z\",\"external_id\":\"019ae73b-0666-70b7-9859-6ea10678233f\",\"id\":\"e163fc63-af3d-40c6-8300-1b4dac816caa\",\"is_closed\":true,\"is_single_use\":false,\"merchant_code\":\"10766\",\"name\":\"Zone Users\",\"owner_id\":\"5e943709950d7621c1d57639\",\"status\":\"ACTIVE\",\"updated\":\"2025-12-04T02:39:56.92Z\"}','2025-12-04 02:39:58',NULL,NULL),('59888929-ec89-4998-bf12-490d404ab908','PAYMENT','CALLBACK_IN','172.68.174.196','axios/1.10.0',200,'{\"content-length\":[\"460\"],\"x-forwarded-proto\":[\"https\"],\"cf-visitor\":[\"{\\\"scheme\\\":\\\"https\\\"}\"],\"cf-ipcountry\":[\"US\"],\"cf-connecting-ip\":[\"52.89.130.89\"],\"cdn-loop\":[\"cloudflare; loops=1\"],\"accept\":[\"application\\/json, text\\/plain, *\\/*\"],\"connection\":[\"Keep-Alive\"],\"webhook-id\":[\"a82e4c47-764f-45fe-8a91-85f22faa78d0\"],\"host\":[\"cms-sarinah2025.unictive.net\"],\"cf-ray\":[\"9a723580bb79b338-PDX\"],\"user-agent\":[\"axios\\/1.10.0\"],\"accept-encoding\":[\"gzip, br\"],\"x-callback-token\":[\"2a83d0f21d839d93cf80bfa835a3abf99257569bfa8872b547e43ead16b21c92\"],\"content-type\":[\"application\\/json\"],\"x-forwarded-for\":[\"52.89.130.89\"]}','{\"id\":\"cd5386d9-e995-463a-a372-fcd48b945e8f\",\"name\":\"John Doe\",\"status\":\"ACTIVE\",\"country\":\"ID\",\"created\":\"2025-12-01T08:22:29.501Z\",\"updated\":\"2025-12-01T08:22:29.501Z\",\"currency\":\"IDR\",\"owner_id\":\"5e943709950d7621c1d57639\",\"bank_code\":\"BCA\",\"is_closed\":true,\"external_id\":\"019ad901-8bba-700d-8238-72b3d0ca8951\",\"is_single_use\":false,\"merchant_code\":\"10766\",\"account_number\":\"107669999938923\",\"expected_amount\":852000,\"expiration_date\":\"2025-12-02T08:22:28Z\"}','2025-12-01 11:22:50',NULL,NULL),('5b9cc257-8f2c-43bc-8349-e7f5c45ce123','PAYMENT','CALLBACK_IN','104.23.160.41','axios/1.10.0',200,'{\"content-length\":[\"460\"],\"x-forwarded-proto\":[\"https\"],\"cf-visitor\":[\"{\\\"scheme\\\":\\\"https\\\"}\"],\"cf-ipcountry\":[\"US\"],\"cf-connecting-ip\":[\"52.89.130.89\"],\"cdn-loop\":[\"cloudflare; loops=1\"],\"accept\":[\"application\\/json, text\\/plain, *\\/*\"],\"connection\":[\"Keep-Alive\"],\"webhook-id\":[\"cd91b760-8654-4a64-8710-5a75e5e561b6\"],\"host\":[\"cms-sarinah2025.unictive.net\"],\"cf-ray\":[\"9a87c47eefbd97a5-PDX\"],\"user-agent\":[\"axios\\/1.10.0\"],\"accept-encoding\":[\"gzip, br\"],\"x-callback-token\":[\"2a83d0f21d839d93cf80bfa835a3abf99257569bfa8872b547e43ead16b21c92\"],\"content-type\":[\"application\\/json\"],\"x-forwarded-for\":[\"52.89.130.89\"]}','{\"account_number\":\"107669999606480\",\"bank_code\":\"BCA\",\"country\":\"ID\",\"created\":\"2025-12-04T02:10:26.856Z\",\"currency\":\"IDR\",\"expected_amount\":202000,\"expiration_date\":\"2025-12-05T02:10:26Z\",\"external_id\":\"019ae720-03c5-7371-99b9-3a15f46a0044\",\"id\":\"e352f1f2-b849-4fb0-bfb3-f1c0dea5fde4\",\"is_closed\":true,\"is_single_use\":false,\"merchant_code\":\"10766\",\"name\":\"John Doe\",\"owner_id\":\"5e943709950d7621c1d57639\",\"status\":\"ACTIVE\",\"updated\":\"2025-12-04T02:10:26.856Z\"}','2025-12-04 02:10:28',NULL,NULL),('5f4853a8-8ef1-4d49-bf50-47a1bcec410f','PAYMENT','CALLBACK_IN','172.68.174.197','axios/1.10.0',200,'{\"content-length\":[\"467\"],\"x-forwarded-proto\":[\"https\"],\"cf-visitor\":[\"{\\\"scheme\\\":\\\"https\\\"}\"],\"cf-ipcountry\":[\"US\"],\"cf-connecting-ip\":[\"52.89.130.89\"],\"cdn-loop\":[\"cloudflare; loops=1\"],\"accept\":[\"application\\/json, text\\/plain, *\\/*\"],\"connection\":[\"Keep-Alive\"],\"webhook-id\":[\"efb72f7f-39db-48e1-9e31-9310d4489d53\"],\"host\":[\"cms-sarinah2025.unictive.net\"],\"cf-ray\":[\"9a5913ed8dda5ec3-PDX\"],\"user-agent\":[\"axios\\/1.10.0\"],\"accept-encoding\":[\"gzip, br\"],\"x-callback-token\":[\"2a83d0f21d839d93cf80bfa835a3abf99257569bfa8872b547e43ead16b21c92\"],\"content-type\":[\"application\\/json\"],\"x-forwarded-for\":[\"52.89.130.89\"]}','{\"id\":\"e1df72d0-be4a-49bc-8519-f147b114bda8\",\"name\":\"XDT-Eplas Insto\",\"status\":\"ACTIVE\",\"country\":\"ID\",\"created\":\"2025-11-28T04:10:07.138Z\",\"updated\":\"2025-11-28T04:10:07.138Z\",\"currency\":\"IDR\",\"owner_id\":\"5e943709950d7621c1d57639\",\"bank_code\":\"BNI\",\"is_closed\":true,\"external_id\":\"019ac8a7-6b8e-7308-9c48-b3bdd9e34f37\",\"is_single_use\":false,\"merchant_code\":\"8808\",\"account_number\":\"8808999917438779\",\"expected_amount\":600000,\"expiration_date\":\"2025-11-29T04:10:06Z\"}','2025-11-28 10:10:51',NULL,NULL),('5f719fb0-52f9-43ce-819f-422ee9285c81','PAYMENT','CALLBACK_IN','172.68.174.196','axios/1.10.0',200,'{\"content-length\":[\"467\"],\"x-forwarded-proto\":[\"https\"],\"cf-visitor\":[\"{\\\"scheme\\\":\\\"https\\\"}\"],\"cf-ipcountry\":[\"US\"],\"cf-connecting-ip\":[\"52.89.130.89\"],\"cdn-loop\":[\"cloudflare; loops=1\"],\"accept\":[\"application\\/json, text\\/plain, *\\/*\"],\"connection\":[\"Keep-Alive\"],\"webhook-id\":[\"efb72f7f-39db-48e1-9e31-9310d4489d53\"],\"host\":[\"cms-sarinah2025.unictive.net\"],\"cf-ray\":[\"9a580c3d09f1fef0-PDX\"],\"user-agent\":[\"axios\\/1.10.0\"],\"accept-encoding\":[\"gzip, br\"],\"x-callback-token\":[\"2a83d0f21d839d93cf80bfa835a3abf99257569bfa8872b547e43ead16b21c92\"],\"content-type\":[\"application\\/json\"],\"x-forwarded-for\":[\"52.89.130.89\"]}','{\"id\":\"e1df72d0-be4a-49bc-8519-f147b114bda8\",\"name\":\"XDT-Eplas Insto\",\"status\":\"ACTIVE\",\"country\":\"ID\",\"created\":\"2025-11-28T04:10:07.138Z\",\"updated\":\"2025-11-28T04:10:07.138Z\",\"currency\":\"IDR\",\"owner_id\":\"5e943709950d7621c1d57639\",\"bank_code\":\"BNI\",\"is_closed\":true,\"external_id\":\"019ac8a7-6b8e-7308-9c48-b3bdd9e34f37\",\"is_single_use\":false,\"merchant_code\":\"8808\",\"account_number\":\"8808999917438779\",\"expected_amount\":600000,\"expiration_date\":\"2025-11-29T04:10:06Z\"}','2025-11-28 07:10:50',NULL,NULL),('602bdf3f-3cfa-4d2b-838a-23d611fa7094','PAYMENT','CALLBACK_IN','104.23.160.41','axios/1.10.0',200,'{\"content-length\":[\"461\"],\"x-forwarded-proto\":[\"https\"],\"cf-visitor\":[\"{\\\"scheme\\\":\\\"https\\\"}\"],\"cf-ipcountry\":[\"US\"],\"cf-connecting-ip\":[\"52.89.130.89\"],\"cdn-loop\":[\"cloudflare; loops=1\"],\"accept\":[\"application\\/json, text\\/plain, *\\/*\"],\"connection\":[\"Keep-Alive\"],\"webhook-id\":[\"def334ed-d825-4dfd-bf62-1f4ec9ef6a07\"],\"host\":[\"cms-sarinah2025.unictive.net\"],\"cf-ray\":[\"9a7008de684d147f-PDX\"],\"user-agent\":[\"axios\\/1.10.0\"],\"accept-encoding\":[\"gzip, br\"],\"x-callback-token\":[\"2a83d0f21d839d93cf80bfa835a3abf99257569bfa8872b547e43ead16b21c92\"],\"content-type\":[\"application\\/json\"],\"x-forwarded-for\":[\"52.89.130.89\"]}','{\"id\":\"d0a80cf3-ed9d-47ac-89a4-676066d76281\",\"name\":\"John Doe\",\"status\":\"ACTIVE\",\"country\":\"ID\",\"created\":\"2025-12-01T03:01:59.922Z\",\"updated\":\"2025-12-01T03:01:59.922Z\",\"currency\":\"IDR\",\"owner_id\":\"5e943709950d7621c1d57639\",\"bank_code\":\"BCA\",\"is_closed\":true,\"external_id\":\"019ad7dc-21ed-716b-ab53-b2dcedf8273c\",\"is_single_use\":false,\"merchant_code\":\"10766\",\"account_number\":\"107669999834321\",\"expected_amount\":4277000,\"expiration_date\":\"2025-12-02T03:01:59Z\"}','2025-12-01 05:02:51',NULL,NULL),('63c376ba-9af7-4138-af40-f2bd21c23a52','PAYMENT','CALLBACK_IN','172.68.174.197','axios/1.10.0',200,'{\"content-length\":[\"462\"],\"x-forwarded-proto\":[\"https\"],\"cf-visitor\":[\"{\\\"scheme\\\":\\\"https\\\"}\"],\"cf-ipcountry\":[\"US\"],\"cf-connecting-ip\":[\"52.89.130.89\"],\"cdn-loop\":[\"cloudflare; loops=1\"],\"accept\":[\"application\\/json, text\\/plain, *\\/*\"],\"connection\":[\"Keep-Alive\"],\"webhook-id\":[\"4e0ad104-6801-4dd8-ae18-66f8acd6d3f6\"],\"host\":[\"cms-sarinah2025.unictive.net\"],\"cf-ray\":[\"9a880e5b7dbd5ec6-PDX\"],\"user-agent\":[\"axios\\/1.10.0\"],\"accept-encoding\":[\"gzip, br\"],\"x-callback-token\":[\"2a83d0f21d839d93cf80bfa835a3abf99257569bfa8872b547e43ead16b21c92\"],\"content-type\":[\"application\\/json\"],\"x-forwarded-for\":[\"52.89.130.89\"]}','{\"id\":\"acce0ebe-9e95-475c-8551-cd5598d6a667\",\"name\":\"Zone Users\",\"status\":\"ACTIVE\",\"country\":\"ID\",\"created\":\"2025-12-04T02:45:21.489Z\",\"updated\":\"2025-12-04T02:45:21.489Z\",\"currency\":\"IDR\",\"owner_id\":\"5e943709950d7621c1d57639\",\"bank_code\":\"BCA\",\"is_closed\":true,\"external_id\":\"019ae73f-f651-72cb-a4e1-18bc1b96d2d4\",\"is_single_use\":false,\"merchant_code\":\"10766\",\"account_number\":\"107669999723297\",\"expected_amount\":402000,\"expiration_date\":\"2025-12-05T02:45:20Z\"}','2025-12-04 03:00:53',NULL,NULL),('685f9663-835c-46e8-8ad2-13d88d7306cf','PAYMENT','CALLBACK_IN','172.68.174.196','axios/1.10.0',200,'{\"content-length\":[\"461\"],\"x-forwarded-proto\":[\"https\"],\"cf-visitor\":[\"{\\\"scheme\\\":\\\"https\\\"}\"],\"cf-ipcountry\":[\"US\"],\"cf-connecting-ip\":[\"52.89.130.89\"],\"cdn-loop\":[\"cloudflare; loops=1\"],\"accept\":[\"application\\/json, text\\/plain, *\\/*\"],\"connection\":[\"Keep-Alive\"],\"webhook-id\":[\"1c0bdd48-a888-403e-8a3b-7a1962206000\"],\"host\":[\"cms-sarinah2025.unictive.net\"],\"cf-ray\":[\"9a7156e468205012-PDX\"],\"user-agent\":[\"axios\\/1.10.0\"],\"accept-encoding\":[\"gzip, br\"],\"x-callback-token\":[\"2a83d0f21d839d93cf80bfa835a3abf99257569bfa8872b547e43ead16b21c92\"],\"content-type\":[\"application\\/json\"],\"x-forwarded-for\":[\"52.89.130.89\"]}','{\"id\":\"e6a29db1-9bc2-4ff3-a7fb-4516bfc66830\",\"name\":\"John Doe\",\"status\":\"ACTIVE\",\"country\":\"ID\",\"created\":\"2025-12-01T02:50:24.289Z\",\"updated\":\"2025-12-01T02:50:24.289Z\",\"currency\":\"IDR\",\"owner_id\":\"5e943709950d7621c1d57639\",\"bank_code\":\"BCA\",\"is_closed\":true,\"external_id\":\"019ad7d1-84c1-700c-a77f-42f55324ccdb\",\"is_single_use\":false,\"merchant_code\":\"10766\",\"account_number\":\"107669999623976\",\"expected_amount\":4275000,\"expiration_date\":\"2025-12-02T02:50:23Z\"}','2025-12-01 08:50:52',NULL,NULL),('69799ab1-5522-4f3f-b0ed-dc12953dddd5','PAYMENT','CALLBACK_IN','172.68.174.197','axios/1.10.0',200,'{\"content-length\":[\"461\"],\"x-forwarded-proto\":[\"https\"],\"cf-visitor\":[\"{\\\"scheme\\\":\\\"https\\\"}\"],\"cf-ipcountry\":[\"US\"],\"cf-connecting-ip\":[\"52.89.130.89\"],\"cdn-loop\":[\"cloudflare; loops=1\"],\"accept\":[\"application\\/json, text\\/plain, *\\/*\"],\"connection\":[\"Keep-Alive\"],\"webhook-id\":[\"1c0bdd48-a888-403e-8a3b-7a1962206000\"],\"host\":[\"cms-sarinah2025.unictive.net\"],\"cf-ray\":[\"9a704f32694e87ab-PDX\"],\"user-agent\":[\"axios\\/1.10.0\"],\"accept-encoding\":[\"gzip, br\"],\"x-callback-token\":[\"2a83d0f21d839d93cf80bfa835a3abf99257569bfa8872b547e43ead16b21c92\"],\"content-type\":[\"application\\/json\"],\"x-forwarded-for\":[\"52.89.130.89\"]}','{\"id\":\"e6a29db1-9bc2-4ff3-a7fb-4516bfc66830\",\"name\":\"John Doe\",\"status\":\"ACTIVE\",\"country\":\"ID\",\"created\":\"2025-12-01T02:50:24.289Z\",\"updated\":\"2025-12-01T02:50:24.289Z\",\"currency\":\"IDR\",\"owner_id\":\"5e943709950d7621c1d57639\",\"bank_code\":\"BCA\",\"is_closed\":true,\"external_id\":\"019ad7d1-84c1-700c-a77f-42f55324ccdb\",\"is_single_use\":false,\"merchant_code\":\"10766\",\"account_number\":\"107669999623976\",\"expected_amount\":4275000,\"expiration_date\":\"2025-12-02T02:50:23Z\"}','2025-12-01 05:50:51',NULL,NULL),('6a3cb380-d121-4d8a-912d-b0f907fdd1ca','PAYMENT','CALLBACK_IN','172.68.174.196','axios/1.10.0',200,'{\"content-length\":[\"461\"],\"x-forwarded-proto\":[\"https\"],\"cf-visitor\":[\"{\\\"scheme\\\":\\\"https\\\"}\"],\"cf-ipcountry\":[\"US\"],\"cf-connecting-ip\":[\"52.89.130.89\"],\"cdn-loop\":[\"cloudflare; loops=1\"],\"accept\":[\"application\\/json, text\\/plain, *\\/*\"],\"connection\":[\"Keep-Alive\"],\"webhook-id\":[\"1c0bdd48-a888-403e-8a3b-7a1962206000\"],\"host\":[\"cms-sarinah2025.unictive.net\"],\"cf-ray\":[\"9a6f89725ff169d7-PDX\"],\"user-agent\":[\"axios\\/1.10.0\"],\"accept-encoding\":[\"gzip, br\"],\"x-callback-token\":[\"2a83d0f21d839d93cf80bfa835a3abf99257569bfa8872b547e43ead16b21c92\"],\"content-type\":[\"application\\/json\"],\"x-forwarded-for\":[\"52.89.130.89\"]}','{\"id\":\"e6a29db1-9bc2-4ff3-a7fb-4516bfc66830\",\"name\":\"John Doe\",\"status\":\"ACTIVE\",\"country\":\"ID\",\"created\":\"2025-12-01T02:50:24.289Z\",\"updated\":\"2025-12-01T02:50:24.289Z\",\"currency\":\"IDR\",\"owner_id\":\"5e943709950d7621c1d57639\",\"bank_code\":\"BCA\",\"is_closed\":true,\"external_id\":\"019ad7d1-84c1-700c-a77f-42f55324ccdb\",\"is_single_use\":false,\"merchant_code\":\"10766\",\"account_number\":\"107669999623976\",\"expected_amount\":4275000,\"expiration_date\":\"2025-12-02T02:50:23Z\"}','2025-12-01 03:35:51',NULL,NULL),('6c5f82d7-9893-416b-a3a6-a0ac3e16b7ac','PAYMENT','CALLBACK_IN','104.23.160.41','axios/1.10.0',200,'{\"content-length\":[\"467\"],\"x-forwarded-proto\":[\"https\"],\"cf-visitor\":[\"{\\\"scheme\\\":\\\"https\\\"}\"],\"cf-ipcountry\":[\"US\"],\"cf-connecting-ip\":[\"52.89.130.89\"],\"cdn-loop\":[\"cloudflare; loops=1\"],\"accept\":[\"application\\/json, text\\/plain, *\\/*\"],\"connection\":[\"Keep-Alive\"],\"webhook-id\":[\"dc754b3d-3c48-4d94-a62b-7622672b887d\"],\"host\":[\"cms-sarinah2025.unictive.net\"],\"cf-ray\":[\"9a57ceb7bd0d3d49-PDX\"],\"user-agent\":[\"axios\\/1.10.0\"],\"accept-encoding\":[\"gzip, br\"],\"x-callback-token\":[\"2a83d0f21d839d93cf80bfa835a3abf99257569bfa8872b547e43ead16b21c92\"],\"content-type\":[\"application\\/json\"],\"x-forwarded-for\":[\"52.89.130.89\"]}','{\"id\":\"dfca022c-ceb5-4497-b8e6-4e91834dbbdf\",\"name\":\"XDT-Eplas Insto\",\"status\":\"ACTIVE\",\"country\":\"ID\",\"created\":\"2025-11-28T04:27:57.992Z\",\"updated\":\"2025-11-28T04:27:57.992Z\",\"currency\":\"IDR\",\"owner_id\":\"5e943709950d7621c1d57639\",\"bank_code\":\"BNI\",\"is_closed\":true,\"external_id\":\"019ac8b7-c32e-73d0-9128-fe4bf3d37242\",\"is_single_use\":false,\"merchant_code\":\"8808\",\"account_number\":\"8808999990811188\",\"expected_amount\":600000,\"expiration_date\":\"2025-11-29T04:27:57Z\"}','2025-11-28 06:28:50',NULL,NULL),('720961f3-e09a-4be7-a6d1-686b6e4ae3e4','PAYMENT','CALLBACK_IN','104.23.160.40','axios/1.10.0',200,'{\"content-length\":[\"461\"],\"x-forwarded-proto\":[\"https\"],\"cf-visitor\":[\"{\\\"scheme\\\":\\\"https\\\"}\"],\"cf-ipcountry\":[\"US\"],\"cf-connecting-ip\":[\"52.89.130.89\"],\"cdn-loop\":[\"cloudflare; loops=1\"],\"accept\":[\"application\\/json, text\\/plain, *\\/*\"],\"connection\":[\"Keep-Alive\"],\"webhook-id\":[\"def334ed-d825-4dfd-bf62-1f4ec9ef6a07\"],\"host\":[\"cms-sarinah2025.unictive.net\"],\"cf-ray\":[\"9a7377c7fe4abd22-PDX\"],\"user-agent\":[\"axios\\/1.10.0\"],\"accept-encoding\":[\"gzip, br\"],\"x-callback-token\":[\"2a83d0f21d839d93cf80bfa835a3abf99257569bfa8872b547e43ead16b21c92\"],\"content-type\":[\"application\\/json\"],\"x-forwarded-for\":[\"52.89.130.89\"]}','{\"id\":\"d0a80cf3-ed9d-47ac-89a4-676066d76281\",\"name\":\"John Doe\",\"status\":\"ACTIVE\",\"country\":\"ID\",\"created\":\"2025-12-01T03:01:59.922Z\",\"updated\":\"2025-12-01T03:01:59.922Z\",\"currency\":\"IDR\",\"owner_id\":\"5e943709950d7621c1d57639\",\"bank_code\":\"BCA\",\"is_closed\":true,\"external_id\":\"019ad7dc-21ed-716b-ab53-b2dcedf8273c\",\"is_single_use\":false,\"merchant_code\":\"10766\",\"account_number\":\"107669999834321\",\"expected_amount\":4277000,\"expiration_date\":\"2025-12-02T03:01:59Z\"}','2025-12-01 15:02:51',NULL,NULL),('74980011-7f38-4cea-b78e-7e2903df619c','PAYMENT','CALLBACK_IN','104.23.160.40','axios/1.10.0',200,'{\"content-length\":[\"467\"],\"x-forwarded-proto\":[\"https\"],\"cf-visitor\":[\"{\\\"scheme\\\":\\\"https\\\"}\"],\"cf-ipcountry\":[\"US\"],\"cf-connecting-ip\":[\"52.89.130.89\"],\"cdn-loop\":[\"cloudflare; loops=1\"],\"accept\":[\"application\\/json, text\\/plain, *\\/*\"],\"connection\":[\"Keep-Alive\"],\"webhook-id\":[\"67900e45-8465-4a6e-9345-0a50d6a33ee6\"],\"host\":[\"cms-sarinah2025.unictive.net\"],\"cf-ray\":[\"9a578fbde84e8bee-PDX\"],\"user-agent\":[\"axios\\/1.10.0\"],\"accept-encoding\":[\"gzip, br\"],\"x-callback-token\":[\"2a83d0f21d839d93cf80bfa835a3abf99257569bfa8872b547e43ead16b21c92\"],\"content-type\":[\"application\\/json\"],\"x-forwarded-for\":[\"52.89.130.89\"]}','{\"id\":\"904ae028-db0c-49e4-a000-92d62519f39c\",\"name\":\"XDT-Eplas Insto\",\"status\":\"ACTIVE\",\"country\":\"ID\",\"created\":\"2025-11-28T02:45:26.267Z\",\"updated\":\"2025-11-28T02:45:26.267Z\",\"currency\":\"IDR\",\"owner_id\":\"5e943709950d7621c1d57639\",\"bank_code\":\"BNI\",\"is_closed\":true,\"external_id\":\"019ac859-e4b2-7091-a71f-f97987cf6bab\",\"is_single_use\":false,\"merchant_code\":\"8808\",\"account_number\":\"8808999965913439\",\"expected_amount\":600000,\"expiration_date\":\"2025-11-29T02:45:25Z\"}','2025-11-28 05:45:51',NULL,NULL),('7e9fea4d-b8d2-499c-a5db-2b38fc754d2b','PAYMENT','CALLBACK_IN','104.23.160.40','axios/1.10.0',200,'{\"content-length\":[\"460\"],\"x-forwarded-proto\":[\"https\"],\"cf-visitor\":[\"{\\\"scheme\\\":\\\"https\\\"}\"],\"cf-ipcountry\":[\"US\"],\"cf-connecting-ip\":[\"52.89.130.89\"],\"cdn-loop\":[\"cloudflare; loops=1\"],\"accept\":[\"application\\/json, text\\/plain, *\\/*\"],\"connection\":[\"Keep-Alive\"],\"webhook-id\":[\"4bcdf1fa-abad-46df-8c67-f1c1dc56672e\"],\"host\":[\"cms-sarinah2025.unictive.net\"],\"cf-ray\":[\"9a87ee0f3a041319-PDX\"],\"user-agent\":[\"axios\\/1.10.0\"],\"accept-encoding\":[\"gzip, br\"],\"x-callback-token\":[\"2a83d0f21d839d93cf80bfa835a3abf99257569bfa8872b547e43ead16b21c92\"],\"content-type\":[\"application\\/json\"],\"x-forwarded-for\":[\"52.89.130.89\"]}','{\"id\":\"ee58d057-7654-4787-a948-ab69a664795f\",\"name\":\"John Doe\",\"status\":\"ACTIVE\",\"country\":\"ID\",\"created\":\"2025-12-04T02:23:32.858Z\",\"updated\":\"2025-12-04T02:23:32.858Z\",\"currency\":\"IDR\",\"owner_id\":\"5e943709950d7621c1d57639\",\"bank_code\":\"BCA\",\"is_closed\":true,\"external_id\":\"019ae72b-fdf6-7003-b79c-cd9419ff9121\",\"is_single_use\":false,\"merchant_code\":\"10766\",\"account_number\":\"107669999147633\",\"expected_amount\":402000,\"expiration_date\":\"2025-12-05T02:23:31Z\"}','2025-12-04 02:38:51',NULL,NULL),('862d08dd-145f-4c86-8421-8c25d1b0f8de','PAYMENT','CALLBACK_IN','104.23.160.40','axios/1.10.0',200,'{\"content-length\":[\"460\"],\"x-forwarded-proto\":[\"https\"],\"cf-visitor\":[\"{\\\"scheme\\\":\\\"https\\\"}\"],\"cf-ipcountry\":[\"US\"],\"cf-connecting-ip\":[\"52.89.130.89\"],\"cdn-loop\":[\"cloudflare; loops=1\"],\"accept\":[\"application\\/json, text\\/plain, *\\/*\"],\"connection\":[\"Keep-Alive\"],\"webhook-id\":[\"a82e4c47-764f-45fe-8a91-85f22faa78d0\"],\"host\":[\"cms-sarinah2025.unictive.net\"],\"cf-ray\":[\"9a712d596806fc1e-PDX\"],\"user-agent\":[\"axios\\/1.10.0\"],\"accept-encoding\":[\"gzip, br\"],\"x-callback-token\":[\"2a83d0f21d839d93cf80bfa835a3abf99257569bfa8872b547e43ead16b21c92\"],\"content-type\":[\"application\\/json\"],\"x-forwarded-for\":[\"52.89.130.89\"]}','{\"account_number\":\"107669999938923\",\"bank_code\":\"BCA\",\"country\":\"ID\",\"created\":\"2025-12-01T08:22:29.501Z\",\"currency\":\"IDR\",\"expected_amount\":852000,\"expiration_date\":\"2025-12-02T08:22:28Z\",\"external_id\":\"019ad901-8bba-700d-8238-72b3d0ca8951\",\"id\":\"cd5386d9-e995-463a-a372-fcd48b945e8f\",\"is_closed\":true,\"is_single_use\":false,\"merchant_code\":\"10766\",\"name\":\"John Doe\",\"owner_id\":\"5e943709950d7621c1d57639\",\"status\":\"ACTIVE\",\"updated\":\"2025-12-01T08:22:29.501Z\"}','2025-12-01 08:22:31',NULL,NULL),('88f94e45-58c7-42f8-9c6a-1f9b99dace34','PAYMENT','CALLBACK_IN','104.23.160.40','axios/1.10.0',200,'{\"content-length\":[\"460\"],\"x-forwarded-proto\":[\"https\"],\"cf-visitor\":[\"{\\\"scheme\\\":\\\"https\\\"}\"],\"cf-ipcountry\":[\"US\"],\"cf-connecting-ip\":[\"52.89.130.89\"],\"cdn-loop\":[\"cloudflare; loops=1\"],\"accept\":[\"application\\/json, text\\/plain, *\\/*\"],\"connection\":[\"Keep-Alive\"],\"webhook-id\":[\"cd91b760-8654-4a64-8710-5a75e5e561b6\"],\"host\":[\"cms-sarinah2025.unictive.net\"],\"cf-ray\":[\"9a87db04be63e8e9-PDX\"],\"user-agent\":[\"axios\\/1.10.0\"],\"accept-encoding\":[\"gzip, br\"],\"x-callback-token\":[\"2a83d0f21d839d93cf80bfa835a3abf99257569bfa8872b547e43ead16b21c92\"],\"content-type\":[\"application\\/json\"],\"x-forwarded-for\":[\"52.89.130.89\"]}','{\"id\":\"e352f1f2-b849-4fb0-bfb3-f1c0dea5fde4\",\"name\":\"John Doe\",\"status\":\"ACTIVE\",\"country\":\"ID\",\"created\":\"2025-12-04T02:10:26.856Z\",\"updated\":\"2025-12-04T02:10:26.856Z\",\"currency\":\"IDR\",\"owner_id\":\"5e943709950d7621c1d57639\",\"bank_code\":\"BCA\",\"is_closed\":true,\"external_id\":\"019ae720-03c5-7371-99b9-3a15f46a0044\",\"is_single_use\":false,\"merchant_code\":\"10766\",\"account_number\":\"107669999606480\",\"expected_amount\":202000,\"expiration_date\":\"2025-12-05T02:10:26Z\"}','2025-12-04 02:25:51',NULL,NULL),('8c39be99-7e03-4865-87d7-93d087351dbf','PAYMENT','CALLBACK_IN','104.23.160.40','axios/1.10.0',200,'{\"content-length\":[\"462\"],\"x-forwarded-proto\":[\"https\"],\"cf-visitor\":[\"{\\\"scheme\\\":\\\"https\\\"}\"],\"cf-ipcountry\":[\"US\"],\"cf-connecting-ip\":[\"52.89.130.89\"],\"cdn-loop\":[\"cloudflare; loops=1\"],\"accept\":[\"application\\/json, text\\/plain, *\\/*\"],\"connection\":[\"Keep-Alive\"],\"webhook-id\":[\"ab9d29b6-d6a9-45ae-bcad-537f458a1fec\"],\"host\":[\"cms-sarinah2025.unictive.net\"],\"cf-ray\":[\"9a8828a6a860147f-PDX\"],\"user-agent\":[\"axios\\/1.10.0\"],\"accept-encoding\":[\"gzip, br\"],\"x-callback-token\":[\"2a83d0f21d839d93cf80bfa835a3abf99257569bfa8872b547e43ead16b21c92\"],\"content-type\":[\"application\\/json\"],\"x-forwarded-for\":[\"52.89.130.89\"]}','{\"id\":\"4387c245-b6da-415d-9875-4fd573988795\",\"name\":\"Zone Users\",\"status\":\"ACTIVE\",\"country\":\"ID\",\"created\":\"2025-12-04T02:33:34.472Z\",\"updated\":\"2025-12-04T02:33:34.472Z\",\"currency\":\"IDR\",\"owner_id\":\"5e943709950d7621c1d57639\",\"bank_code\":\"BCA\",\"is_closed\":true,\"external_id\":\"019ae735-30a2-7007-8908-d0c802a95234\",\"is_single_use\":false,\"merchant_code\":\"10766\",\"account_number\":\"107669999817265\",\"expected_amount\":452000,\"expiration_date\":\"2025-12-05T02:33:34Z\"}','2025-12-04 03:18:50',NULL,NULL),('8f1b822d-aaf7-4934-9683-99ac70e7c2a5','PAYMENT','CALLBACK_IN','172.68.174.197','axios/1.10.0',200,'{\"content-length\":[\"458\"],\"x-forwarded-proto\":[\"https\"],\"cf-visitor\":[\"{\\\"scheme\\\":\\\"https\\\"}\"],\"cf-ipcountry\":[\"US\"],\"cf-connecting-ip\":[\"52.89.130.89\"],\"cdn-loop\":[\"cloudflare; loops=1\"],\"accept\":[\"application\\/json, text\\/plain, *\\/*\"],\"connection\":[\"Keep-Alive\"],\"webhook-id\":[\"53dee41a-344b-4c92-a32a-ee1ac2c8e91f\"],\"host\":[\"cms-sarinah2025.unictive.net\"],\"cf-ray\":[\"9a822d07ab0a1a0b-PDX\"],\"user-agent\":[\"axios\\/1.10.0\"],\"accept-encoding\":[\"gzip, br\"],\"x-callback-token\":[\"2a83d0f21d839d93cf80bfa835a3abf99257569bfa8872b547e43ead16b21c92\"],\"content-type\":[\"application\\/json\"],\"x-forwarded-for\":[\"52.89.130.89\"]}','{\"account_number\":\"107669999082738\",\"bank_code\":\"BCA\",\"country\":\"ID\",\"created\":\"2025-12-03T09:53:14.115Z\",\"currency\":\"IDR\",\"expected_amount\":11002000,\"expiration_date\":\"2025-12-04T09:53:14Z\",\"external_id\":\"019ae3a1-5b16-737b-88de-4152d0abbeb3\",\"id\":\"7424fed0-1694-461c-bac6-3e3a140908fc\",\"is_closed\":true,\"is_single_use\":false,\"merchant_code\":\"10766\",\"name\":\"Zone\",\"owner_id\":\"5e943709950d7621c1d57639\",\"status\":\"ACTIVE\",\"updated\":\"2025-12-03T09:53:14.115Z\"}','2025-12-03 09:53:15',NULL,NULL),('931264ff-420b-45d0-a795-b71e2d0ee4c3','PAYMENT','CALLBACK_IN','104.23.160.41','axios/1.10.0',200,'{\"content-length\":[\"461\"],\"x-forwarded-proto\":[\"https\"],\"cf-visitor\":[\"{\\\"scheme\\\":\\\"https\\\"}\"],\"cf-ipcountry\":[\"US\"],\"cf-connecting-ip\":[\"52.89.130.89\"],\"cdn-loop\":[\"cloudflare; loops=1\"],\"accept\":[\"application\\/json, text\\/plain, *\\/*\"],\"connection\":[\"Keep-Alive\"],\"webhook-id\":[\"1c0bdd48-a888-403e-8a3b-7a1962206000\"],\"host\":[\"cms-sarinah2025.unictive.net\"],\"cf-ray\":[\"9a6f5d8a1957b332-PDX\"],\"user-agent\":[\"axios\\/1.10.0\"],\"accept-encoding\":[\"gzip, br\"],\"x-callback-token\":[\"2a83d0f21d839d93cf80bfa835a3abf99257569bfa8872b547e43ead16b21c92\"],\"content-type\":[\"application\\/json\"],\"x-forwarded-for\":[\"52.89.130.89\"]}','{\"id\":\"e6a29db1-9bc2-4ff3-a7fb-4516bfc66830\",\"name\":\"John Doe\",\"status\":\"ACTIVE\",\"country\":\"ID\",\"created\":\"2025-12-01T02:50:24.289Z\",\"updated\":\"2025-12-01T02:50:24.289Z\",\"currency\":\"IDR\",\"owner_id\":\"5e943709950d7621c1d57639\",\"bank_code\":\"BCA\",\"is_closed\":true,\"external_id\":\"019ad7d1-84c1-700c-a77f-42f55324ccdb\",\"is_single_use\":false,\"merchant_code\":\"10766\",\"account_number\":\"107669999623976\",\"expected_amount\":4275000,\"expiration_date\":\"2025-12-02T02:50:23Z\"}','2025-12-01 03:05:53',NULL,NULL),('93d1b74a-d4f0-4e48-be24-7539d2717bec','PAYMENT','CALLBACK_IN','104.23.160.41','axios/1.10.0',200,'{\"content-length\":[\"462\"],\"x-forwarded-proto\":[\"https\"],\"cf-visitor\":[\"{\\\"scheme\\\":\\\"https\\\"}\"],\"cf-ipcountry\":[\"US\"],\"cf-connecting-ip\":[\"52.89.130.89\"],\"cdn-loop\":[\"cloudflare; loops=1\"],\"accept\":[\"application\\/json, text\\/plain, *\\/*\"],\"connection\":[\"Keep-Alive\"],\"webhook-id\":[\"ab9d29b6-d6a9-45ae-bcad-537f458a1fec\"],\"host\":[\"cms-sarinah2025.unictive.net\"],\"cf-ray\":[\"9a87e65dac9cbd22-PDX\"],\"user-agent\":[\"axios\\/1.10.0\"],\"accept-encoding\":[\"gzip, br\"],\"x-callback-token\":[\"2a83d0f21d839d93cf80bfa835a3abf99257569bfa8872b547e43ead16b21c92\"],\"content-type\":[\"application\\/json\"],\"x-forwarded-for\":[\"52.89.130.89\"]}','{\"account_number\":\"107669999817265\",\"bank_code\":\"BCA\",\"country\":\"ID\",\"created\":\"2025-12-04T02:33:34.472Z\",\"currency\":\"IDR\",\"expected_amount\":452000,\"expiration_date\":\"2025-12-05T02:33:34Z\",\"external_id\":\"019ae735-30a2-7007-8908-d0c802a95234\",\"id\":\"4387c245-b6da-415d-9875-4fd573988795\",\"is_closed\":true,\"is_single_use\":false,\"merchant_code\":\"10766\",\"name\":\"Zone Users\",\"owner_id\":\"5e943709950d7621c1d57639\",\"status\":\"ACTIVE\",\"updated\":\"2025-12-04T02:33:34.472Z\"}','2025-12-04 02:33:36',NULL,NULL),('99509370-b1b5-4109-9254-2d503f052d75','PAYMENT','CALLBACK_IN','104.23.160.41','axios/1.10.0',200,'{\"content-length\":[\"467\"],\"x-forwarded-proto\":[\"https\"],\"cf-visitor\":[\"{\\\"scheme\\\":\\\"https\\\"}\"],\"cf-ipcountry\":[\"US\"],\"cf-connecting-ip\":[\"52.89.130.89\"],\"cdn-loop\":[\"cloudflare; loops=1\"],\"accept\":[\"application\\/json, text\\/plain, *\\/*\"],\"connection\":[\"Keep-Alive\"],\"webhook-id\":[\"dc754b3d-3c48-4d94-a62b-7622672b887d\"],\"host\":[\"cms-sarinah2025.unictive.net\"],\"cf-ray\":[\"9a5734e418ed8636-PDX\"],\"user-agent\":[\"axios\\/1.10.0\"],\"accept-encoding\":[\"gzip, br\"],\"x-callback-token\":[\"2a83d0f21d839d93cf80bfa835a3abf99257569bfa8872b547e43ead16b21c92\"],\"content-type\":[\"application\\/json\"],\"x-forwarded-for\":[\"52.89.130.89\"]}','{\"id\":\"dfca022c-ceb5-4497-b8e6-4e91834dbbdf\",\"name\":\"XDT-Eplas Insto\",\"status\":\"ACTIVE\",\"country\":\"ID\",\"created\":\"2025-11-28T04:27:57.992Z\",\"updated\":\"2025-11-28T04:27:57.992Z\",\"currency\":\"IDR\",\"owner_id\":\"5e943709950d7621c1d57639\",\"bank_code\":\"BNI\",\"is_closed\":true,\"external_id\":\"019ac8b7-c32e-73d0-9128-fe4bf3d37242\",\"is_single_use\":false,\"merchant_code\":\"8808\",\"account_number\":\"8808999990811188\",\"expected_amount\":600000,\"expiration_date\":\"2025-11-29T04:27:57Z\"}','2025-11-28 04:43:50',NULL,NULL),('9c151f17-0e9b-4521-8136-c0efd4223e58','PAYMENT','CALLBACK_IN','104.23.160.40','axios/1.10.0',200,'{\"content-length\":[\"460\"],\"x-forwarded-proto\":[\"https\"],\"cf-visitor\":[\"{\\\"scheme\\\":\\\"https\\\"}\"],\"cf-ipcountry\":[\"US\"],\"cf-connecting-ip\":[\"52.89.130.89\"],\"cdn-loop\":[\"cloudflare; loops=1\"],\"accept\":[\"application\\/json, text\\/plain, *\\/*\"],\"connection\":[\"Keep-Alive\"],\"webhook-id\":[\"cd91b760-8654-4a64-8710-5a75e5e561b6\"],\"host\":[\"cms-sarinah2025.unictive.net\"],\"cf-ray\":[\"9a8874d5acd21561-PDX\"],\"user-agent\":[\"axios\\/1.10.0\"],\"accept-encoding\":[\"gzip, br\"],\"x-callback-token\":[\"2a83d0f21d839d93cf80bfa835a3abf99257569bfa8872b547e43ead16b21c92\"],\"content-type\":[\"application\\/json\"],\"x-forwarded-for\":[\"52.89.130.89\"]}','{\"id\":\"e352f1f2-b849-4fb0-bfb3-f1c0dea5fde4\",\"name\":\"John Doe\",\"status\":\"ACTIVE\",\"country\":\"ID\",\"created\":\"2025-12-04T02:10:26.856Z\",\"updated\":\"2025-12-04T02:10:26.856Z\",\"currency\":\"IDR\",\"owner_id\":\"5e943709950d7621c1d57639\",\"bank_code\":\"BCA\",\"is_closed\":true,\"external_id\":\"019ae720-03c5-7371-99b9-3a15f46a0044\",\"is_single_use\":false,\"merchant_code\":\"10766\",\"account_number\":\"107669999606480\",\"expected_amount\":202000,\"expiration_date\":\"2025-12-05T02:10:26Z\"}','2025-12-04 04:10:51',NULL,NULL),('9e1bd918-f433-4cfd-a7ca-cd3ec7aaf6cd','PAYMENT','CALLBACK_IN','104.23.160.41','axios/1.10.0',200,'{\"content-length\":[\"460\"],\"x-forwarded-proto\":[\"https\"],\"cf-visitor\":[\"{\\\"scheme\\\":\\\"https\\\"}\"],\"cf-ipcountry\":[\"US\"],\"cf-connecting-ip\":[\"52.89.130.89\"],\"cdn-loop\":[\"cloudflare; loops=1\"],\"accept\":[\"application\\/json, text\\/plain, *\\/*\"],\"connection\":[\"Keep-Alive\"],\"webhook-id\":[\"ba05b0d8-a2dd-4262-a6ec-0b19125fbfd3\"],\"host\":[\"cms-sarinah2025.unictive.net\"],\"cf-ray\":[\"9a87e3dd7a7fb1c2-PDX\"],\"user-agent\":[\"axios\\/1.10.0\"],\"accept-encoding\":[\"gzip, br\"],\"x-callback-token\":[\"2a83d0f21d839d93cf80bfa835a3abf99257569bfa8872b547e43ead16b21c92\"],\"content-type\":[\"application\\/json\"],\"x-forwarded-for\":[\"52.89.130.89\"]}','{\"account_number\":\"107669999919411\",\"bank_code\":\"BCA\",\"country\":\"ID\",\"created\":\"2025-12-04T02:31:52.46Z\",\"currency\":\"IDR\",\"expected_amount\":452000,\"expiration_date\":\"2025-12-05T02:31:52Z\",\"external_id\":\"019ae733-a1d9-7008-b168-479628d60ddd\",\"id\":\"09f4de96-b492-432d-b18f-3502c3530de7\",\"is_closed\":true,\"is_single_use\":false,\"merchant_code\":\"10766\",\"name\":\"Zone Users\",\"owner_id\":\"5e943709950d7621c1d57639\",\"status\":\"ACTIVE\",\"updated\":\"2025-12-04T02:31:52.46Z\"}','2025-12-04 02:31:53',NULL,NULL),('a748f130-3d89-4403-8576-1f6a049cfe47','PAYMENT','CALLBACK_IN','172.68.174.196','axios/1.10.0',200,'{\"content-length\":[\"460\"],\"x-forwarded-proto\":[\"https\"],\"cf-visitor\":[\"{\\\"scheme\\\":\\\"https\\\"}\"],\"cf-ipcountry\":[\"US\"],\"cf-connecting-ip\":[\"52.89.130.89\"],\"cdn-loop\":[\"cloudflare; loops=1\"],\"accept\":[\"application\\/json, text\\/plain, *\\/*\"],\"connection\":[\"Keep-Alive\"],\"webhook-id\":[\"a82e4c47-764f-45fe-8a91-85f22faa78d0\"],\"host\":[\"cms-sarinah2025.unictive.net\"],\"cf-ray\":[\"9a7143cfbb3ccb90-PDX\"],\"user-agent\":[\"axios\\/1.10.0\"],\"accept-encoding\":[\"gzip, br\"],\"x-callback-token\":[\"2a83d0f21d839d93cf80bfa835a3abf99257569bfa8872b547e43ead16b21c92\"],\"content-type\":[\"application\\/json\"],\"x-forwarded-for\":[\"52.89.130.89\"]}','{\"id\":\"cd5386d9-e995-463a-a372-fcd48b945e8f\",\"name\":\"John Doe\",\"status\":\"ACTIVE\",\"country\":\"ID\",\"created\":\"2025-12-01T08:22:29.501Z\",\"updated\":\"2025-12-01T08:22:29.501Z\",\"currency\":\"IDR\",\"owner_id\":\"5e943709950d7621c1d57639\",\"bank_code\":\"BCA\",\"is_closed\":true,\"external_id\":\"019ad901-8bba-700d-8238-72b3d0ca8951\",\"is_single_use\":false,\"merchant_code\":\"10766\",\"account_number\":\"107669999938923\",\"expected_amount\":852000,\"expiration_date\":\"2025-12-02T08:22:28Z\"}','2025-12-01 08:37:51',NULL,NULL),('a9de5cbd-025a-4a46-95f7-ac31361d13de','PAYMENT','CALLBACK_IN','104.23.160.41','axios/1.10.0',200,'{\"content-length\":[\"524\"],\"x-forwarded-proto\":[\"https\"],\"cf-visitor\":[\"{\\\"scheme\\\":\\\"https\\\"}\"],\"cf-ipcountry\":[\"US\"],\"cf-connecting-ip\":[\"52.89.130.89\"],\"cdn-loop\":[\"cloudflare; loops=1\"],\"accept\":[\"application\\/json, text\\/plain, *\\/*\"],\"connection\":[\"Keep-Alive\"],\"webhook-id\":[\"93e61e5e-5409-4442-98d1-7b5fd1c46e59\"],\"host\":[\"cms-sarinah2025.unictive.net\"],\"cf-ray\":[\"9a58097d1e596e10-PDX\"],\"user-agent\":[\"axios\\/1.10.0\"],\"accept-encoding\":[\"gzip, br\"],\"x-callback-token\":[\"2a83d0f21d839d93cf80bfa835a3abf99257569bfa8872b547e43ead16b21c92\"],\"content-type\":[\"application\\/json\"],\"x-forwarded-for\":[\"52.89.130.89\"]}','{\"account_number\":\"999935501532\",\"amount\":4383500,\"bank_code\":\"BNI\",\"callback_virtual_account_id\":\"42fbae77-225c-4dcf-9c72-be4dda6fcc2c\",\"country\":\"ID\",\"created\":\"2025-11-28T07:08:56.834Z\",\"currency\":\"IDR\",\"external_id\":\"019ac949-9ac6-715e-99a3-e94125bb91be\",\"id\":\"9561fe44-dd54-49fa-b41d-eddaf6207e59\",\"merchant_code\":\"8808\",\"owner_id\":\"5e943709950d7621c1d57639\",\"payment_detail\":[],\"payment_id\":\"9561fe44-dd54-49fa-b41d-eddaf6207e59\",\"transaction_timestamp\":\"2025-11-28T07:08:56.000Z\",\"updated\":\"2025-11-28T07:08:56.834Z\"}','2025-11-28 07:08:58',NULL,NULL),('b017d5f8-2f3d-49ab-a4dd-a802d4a9cec2','PAYMENT','CALLBACK_IN','172.68.174.197','axios/1.10.0',200,'{\"content-length\":[\"462\"],\"x-forwarded-proto\":[\"https\"],\"cf-visitor\":[\"{\\\"scheme\\\":\\\"https\\\"}\"],\"cf-ipcountry\":[\"US\"],\"cf-connecting-ip\":[\"52.89.130.89\"],\"cdn-loop\":[\"cloudflare; loops=1\"],\"accept\":[\"application\\/json, text\\/plain, *\\/*\"],\"connection\":[\"Keep-Alive\"],\"webhook-id\":[\"4e0ad104-6801-4dd8-ae18-66f8acd6d3f6\"],\"host\":[\"cms-sarinah2025.unictive.net\"],\"cf-ray\":[\"9a87f79d99a2ef94-PDX\"],\"user-agent\":[\"axios\\/1.10.0\"],\"accept-encoding\":[\"gzip, br\"],\"x-callback-token\":[\"2a83d0f21d839d93cf80bfa835a3abf99257569bfa8872b547e43ead16b21c92\"],\"content-type\":[\"application\\/json\"],\"x-forwarded-for\":[\"52.89.130.89\"]}','{\"account_number\":\"107669999723297\",\"bank_code\":\"BCA\",\"country\":\"ID\",\"created\":\"2025-12-04T02:45:21.489Z\",\"currency\":\"IDR\",\"expected_amount\":402000,\"expiration_date\":\"2025-12-05T02:45:20Z\",\"external_id\":\"019ae73f-f651-72cb-a4e1-18bc1b96d2d4\",\"id\":\"acce0ebe-9e95-475c-8551-cd5598d6a667\",\"is_closed\":true,\"is_single_use\":false,\"merchant_code\":\"10766\",\"name\":\"Zone Users\",\"owner_id\":\"5e943709950d7621c1d57639\",\"status\":\"ACTIVE\",\"updated\":\"2025-12-04T02:45:21.489Z\"}','2025-12-04 02:45:22',NULL,NULL),('b35aecce-94f2-46dd-bf60-acfe89bd8509','PAYMENT','CALLBACK_IN','172.68.174.196','axios/1.10.0',200,'{\"content-length\":[\"467\"],\"x-forwarded-proto\":[\"https\"],\"cf-visitor\":[\"{\\\"scheme\\\":\\\"https\\\"}\"],\"cf-ipcountry\":[\"US\"],\"cf-connecting-ip\":[\"52.89.130.89\"],\"cdn-loop\":[\"cloudflare; loops=1\"],\"accept\":[\"application\\/json, text\\/plain, *\\/*\"],\"connection\":[\"Keep-Alive\"],\"webhook-id\":[\"dc754b3d-3c48-4d94-a62b-7622672b887d\"],\"host\":[\"cms-sarinah2025.unictive.net\"],\"cf-ray\":[\"9a58269c98dcc895-PDX\"],\"user-agent\":[\"axios\\/1.10.0\"],\"accept-encoding\":[\"gzip, br\"],\"x-callback-token\":[\"2a83d0f21d839d93cf80bfa835a3abf99257569bfa8872b547e43ead16b21c92\"],\"content-type\":[\"application\\/json\"],\"x-forwarded-for\":[\"52.89.130.89\"]}','{\"id\":\"dfca022c-ceb5-4497-b8e6-4e91834dbbdf\",\"name\":\"XDT-Eplas Insto\",\"status\":\"ACTIVE\",\"country\":\"ID\",\"created\":\"2025-11-28T04:27:57.992Z\",\"updated\":\"2025-11-28T04:27:57.992Z\",\"currency\":\"IDR\",\"owner_id\":\"5e943709950d7621c1d57639\",\"bank_code\":\"BNI\",\"is_closed\":true,\"external_id\":\"019ac8b7-c32e-73d0-9128-fe4bf3d37242\",\"is_single_use\":false,\"merchant_code\":\"8808\",\"account_number\":\"8808999990811188\",\"expected_amount\":600000,\"expiration_date\":\"2025-11-29T04:27:57Z\"}','2025-11-28 07:28:51',NULL,NULL),('bbaa1d27-65da-4eb1-be40-066cf297b3c0','PAYMENT','CALLBACK_IN','104.23.160.40','axios/1.10.0',200,'{\"content-length\":[\"462\"],\"x-forwarded-proto\":[\"https\"],\"cf-visitor\":[\"{\\\"scheme\\\":\\\"https\\\"}\"],\"cf-ipcountry\":[\"US\"],\"cf-connecting-ip\":[\"52.89.130.89\"],\"cdn-loop\":[\"cloudflare; loops=1\"],\"accept\":[\"application\\/json, text\\/plain, *\\/*\"],\"connection\":[\"Keep-Alive\"],\"webhook-id\":[\"ef8e4ea2-5816-48b4-8769-1da78fa55993\"],\"host\":[\"cms-sarinah2025.unictive.net\"],\"cf-ray\":[\"9a87f405c8de659c-PDX\"],\"user-agent\":[\"axios\\/1.10.0\"],\"accept-encoding\":[\"gzip, br\"],\"x-callback-token\":[\"2a83d0f21d839d93cf80bfa835a3abf99257569bfa8872b547e43ead16b21c92\"],\"content-type\":[\"application\\/json\"],\"x-forwarded-for\":[\"52.89.130.89\"]}','{\"account_number\":\"107669999933655\",\"bank_code\":\"BCA\",\"country\":\"ID\",\"created\":\"2025-12-04T02:42:54.494Z\",\"currency\":\"IDR\",\"expected_amount\":457000,\"expiration_date\":\"2025-12-05T02:42:54Z\",\"external_id\":\"019ae73d-bc0a-7281-8a25-371f82d8c366\",\"id\":\"fd12d46c-6fca-4424-8011-9d98b657cd9a\",\"is_closed\":true,\"is_single_use\":false,\"merchant_code\":\"10766\",\"name\":\"Zone Users\",\"owner_id\":\"5e943709950d7621c1d57639\",\"status\":\"ACTIVE\",\"updated\":\"2025-12-04T02:42:54.494Z\"}','2025-12-04 02:42:55',NULL,NULL),('bbdf7a7e-a6be-4932-8216-db7074cf9c09','PAYMENT','CALLBACK_IN','104.23.160.41','axios/1.10.0',200,'{\"content-length\":[\"467\"],\"x-forwarded-proto\":[\"https\"],\"cf-visitor\":[\"{\\\"scheme\\\":\\\"https\\\"}\"],\"cf-ipcountry\":[\"US\"],\"cf-connecting-ip\":[\"52.89.130.89\"],\"cdn-loop\":[\"cloudflare; loops=1\"],\"accept\":[\"application\\/json, text\\/plain, *\\/*\"],\"connection\":[\"Keep-Alive\"],\"webhook-id\":[\"efb72f7f-39db-48e1-9e31-9310d4489d53\"],\"host\":[\"cms-sarinah2025.unictive.net\"],\"cf-ray\":[\"9a57b45e0ef32095-PDX\"],\"user-agent\":[\"axios\\/1.10.0\"],\"accept-encoding\":[\"gzip, br\"],\"x-callback-token\":[\"2a83d0f21d839d93cf80bfa835a3abf99257569bfa8872b547e43ead16b21c92\"],\"content-type\":[\"application\\/json\"],\"x-forwarded-for\":[\"52.89.130.89\"]}','{\"id\":\"e1df72d0-be4a-49bc-8519-f147b114bda8\",\"name\":\"XDT-Eplas Insto\",\"status\":\"ACTIVE\",\"country\":\"ID\",\"created\":\"2025-11-28T04:10:07.138Z\",\"updated\":\"2025-11-28T04:10:07.138Z\",\"currency\":\"IDR\",\"owner_id\":\"5e943709950d7621c1d57639\",\"bank_code\":\"BNI\",\"is_closed\":true,\"external_id\":\"019ac8a7-6b8e-7308-9c48-b3bdd9e34f37\",\"is_single_use\":false,\"merchant_code\":\"8808\",\"account_number\":\"8808999917438779\",\"expected_amount\":600000,\"expiration_date\":\"2025-11-29T04:10:06Z\"}','2025-11-28 06:10:51',NULL,NULL),('bc9844de-16ed-42a2-a89c-c558199fb1e6','PAYMENT','CALLBACK_IN','104.23.160.40','axios/1.10.0',200,'{\"content-length\":[\"460\"],\"x-forwarded-proto\":[\"https\"],\"cf-visitor\":[\"{\\\"scheme\\\":\\\"https\\\"}\"],\"cf-ipcountry\":[\"US\"],\"cf-connecting-ip\":[\"52.89.130.89\"],\"cdn-loop\":[\"cloudflare; loops=1\"],\"accept\":[\"application\\/json, text\\/plain, *\\/*\"],\"connection\":[\"Keep-Alive\"],\"webhook-id\":[\"a82e4c47-764f-45fe-8a91-85f22faa78d0\"],\"host\":[\"cms-sarinah2025.unictive.net\"],\"cf-ray\":[\"9a716fbeeb5c2fbe-PDX\"],\"user-agent\":[\"axios\\/1.10.0\"],\"accept-encoding\":[\"gzip, br\"],\"x-callback-token\":[\"2a83d0f21d839d93cf80bfa835a3abf99257569bfa8872b547e43ead16b21c92\"],\"content-type\":[\"application\\/json\"],\"x-forwarded-for\":[\"52.89.130.89\"]}','{\"id\":\"cd5386d9-e995-463a-a372-fcd48b945e8f\",\"name\":\"John Doe\",\"status\":\"ACTIVE\",\"country\":\"ID\",\"created\":\"2025-12-01T08:22:29.501Z\",\"updated\":\"2025-12-01T08:22:29.501Z\",\"currency\":\"IDR\",\"owner_id\":\"5e943709950d7621c1d57639\",\"bank_code\":\"BCA\",\"is_closed\":true,\"external_id\":\"019ad901-8bba-700d-8238-72b3d0ca8951\",\"is_single_use\":false,\"merchant_code\":\"10766\",\"account_number\":\"107669999938923\",\"expected_amount\":852000,\"expiration_date\":\"2025-12-02T08:22:28Z\"}','2025-12-01 09:07:50',NULL,NULL),('bf1e7a06-2b18-4d2e-9842-b841f05802c3','PAYMENT','CALLBACK_IN','172.68.174.196','axios/1.10.0',200,'{\"content-length\":[\"461\"],\"x-forwarded-proto\":[\"https\"],\"cf-visitor\":[\"{\\\"scheme\\\":\\\"https\\\"}\"],\"cf-ipcountry\":[\"US\"],\"cf-connecting-ip\":[\"52.89.130.89\"],\"cdn-loop\":[\"cloudflare; loops=1\"],\"accept\":[\"application\\/json, text\\/plain, *\\/*\"],\"connection\":[\"Keep-Alive\"],\"webhook-id\":[\"1c0bdd48-a888-403e-8a3b-7a1962206000\"],\"host\":[\"cms-sarinah2025.unictive.net\"],\"cf-ray\":[\"9a6ff74ed9345ec8-PDX\"],\"user-agent\":[\"axios\\/1.10.0\"],\"accept-encoding\":[\"gzip, br\"],\"x-callback-token\":[\"2a83d0f21d839d93cf80bfa835a3abf99257569bfa8872b547e43ead16b21c92\"],\"content-type\":[\"application\\/json\"],\"x-forwarded-for\":[\"52.89.130.89\"]}','{\"id\":\"e6a29db1-9bc2-4ff3-a7fb-4516bfc66830\",\"name\":\"John Doe\",\"status\":\"ACTIVE\",\"country\":\"ID\",\"created\":\"2025-12-01T02:50:24.289Z\",\"updated\":\"2025-12-01T02:50:24.289Z\",\"currency\":\"IDR\",\"owner_id\":\"5e943709950d7621c1d57639\",\"bank_code\":\"BCA\",\"is_closed\":true,\"external_id\":\"019ad7d1-84c1-700c-a77f-42f55324ccdb\",\"is_single_use\":false,\"merchant_code\":\"10766\",\"account_number\":\"107669999623976\",\"expected_amount\":4275000,\"expiration_date\":\"2025-12-02T02:50:23Z\"}','2025-12-01 04:50:51',NULL,NULL),('c054cdde-a707-4cd2-b3bf-2dc53cc60821','PAYMENT','CALLBACK_IN','104.23.160.41','axios/1.10.0',200,'{\"content-length\":[\"467\"],\"x-forwarded-proto\":[\"https\"],\"cf-visitor\":[\"{\\\"scheme\\\":\\\"https\\\"}\"],\"cf-ipcountry\":[\"US\"],\"cf-connecting-ip\":[\"52.89.130.89\"],\"cdn-loop\":[\"cloudflare; loops=1\"],\"accept\":[\"application\\/json, text\\/plain, *\\/*\"],\"connection\":[\"Keep-Alive\"],\"webhook-id\":[\"efb72f7f-39db-48e1-9e31-9310d4489d53\"],\"host\":[\"cms-sarinah2025.unictive.net\"],\"cf-ray\":[\"9a571a8e48238636-PDX\"],\"user-agent\":[\"axios\\/1.10.0\"],\"accept-encoding\":[\"gzip, br\"],\"x-callback-token\":[\"2a83d0f21d839d93cf80bfa835a3abf99257569bfa8872b547e43ead16b21c92\"],\"content-type\":[\"application\\/json\"],\"x-forwarded-for\":[\"52.89.130.89\"]}','{\"id\":\"e1df72d0-be4a-49bc-8519-f147b114bda8\",\"name\":\"XDT-Eplas Insto\",\"status\":\"ACTIVE\",\"country\":\"ID\",\"created\":\"2025-11-28T04:10:07.138Z\",\"updated\":\"2025-11-28T04:10:07.138Z\",\"currency\":\"IDR\",\"owner_id\":\"5e943709950d7621c1d57639\",\"bank_code\":\"BNI\",\"is_closed\":true,\"external_id\":\"019ac8a7-6b8e-7308-9c48-b3bdd9e34f37\",\"is_single_use\":false,\"merchant_code\":\"8808\",\"account_number\":\"8808999917438779\",\"expected_amount\":600000,\"expiration_date\":\"2025-11-29T04:10:06Z\"}','2025-11-28 04:25:51',NULL,NULL),('c1762b13-8692-4146-be66-a1db0ec44c43','PAYMENT','CALLBACK_IN','104.23.160.40','axios/1.10.0',200,'{\"content-length\":[\"460\"],\"x-forwarded-proto\":[\"https\"],\"cf-visitor\":[\"{\\\"scheme\\\":\\\"https\\\"}\"],\"cf-ipcountry\":[\"US\"],\"cf-connecting-ip\":[\"52.89.130.89\"],\"cdn-loop\":[\"cloudflare; loops=1\"],\"accept\":[\"application\\/json, text\\/plain, *\\/*\"],\"connection\":[\"Keep-Alive\"],\"webhook-id\":[\"a82e4c47-764f-45fe-8a91-85f22faa78d0\"],\"host\":[\"cms-sarinah2025.unictive.net\"],\"cf-ray\":[\"9a71dd9f9a4fcf48-PDX\"],\"user-agent\":[\"axios\\/1.10.0\"],\"accept-encoding\":[\"gzip, br\"],\"x-callback-token\":[\"2a83d0f21d839d93cf80bfa835a3abf99257569bfa8872b547e43ead16b21c92\"],\"content-type\":[\"application\\/json\"],\"x-forwarded-for\":[\"52.89.130.89\"]}','{\"id\":\"cd5386d9-e995-463a-a372-fcd48b945e8f\",\"name\":\"John Doe\",\"status\":\"ACTIVE\",\"country\":\"ID\",\"created\":\"2025-12-01T08:22:29.501Z\",\"updated\":\"2025-12-01T08:22:29.501Z\",\"currency\":\"IDR\",\"owner_id\":\"5e943709950d7621c1d57639\",\"bank_code\":\"BCA\",\"is_closed\":true,\"external_id\":\"019ad901-8bba-700d-8238-72b3d0ca8951\",\"is_single_use\":false,\"merchant_code\":\"10766\",\"account_number\":\"107669999938923\",\"expected_amount\":852000,\"expiration_date\":\"2025-12-02T08:22:28Z\"}','2025-12-01 10:22:51',NULL,NULL),('c9db7cd1-b038-49e1-9432-84660702a299','PAYMENT','CALLBACK_IN','172.68.174.196','axios/1.10.0',200,'{\"content-length\":[\"461\"],\"x-forwarded-proto\":[\"https\"],\"cf-visitor\":[\"{\\\"scheme\\\":\\\"https\\\"}\"],\"cf-ipcountry\":[\"US\"],\"cf-connecting-ip\":[\"52.89.130.89\"],\"cdn-loop\":[\"cloudflare; loops=1\"],\"accept\":[\"application\\/json, text\\/plain, *\\/*\"],\"connection\":[\"Keep-Alive\"],\"webhook-id\":[\"def334ed-d825-4dfd-bf62-1f4ec9ef6a07\"],\"host\":[\"cms-sarinah2025.unictive.net\"],\"cf-ray\":[\"9a7060c01e635ebf-PDX\"],\"user-agent\":[\"axios\\/1.10.0\"],\"accept-encoding\":[\"gzip, br\"],\"x-callback-token\":[\"2a83d0f21d839d93cf80bfa835a3abf99257569bfa8872b547e43ead16b21c92\"],\"content-type\":[\"application\\/json\"],\"x-forwarded-for\":[\"52.89.130.89\"]}','{\"id\":\"d0a80cf3-ed9d-47ac-89a4-676066d76281\",\"name\":\"John Doe\",\"status\":\"ACTIVE\",\"country\":\"ID\",\"created\":\"2025-12-01T03:01:59.922Z\",\"updated\":\"2025-12-01T03:01:59.922Z\",\"currency\":\"IDR\",\"owner_id\":\"5e943709950d7621c1d57639\",\"bank_code\":\"BCA\",\"is_closed\":true,\"external_id\":\"019ad7dc-21ed-716b-ab53-b2dcedf8273c\",\"is_single_use\":false,\"merchant_code\":\"10766\",\"account_number\":\"107669999834321\",\"expected_amount\":4277000,\"expiration_date\":\"2025-12-02T03:01:59Z\"}','2025-12-01 06:02:50',NULL,NULL),('ce94923a-168f-455a-9760-f7ca6a8f088b','PAYMENT','CALLBACK_IN','104.23.160.40','axios/1.10.0',200,'{\"content-length\":[\"460\"],\"x-forwarded-proto\":[\"https\"],\"cf-visitor\":[\"{\\\"scheme\\\":\\\"https\\\"}\"],\"cf-ipcountry\":[\"US\"],\"cf-connecting-ip\":[\"52.89.130.89\"],\"cdn-loop\":[\"cloudflare; loops=1\"],\"accept\":[\"application\\/json, text\\/plain, *\\/*\"],\"connection\":[\"Keep-Alive\"],\"webhook-id\":[\"a82e4c47-764f-45fe-8a91-85f22faa78d0\"],\"host\":[\"cms-sarinah2025.unictive.net\"],\"cf-ray\":[\"9a754c858fa0659c-PDX\"],\"user-agent\":[\"axios\\/1.10.0\"],\"accept-encoding\":[\"gzip, br\"],\"x-callback-token\":[\"2a83d0f21d839d93cf80bfa835a3abf99257569bfa8872b547e43ead16b21c92\"],\"content-type\":[\"application\\/json\"],\"x-forwarded-for\":[\"52.89.130.89\"]}','{\"id\":\"cd5386d9-e995-463a-a372-fcd48b945e8f\",\"name\":\"John Doe\",\"status\":\"ACTIVE\",\"country\":\"ID\",\"created\":\"2025-12-01T08:22:29.501Z\",\"updated\":\"2025-12-01T08:22:29.501Z\",\"currency\":\"IDR\",\"owner_id\":\"5e943709950d7621c1d57639\",\"bank_code\":\"BCA\",\"is_closed\":true,\"external_id\":\"019ad901-8bba-700d-8238-72b3d0ca8951\",\"is_single_use\":false,\"merchant_code\":\"10766\",\"account_number\":\"107669999938923\",\"expected_amount\":852000,\"expiration_date\":\"2025-12-02T08:22:28Z\"}','2025-12-01 20:22:50',NULL,NULL),('d3246c3b-b944-4749-9ca0-460a4a27c62b','PAYMENT','CALLBACK_IN','104.23.160.40','axios/1.10.0',200,'{\"content-length\":[\"460\"],\"x-forwarded-proto\":[\"https\"],\"cf-visitor\":[\"{\\\"scheme\\\":\\\"https\\\"}\"],\"cf-ipcountry\":[\"US\"],\"cf-connecting-ip\":[\"52.89.130.89\"],\"cdn-loop\":[\"cloudflare; loops=1\"],\"accept\":[\"application\\/json, text\\/plain, *\\/*\"],\"connection\":[\"Keep-Alive\"],\"webhook-id\":[\"a82e4c47-764f-45fe-8a91-85f22faa78d0\"],\"host\":[\"cms-sarinah2025.unictive.net\"],\"cf-ray\":[\"9a733d30acee9811-PDX\"],\"user-agent\":[\"axios\\/1.10.0\"],\"accept-encoding\":[\"gzip, br\"],\"x-callback-token\":[\"2a83d0f21d839d93cf80bfa835a3abf99257569bfa8872b547e43ead16b21c92\"],\"content-type\":[\"application\\/json\"],\"x-forwarded-for\":[\"52.89.130.89\"]}','{\"id\":\"cd5386d9-e995-463a-a372-fcd48b945e8f\",\"name\":\"John Doe\",\"status\":\"ACTIVE\",\"country\":\"ID\",\"created\":\"2025-12-01T08:22:29.501Z\",\"updated\":\"2025-12-01T08:22:29.501Z\",\"currency\":\"IDR\",\"owner_id\":\"5e943709950d7621c1d57639\",\"bank_code\":\"BCA\",\"is_closed\":true,\"external_id\":\"019ad901-8bba-700d-8238-72b3d0ca8951\",\"is_single_use\":false,\"merchant_code\":\"10766\",\"account_number\":\"107669999938923\",\"expected_amount\":852000,\"expiration_date\":\"2025-12-02T08:22:28Z\"}','2025-12-01 14:22:51',NULL,NULL),('e0cc9743-eb45-4d01-b3c2-7a4c4d090f12','PAYMENT','CALLBACK_IN','104.23.160.41','axios/1.10.0',200,'{\"content-length\":[\"461\"],\"x-forwarded-proto\":[\"https\"],\"cf-visitor\":[\"{\\\"scheme\\\":\\\"https\\\"}\"],\"cf-ipcountry\":[\"US\"],\"cf-connecting-ip\":[\"52.89.130.89\"],\"cdn-loop\":[\"cloudflare; loops=1\"],\"accept\":[\"application\\/json, text\\/plain, *\\/*\"],\"connection\":[\"Keep-Alive\"],\"webhook-id\":[\"def334ed-d825-4dfd-bf62-1f4ec9ef6a07\"],\"host\":[\"cms-sarinah2025.unictive.net\"],\"cf-ray\":[\"9a71686d9d156c17-PDX\"],\"user-agent\":[\"axios\\/1.10.0\"],\"accept-encoding\":[\"gzip, br\"],\"x-callback-token\":[\"2a83d0f21d839d93cf80bfa835a3abf99257569bfa8872b547e43ead16b21c92\"],\"content-type\":[\"application\\/json\"],\"x-forwarded-for\":[\"52.89.130.89\"]}','{\"id\":\"d0a80cf3-ed9d-47ac-89a4-676066d76281\",\"name\":\"John Doe\",\"status\":\"ACTIVE\",\"country\":\"ID\",\"created\":\"2025-12-01T03:01:59.922Z\",\"updated\":\"2025-12-01T03:01:59.922Z\",\"currency\":\"IDR\",\"owner_id\":\"5e943709950d7621c1d57639\",\"bank_code\":\"BCA\",\"is_closed\":true,\"external_id\":\"019ad7dc-21ed-716b-ab53-b2dcedf8273c\",\"is_single_use\":false,\"merchant_code\":\"10766\",\"account_number\":\"107669999834321\",\"expected_amount\":4277000,\"expiration_date\":\"2025-12-02T03:01:59Z\"}','2025-12-01 09:02:50',NULL,NULL),('e6678d19-d744-45d5-9cfa-469f6695f448','PAYMENT','CALLBACK_IN','104.23.160.40','axios/1.10.0',200,'{\"content-length\":[\"460\"],\"x-forwarded-proto\":[\"https\"],\"cf-visitor\":[\"{\\\"scheme\\\":\\\"https\\\"}\"],\"cf-ipcountry\":[\"US\"],\"cf-connecting-ip\":[\"52.89.130.89\"],\"cdn-loop\":[\"cloudflare; loops=1\"],\"accept\":[\"application\\/json, text\\/plain, *\\/*\"],\"connection\":[\"Keep-Alive\"],\"webhook-id\":[\"ba05b0d8-a2dd-4262-a6ec-0b19125fbfd3\"],\"host\":[\"cms-sarinah2025.unictive.net\"],\"cf-ray\":[\"9a88272ef9721d89-PDX\"],\"user-agent\":[\"axios\\/1.10.0\"],\"accept-encoding\":[\"gzip, br\"],\"x-callback-token\":[\"2a83d0f21d839d93cf80bfa835a3abf99257569bfa8872b547e43ead16b21c92\"],\"content-type\":[\"application\\/json\"],\"x-forwarded-for\":[\"52.89.130.89\"]}','{\"id\":\"09f4de96-b492-432d-b18f-3502c3530de7\",\"name\":\"Zone Users\",\"status\":\"ACTIVE\",\"country\":\"ID\",\"created\":\"2025-12-04T02:31:52.46Z\",\"updated\":\"2025-12-04T02:31:52.46Z\",\"currency\":\"IDR\",\"owner_id\":\"5e943709950d7621c1d57639\",\"bank_code\":\"BCA\",\"is_closed\":true,\"external_id\":\"019ae733-a1d9-7008-b168-479628d60ddd\",\"is_single_use\":false,\"merchant_code\":\"10766\",\"account_number\":\"107669999919411\",\"expected_amount\":452000,\"expiration_date\":\"2025-12-05T02:31:52Z\"}','2025-12-04 03:17:51',NULL,NULL),('f385036a-c23e-4565-8c15-fb95eaf2450e','PAYMENT','CALLBACK_IN','104.23.160.41','axios/1.10.0',200,'{\"content-length\":[\"690\"],\"x-forwarded-proto\":[\"https\"],\"cf-visitor\":[\"{\\\"scheme\\\":\\\"https\\\"}\"],\"cf-ipcountry\":[\"US\"],\"cf-connecting-ip\":[\"52.89.130.89\"],\"cdn-loop\":[\"cloudflare; loops=1\"],\"content-type\":[\"application\\/json\"],\"accept\":[\"application\\/json, text\\/plain, *\\/*\"],\"connection\":[\"Keep-Alive\"],\"api-version\":[\"2022-07-31\"],\"host\":[\"cms-sarinah2025.unictive.net\"],\"cf-ray\":[\"9a5877a39dd828b9-PDX\"],\"user-agent\":[\"axios\\/1.10.0\"],\"accept-encoding\":[\"gzip, br\"],\"webhook-id\":[\"cd5e5743-db18-4c0e-a2b3-21d5b73d2db2\"],\"x-callback-token\":[\"2a83d0f21d839d93cf80bfa835a3abf99257569bfa8872b547e43ead16b21c92\"],\"x-forwarded-for\":[\"52.89.130.89\"]}','{\"created\":\"2025-11-28T08:24:08.615659Z\",\"business_id\":\"5e943709950d7621c1d57639\",\"event\":\"qr.payment\",\"api_version\":\"2022-07-31\",\"data\":{\"amount\":77700,\"business_id\":\"5e943709950d7621c1d57639\",\"channel_code\":\"ID_XENDIT\",\"created\":\"2025-11-28T08:24:08.615659Z\",\"currency\":\"IDR\",\"expires_at\":\"2025-11-30T08:20:53.876195Z\",\"id\":\"qrpy_f2b6c59a-d171-4ee2-98f5-48ed41453c2d\",\"metadata\":null,\"payment_detail\":{\"account_details\":null,\"customer_pan\":null,\"merchant_pan\":null,\"name\":null,\"receipt_id\":null,\"source\":\"DANA\"},\"qr_id\":\"qr_2a0441e4-3cd0-49e8-b16c-4cdeb4171cc5\",\"qr_string\":\"some-random-qr-string\",\"reference_id\":\"019ac98d-052d-7054-b0e5-0a2b44d4a5c7\",\"status\":\"SUCCEEDED\",\"type\":\"DYNAMIC\"},\"amount\":77700,\"channel_code\":\"ID_XENDIT\",\"currency\":\"IDR\",\"expires_at\":\"2025-11-30T08:20:53.876195Z\",\"id\":\"qrpy_f2b6c59a-d171-4ee2-98f5-48ed41453c2d\",\"metadata\":null,\"payment_detail\":{\"account_details\":null,\"customer_pan\":null,\"merchant_pan\":null,\"name\":null,\"receipt_id\":null,\"source\":\"DANA\"},\"qr_id\":\"qr_2a0441e4-3cd0-49e8-b16c-4cdeb4171cc5\",\"qr_string\":\"some-random-qr-string\",\"reference_id\":\"019ac98d-052d-7054-b0e5-0a2b44d4a5c7\",\"status\":\"SUCCEEDED\",\"type\":\"DYNAMIC\"}','2025-11-28 08:24:10',NULL,NULL),('f4ca30cb-2bcb-4ea4-bfa3-202ecc9ba9ff','PAYMENT','CALLBACK_IN','104.23.160.40','axios/1.10.0',200,'{\"content-length\":[\"467\"],\"x-forwarded-proto\":[\"https\"],\"cf-visitor\":[\"{\\\"scheme\\\":\\\"https\\\"}\"],\"cf-ipcountry\":[\"US\"],\"cf-connecting-ip\":[\"52.89.130.89\"],\"cdn-loop\":[\"cloudflare; loops=1\"],\"accept\":[\"application\\/json, text\\/plain, *\\/*\"],\"connection\":[\"Keep-Alive\"],\"webhook-id\":[\"dc754b3d-3c48-4d94-a62b-7622672b887d\"],\"host\":[\"cms-sarinah2025.unictive.net\"],\"cf-ray\":[\"9a5760d71cb512b1-PDX\"],\"user-agent\":[\"axios\\/1.10.0\"],\"accept-encoding\":[\"gzip, br\"],\"x-callback-token\":[\"2a83d0f21d839d93cf80bfa835a3abf99257569bfa8872b547e43ead16b21c92\"],\"content-type\":[\"application\\/json\"],\"x-forwarded-for\":[\"52.89.130.89\"]}','{\"id\":\"dfca022c-ceb5-4497-b8e6-4e91834dbbdf\",\"name\":\"XDT-Eplas Insto\",\"status\":\"ACTIVE\",\"country\":\"ID\",\"created\":\"2025-11-28T04:27:57.992Z\",\"updated\":\"2025-11-28T04:27:57.992Z\",\"currency\":\"IDR\",\"owner_id\":\"5e943709950d7621c1d57639\",\"bank_code\":\"BNI\",\"is_closed\":true,\"external_id\":\"019ac8b7-c32e-73d0-9128-fe4bf3d37242\",\"is_single_use\":false,\"merchant_code\":\"8808\",\"account_number\":\"8808999990811188\",\"expected_amount\":600000,\"expiration_date\":\"2025-11-29T04:27:57Z\"}','2025-11-28 05:13:50',NULL,NULL),('f7ab1d0b-f501-402b-a5b6-a1719eb001f6','PAYMENT','CALLBACK_IN','172.68.174.196','axios/1.10.0',200,'{\"content-length\":[\"467\"],\"x-forwarded-proto\":[\"https\"],\"cf-visitor\":[\"{\\\"scheme\\\":\\\"https\\\"}\"],\"cf-ipcountry\":[\"US\"],\"cf-connecting-ip\":[\"52.89.130.89\"],\"cdn-loop\":[\"cloudflare; loops=1\"],\"accept\":[\"application\\/json, text\\/plain, *\\/*\"],\"connection\":[\"Keep-Alive\"],\"webhook-id\":[\"67900e45-8465-4a6e-9345-0a50d6a33ee6\"],\"host\":[\"cms-sarinah2025.unictive.net\"],\"cf-ray\":[\"9a5737d95c62ff09-PDX\"],\"user-agent\":[\"axios\\/1.10.0\"],\"accept-encoding\":[\"gzip, br\"],\"x-callback-token\":[\"2a83d0f21d839d93cf80bfa835a3abf99257569bfa8872b547e43ead16b21c92\"],\"content-type\":[\"application\\/json\"],\"x-forwarded-for\":[\"52.89.130.89\"]}','{\"id\":\"904ae028-db0c-49e4-a000-92d62519f39c\",\"name\":\"XDT-Eplas Insto\",\"status\":\"ACTIVE\",\"country\":\"ID\",\"created\":\"2025-11-28T02:45:26.267Z\",\"updated\":\"2025-11-28T02:45:26.267Z\",\"currency\":\"IDR\",\"owner_id\":\"5e943709950d7621c1d57639\",\"bank_code\":\"BNI\",\"is_closed\":true,\"external_id\":\"019ac859-e4b2-7091-a71f-f97987cf6bab\",\"is_single_use\":false,\"merchant_code\":\"8808\",\"account_number\":\"8808999965913439\",\"expected_amount\":600000,\"expiration_date\":\"2025-11-29T02:45:25Z\"}','2025-11-28 04:45:51',NULL,NULL),('fa28eef4-87de-4537-83c2-9fb96d4648a7','PAYMENT','CALLBACK_IN','172.68.174.197','axios/1.10.0',200,'{\"content-length\":[\"467\"],\"x-forwarded-proto\":[\"https\"],\"cf-visitor\":[\"{\\\"scheme\\\":\\\"https\\\"}\"],\"cf-ipcountry\":[\"US\"],\"cf-connecting-ip\":[\"52.89.130.89\"],\"cdn-loop\":[\"cloudflare; loops=1\"],\"accept\":[\"application\\/json, text\\/plain, *\\/*\"],\"connection\":[\"Keep-Alive\"],\"webhook-id\":[\"dc754b3d-3c48-4d94-a62b-7622672b887d\"],\"host\":[\"cms-sarinah2025.unictive.net\"],\"cf-ray\":[\"9a571dadeb451ef3-PDX\"],\"user-agent\":[\"axios\\/1.10.0\"],\"accept-encoding\":[\"gzip, br\"],\"x-callback-token\":[\"2a83d0f21d839d93cf80bfa835a3abf99257569bfa8872b547e43ead16b21c92\"],\"content-type\":[\"application\\/json\"],\"x-forwarded-for\":[\"52.89.130.89\"]}','{\"account_number\":\"8808999990811188\",\"bank_code\":\"BNI\",\"country\":\"ID\",\"created\":\"2025-11-28T04:27:57.992Z\",\"currency\":\"IDR\",\"expected_amount\":600000,\"expiration_date\":\"2025-11-29T04:27:57Z\",\"external_id\":\"019ac8b7-c32e-73d0-9128-fe4bf3d37242\",\"id\":\"dfca022c-ceb5-4497-b8e6-4e91834dbbdf\",\"is_closed\":true,\"is_single_use\":false,\"merchant_code\":\"8808\",\"name\":\"XDT-Eplas Insto\",\"owner_id\":\"5e943709950d7621c1d57639\",\"status\":\"ACTIVE\",\"updated\":\"2025-11-28T04:27:57.992Z\"}','2025-11-28 04:27:59',NULL,NULL),('fa6950e1-782c-486b-a1ed-daafeb246f38','PAYMENT','CALLBACK_IN','172.68.174.197','axios/1.10.0',200,'{\"content-length\":[\"460\"],\"x-forwarded-proto\":[\"https\"],\"cf-visitor\":[\"{\\\"scheme\\\":\\\"https\\\"}\"],\"cf-ipcountry\":[\"US\"],\"cf-connecting-ip\":[\"52.89.130.89\"],\"cdn-loop\":[\"cloudflare; loops=1\"],\"accept\":[\"application\\/json, text\\/plain, *\\/*\"],\"connection\":[\"Keep-Alive\"],\"webhook-id\":[\"ec5b8522-e30d-4d6d-878d-0f2954086f6f\"],\"host\":[\"cms-sarinah2025.unictive.net\"],\"cf-ray\":[\"9a87c9f0aab2ff05-PDX\"],\"user-agent\":[\"axios\\/1.10.0\"],\"accept-encoding\":[\"gzip, br\"],\"x-callback-token\":[\"2a83d0f21d839d93cf80bfa835a3abf99257569bfa8872b547e43ead16b21c92\"],\"content-type\":[\"application\\/json\"],\"x-forwarded-for\":[\"52.89.130.89\"]}','{\"account_number\":\"107669999501683\",\"bank_code\":\"BCA\",\"country\":\"ID\",\"created\":\"2025-12-04T02:14:10.648Z\",\"currency\":\"IDR\",\"expected_amount\":452000,\"expiration_date\":\"2025-12-05T02:14:10Z\",\"external_id\":\"019ae723-6dd3-730b-91b6-06c156ea1275\",\"id\":\"3dd5d5db-d76f-4ead-b47a-513f747da044\",\"is_closed\":true,\"is_single_use\":false,\"merchant_code\":\"10766\",\"name\":\"John Doe\",\"owner_id\":\"5e943709950d7621c1d57639\",\"status\":\"ACTIVE\",\"updated\":\"2025-12-04T02:14:10.648Z\"}','2025-12-04 02:14:11',NULL,NULL),('fa893990-0e11-4600-a851-8f66623f30ef','PAYMENT','CALLBACK_IN','104.23.160.41','axios/1.10.0',200,'{\"content-length\":[\"460\"],\"x-forwarded-proto\":[\"https\"],\"cf-visitor\":[\"{\\\"scheme\\\":\\\"https\\\"}\"],\"cf-ipcountry\":[\"US\"],\"cf-connecting-ip\":[\"52.89.130.89\"],\"cdn-loop\":[\"cloudflare; loops=1\"],\"accept\":[\"application\\/json, text\\/plain, *\\/*\"],\"connection\":[\"Keep-Alive\"],\"webhook-id\":[\"cd91b760-8654-4a64-8710-5a75e5e561b6\"],\"host\":[\"cms-sarinah2025.unictive.net\"],\"cf-ray\":[\"9a8806f79cb4ad66-PDX\"],\"user-agent\":[\"axios\\/1.10.0\"],\"accept-encoding\":[\"gzip, br\"],\"x-callback-token\":[\"2a83d0f21d839d93cf80bfa835a3abf99257569bfa8872b547e43ead16b21c92\"],\"content-type\":[\"application\\/json\"],\"x-forwarded-for\":[\"52.89.130.89\"]}','{\"id\":\"e352f1f2-b849-4fb0-bfb3-f1c0dea5fde4\",\"name\":\"John Doe\",\"status\":\"ACTIVE\",\"country\":\"ID\",\"created\":\"2025-12-04T02:10:26.856Z\",\"updated\":\"2025-12-04T02:10:26.856Z\",\"currency\":\"IDR\",\"owner_id\":\"5e943709950d7621c1d57639\",\"bank_code\":\"BCA\",\"is_closed\":true,\"external_id\":\"019ae720-03c5-7371-99b9-3a15f46a0044\",\"is_single_use\":false,\"merchant_code\":\"10766\",\"account_number\":\"107669999606480\",\"expected_amount\":202000,\"expiration_date\":\"2025-12-05T02:10:26Z\"}','2025-12-04 02:55:51',NULL,NULL),('fc2ee26f-e0d9-48ab-8e75-a576d696897a','PAYMENT','CALLBACK_IN','104.23.160.41','axios/1.10.0',200,'{\"content-length\":[\"467\"],\"x-forwarded-proto\":[\"https\"],\"cf-visitor\":[\"{\\\"scheme\\\":\\\"https\\\"}\"],\"cf-ipcountry\":[\"US\"],\"cf-connecting-ip\":[\"52.89.130.89\"],\"cdn-loop\":[\"cloudflare; loops=1\"],\"accept\":[\"application\\/json, text\\/plain, *\\/*\"],\"connection\":[\"Keep-Alive\"],\"webhook-id\":[\"67900e45-8465-4a6e-9345-0a50d6a33ee6\"],\"host\":[\"cms-sarinah2025.unictive.net\"],\"cf-ray\":[\"9a58978419df5f03-PDX\"],\"user-agent\":[\"axios\\/1.10.0\"],\"accept-encoding\":[\"gzip, br\"],\"x-callback-token\":[\"2a83d0f21d839d93cf80bfa835a3abf99257569bfa8872b547e43ead16b21c92\"],\"content-type\":[\"application\\/json\"],\"x-forwarded-for\":[\"52.89.130.89\"]}','{\"id\":\"904ae028-db0c-49e4-a000-92d62519f39c\",\"name\":\"XDT-Eplas Insto\",\"status\":\"ACTIVE\",\"country\":\"ID\",\"created\":\"2025-11-28T02:45:26.267Z\",\"updated\":\"2025-11-28T02:45:26.267Z\",\"currency\":\"IDR\",\"owner_id\":\"5e943709950d7621c1d57639\",\"bank_code\":\"BNI\",\"is_closed\":true,\"external_id\":\"019ac859-e4b2-7091-a71f-f97987cf6bab\",\"is_single_use\":false,\"merchant_code\":\"8808\",\"account_number\":\"8808999965913439\",\"expected_amount\":600000,\"expiration_date\":\"2025-11-29T02:45:25Z\"}','2025-11-28 08:45:55',NULL,NULL),('ff4cca67-e679-49fd-a3cf-cffb1d29dc19','PAYMENT','CALLBACK_IN','172.68.174.197','axios/1.10.0',200,'{\"content-length\":[\"461\"],\"x-forwarded-proto\":[\"https\"],\"cf-visitor\":[\"{\\\"scheme\\\":\\\"https\\\"}\"],\"cf-ipcountry\":[\"US\"],\"cf-connecting-ip\":[\"52.89.130.89\"],\"cdn-loop\":[\"cloudflare; loops=1\"],\"accept\":[\"application\\/json, text\\/plain, *\\/*\"],\"connection\":[\"Keep-Alive\"],\"webhook-id\":[\"def334ed-d825-4dfd-bf62-1f4ec9ef6a07\"],\"host\":[\"cms-sarinah2025.unictive.net\"],\"cf-ray\":[\"9a6f57ddf8110c31-PDX\"],\"user-agent\":[\"axios\\/1.10.0\"],\"accept-encoding\":[\"gzip, br\"],\"x-callback-token\":[\"2a83d0f21d839d93cf80bfa835a3abf99257569bfa8872b547e43ead16b21c92\"],\"content-type\":[\"application\\/json\"],\"x-forwarded-for\":[\"52.89.130.89\"]}','{\"account_number\":\"107669999834321\",\"bank_code\":\"BCA\",\"country\":\"ID\",\"created\":\"2025-12-01T03:01:59.922Z\",\"currency\":\"IDR\",\"expected_amount\":4277000,\"expiration_date\":\"2025-12-02T03:01:59Z\",\"external_id\":\"019ad7dc-21ed-716b-ab53-b2dcedf8273c\",\"id\":\"d0a80cf3-ed9d-47ac-89a4-676066d76281\",\"is_closed\":true,\"is_single_use\":false,\"merchant_code\":\"10766\",\"name\":\"John Doe\",\"owner_id\":\"5e943709950d7621c1d57639\",\"status\":\"ACTIVE\",\"updated\":\"2025-12-01T03:01:59.922Z\"}','2025-12-01 03:02:01',NULL,NULL),('ffacd291-6969-4b9a-aa20-d075c1253813','PAYMENT','CALLBACK_IN','104.23.160.40','axios/1.10.0',200,'{\"content-length\":[\"461\"],\"x-forwarded-proto\":[\"https\"],\"cf-visitor\":[\"{\\\"scheme\\\":\\\"https\\\"}\"],\"cf-ipcountry\":[\"US\"],\"cf-connecting-ip\":[\"52.89.130.89\"],\"cdn-loop\":[\"cloudflare; loops=1\"],\"accept\":[\"application\\/json, text\\/plain, *\\/*\"],\"connection\":[\"Keep-Alive\"],\"webhook-id\":[\"f4479a68-6d04-44d9-bd00-dcf0237a310c\"],\"host\":[\"cms-sarinah2025.unictive.net\"],\"cf-ray\":[\"9a580706484e68f1-PDX\"],\"user-agent\":[\"axios\\/1.10.0\"],\"accept-encoding\":[\"gzip, br\"],\"x-callback-token\":[\"2a83d0f21d839d93cf80bfa835a3abf99257569bfa8872b547e43ead16b21c92\"],\"content-type\":[\"application\\/json\"],\"x-forwarded-for\":[\"52.89.130.89\"]}','{\"account_number\":\"8808999935501532\",\"bank_code\":\"BNI\",\"country\":\"ID\",\"created\":\"2025-11-28T07:07:15.652Z\",\"currency\":\"IDR\",\"expected_amount\":4383500,\"expiration_date\":\"2025-11-29T07:07:15Z\",\"external_id\":\"019ac949-9ac6-715e-99a3-e94125bb91be\",\"id\":\"42fbae77-225c-4dcf-9c72-be4dda6fcc2c\",\"is_closed\":true,\"is_single_use\":false,\"merchant_code\":\"8808\",\"name\":\"XDT-Zone\",\"owner_id\":\"5e943709950d7621c1d57639\",\"status\":\"ACTIVE\",\"updated\":\"2025-11-28T07:07:15.652Z\"}','2025-11-28 07:07:17',NULL,NULL);
/*!40000 ALTER TABLE `callbacks` ENABLE KEYS */;
UNLOCK TABLES;

--
-- Table structure for table `categories`
--

DROP TABLE IF EXISTS `categories`;
/*!40101 SET @saved_cs_client     = @@character_set_client */;
/*!50503 SET character_set_client = utf8mb4 */;
CREATE TABLE `categories` (
  `id` bigint unsigned NOT NULL AUTO_INCREMENT,
  `parent_id` bigint unsigned DEFAULT NULL,
  `name` varchar(255) COLLATE utf8mb4_unicode_ci NOT NULL,
  `slug` varchar(255) COLLATE utf8mb4_unicode_ci DEFAULT NULL,
  `description` text COLLATE utf8mb4_unicode_ci,
  `order` int NOT NULL DEFAULT '0',
  `is_active` tinyint(1) NOT NULL DEFAULT '0',
  `is_navbar` tinyint(1) NOT NULL DEFAULT '0',
  `image` varchar(255) COLLATE utf8mb4_unicode_ci DEFAULT NULL,
  `meta_title` varchar(255) COLLATE utf8mb4_unicode_ci DEFAULT NULL,
  `meta_description` text COLLATE utf8mb4_unicode_ci,
  `meta_keywords` text COLLATE utf8mb4_unicode_ci,
  `created_at` timestamp NULL DEFAULT NULL,
  `updated_at` timestamp NULL DEFAULT NULL,
  PRIMARY KEY (`id`),
  KEY `categories_parent_id_foreign` (`parent_id`),
  CONSTRAINT `categories_parent_id_foreign` FOREIGN KEY (`parent_id`) REFERENCES `categories` (`id`) ON DELETE CASCADE
) ENGINE=InnoDB AUTO_INCREMENT=49 DEFAULT CHARSET=utf8mb4 COLLATE=utf8mb4_unicode_ci;
/*!40101 SET character_set_client = @saved_cs_client */;

--
-- Dumping data for table `categories`
--

LOCK TABLES `categories` WRITE;
/*!40000 ALTER TABLE `categories` DISABLE KEYS */;
INSERT INTO `categories` VALUES (1,NULL,'Fashion','fashion','Celebrate Indonesia\'s style heritage, from timeless batik to contemporary designs. Discover fashion that connects tradition with today\'s lifestyle.',1,1,0,'category/ZgA3UjIrmti9EhoE9BF3ggQvUCc3z1t5DDtuI7Gv.png','Fashion Indonesia: Batik & Modern Style | Sarinah ECommerce 2025','Celebrate Indonesia\'s fashion heritage with Sarinah. Discover timeless batik and contemporary designs that connect tradition with today’s lifestyle.','fashion, Indonesia, batik, contemporary style, Sarinah, heritage, modern lifestyle, ecommerce, clothing, design','2025-11-21 08:26:23','2025-12-02 03:02:32'),(2,NULL,'Food','food','Discover delicious food selections at Sarinah. Explore diverse tastes and culinary inspirations in one place.',5,1,0,'category/ocWDjzdYU3QqTAogMJElcKUahcwsiSdxBlgweSwy.jpg','Food Category | Sarinah ECommerce 2025','Discover delicious food selections at Sarinah. Explore diverse tastes and culinary inspirations in one place.','food, Sarinah, cuisine, culinary, taste, ecommerce, category, 2025','2025-11-21 08:27:03','2025-11-26 06:33:29'),(3,NULL,'Wellness','wellness','Boost your health and vitality with Sarinah’s Wellness category. Explore fitness essentials, activewear, and products designed to keep you strong and energized.',8,1,0,'category/pj6vwkTFjhWw7j2q6VAPhLjOo8CQKPkeGk7KQwPi.jpg','Wellness & Fitness: Energize Your Lifestyle | Sarinah ECommerce 2025','Boost your health and vitality with Sarinah’s Wellness category. Explore fitness essentials, activewear, and products designed to keep you strong and energized.','wellness, fitness, health, exercise, activewear, vitality, Sarinah, ecommerce, lifestyle, strength, energy','2025-11-21 08:28:04','2025-11-26 06:37:04'),(4,NULL,'Living','living','Transform your home with Sarinah’s Living category. Discover stylish furniture, décor, and essentials to create comfort and elegance in every room.',14,1,0,'category/nAJK1ThLi7gYNrzcsblfcODxZrpS0xUGFwmv3MG7.jpg','Living Spaces: Stylish Furniture & Home Decor | Sarinah ECommerce 2025','Transform your home with Sarinah’s Living category. Discover stylish furniture, décor, and essentials to create comfort and elegance in every room.','living, furniture, home decor, Sarinah, interior, room essentials, stylish, comfort, elegance, ecommerce, 2025','2025-11-21 08:29:46','2025-11-26 06:42:58'),(5,1,'Men\'s Wear','men-s-wear','Upgrade your wardrobe with Sarinah’s Men’s Wear collection. Discover sharp suits, casual essentials, and fashion-forward pieces that define modern masculinity.',2,1,0,'category/iKc7iqKCclfj2WwLOgmrvI2zYTMOL682OqIOAZv0.png','Men’s Wear: Modern Style & Timeless Elegance | Sarinah ECommerce 2025','Upgrade your wardrobe with Sarinah’s Men’s Wear collection. Discover sharp suits, casual essentials, and fashion-forward pieces that define modern masculinity.','men’s wear, fashion, Sarinah, suits, casual, modern style, wardrobe, elegance, ecommerce, clothing, 2025','2025-11-21 08:30:36','2025-11-28 06:27:39'),(6,2,'Indonesian Cuisine','indonesian-cuisine','Authentic Indonesian dishes such as nasi goreng, rendang, and satay, rich in flavor and tradition.',6,1,0,'category/LQTOjirvszBt9RUrE2XNuG2zem7inndrD22oH3Ze.png','Indonesian Cuisine | Sarinah E-Commerce','Explore authentic Indonesian cuisine at Sarinah. Nasi goreng, rendang, satay, and more | Sarinah E-Commerce','Indonesian food, masakan Indonesia, nasi goreng, rendang, sate, Sarinah cuisine','2025-11-21 08:31:32','2025-11-28 06:32:40'),(7,3,'Fitness & Yoga','fitness-yoga','Fitness and yoga essentials including mats, resistance bands, and wellness gear.',9,1,0,'category/Y4g7FCbHoAvVBDhYFW2NDYJPLPxO4uSh3GwgDAag.png','Fitness & Yoga Essentials | Sarinah E-Commerce','Shop fitness and yoga essentials at Sarinah. Mats, bands, and gear for active lifestyles | Sarinah E-Commerce','fitness, yoga, kebugaran, matras, resistance band, Sarinah wellness','2025-11-21 08:33:34','2025-11-28 07:22:12'),(8,4,'Home Decor','home-decor','Decorative items including wall art, vases, and lighting to enhance your home’s atmosphere.',16,1,0,'category/picuQf6C0Pxns4fYnjL78Iq7BUZwij2o5728SlTF.png','Home Decor | Sarinah E-Commerce','home decor, dekorasi rumah, wall art, vase, lighting, Sarinah home living','wellness, bedroom, sleep, comfort, relaxation, Sarinah, furniture, lifestyle, rest, home, ecommerce, 2025','2025-11-21 08:35:14','2025-11-28 07:11:37'),(9,NULL,'Grocery','grocery','Shop Sarinah’s Grocery category for fresh essentials, pantry staples, and local flavors that bring convenience and taste to your everyday life.',11,1,0,'category/8xhhuD3gMuNpEesNB3B3VgGjjjHh4al0Xu4KKd6p.jpg','Grocery Essentials: Fresh, Daily Needs & Local Flavors | Sarinah ECommerce 2025','Shop Sarinah’s Grocery category for fresh essentials, pantry staples, and local flavors that bring convenience and taste to your everyday life.','grocery, Sarinah, fresh food, pantry, essentials, local flavors, daily needs, shopping, ecommerce, 2025','2025-11-21 08:38:06','2025-11-26 06:49:04'),(10,9,'Fresh Produce','fresh-produce','Fresh fruits and vegetables sourced daily for healthy living.',12,1,0,'category/0FGBhaHggij5qXoYjrQNPtDQHyljDv1uaiSeaTk9.png','Fresh Produce | Sarinah E-Commerce','Shop fresh fruits and vegetables at Sarinah. Nutritious produce for everyday meals | Sarinah E-Commerce','fresh produce, hasil segar, buah, sayur, Sarinah grocery','2025-11-21 08:45:47','2025-11-28 06:55:33'),(11,1,'Womes\'s Wear','womes-s-wear','Discover Sarinah’s Women’s Wear collection. From chic dresses to everyday essentials, explore fashion that celebrates elegance and modern femininity.',3,1,0,'category/10f4jwQRvVjZxL2P4jP5qamOe5OqlgCfNUfQnFLT.png','Women’s Wear: Elegance, Style & Modern Trends | Sarinah ECommerce 2025','Discover Sarinah’s Women’s Wear collection. From chic dresses to everyday essentials, explore fashion that celebrates elegance and modern femininity.','women’s wear, fashion, Sarinah, dresses, chic, modern trends, elegance, wardrobe, clothing, ecommerce, 2025','2025-11-21 08:47:26','2025-11-28 06:28:26'),(12,1,'Unisex','unisex','Discover Sarinah’s Unisex Fashion collection. From casual essentials to statement pieces, explore versatile styles designed for all genders.',4,1,0,'category/9G3JGDCyIvtgvgiz3qh1e5s71xalZoSw03sbCVVm.png','Unisex Fashion: Versatile Style for Everyone | Sarinah ECommerce 2025','Discover Sarinah’s Unisex Fashion collection. From casual essentials to statement pieces, explore versatile styles designed for all genders.','unisex fashion, Sarinah, versatile style, casual wear, statement pieces, inclusive clothing, ecommerce, wardrobe, modern trends, 2025','2025-11-21 08:48:13','2025-11-28 06:29:39'),(13,2,'Asian Delights','asian-delights','Popular Asian meals including sushi, ramen, dim sum, and curry, blending taste and tradition.',7,1,0,'category/wf4Tn9uAkdt0nj9r0lFz0Wmc7jV1hbccm9jGiWUI.png','Asian Delights | Sarinah E-Commerce','Discover Asian delights at Sarinah. Sushi, ramen, dim sum, and curry | Sarinah E-Commerce','Asian food, hidangan Asia, sushi, ramen, dim sum, curry, Sarinah meals','2025-11-21 08:52:23','2025-11-28 06:34:10'),(14,9,'Pantry Staples','pantry-staples','Everyday essentials including rice, flour, oil, and spices for home cooking.',13,1,0,'category/wNbTRBYEieKdA82ZqHyW5QFvzlgcq240snMWTpUd.png','Pantry Staples | Sarinah E-Commerce','Stock up on pantry staples at Sarinah. Rice, flour, oil, and spices | Sarinah E-Commerce','pantry staples, bahan pokok, beras, tepung, minyak, rempah, Sarinah grocery','2025-11-21 08:55:52','2025-11-28 06:56:57'),(15,4,'Kitchenware','kitchenware','Essential kitchenware including cookware, utensils, and storage solutions for everyday cooking.',15,1,0,'category/x9KyHCJDmwhmEqYg94HGgviHAJGBpdJjLh9cLbhs.png','Kitchenware | Sarinah E-Commerce','Discover kitchenware at Sarinah. Cookware, utensils, and storage essentials | Sarinah E-Commerce','kitchenware, peralatan dapur, cookware, utensils, storage, Sarinah home living','2025-11-21 08:56:44','2025-11-28 07:13:19'),(16,4,'Furniture','furniture','Stylish and functional furniture for living rooms, bedrooms, and dining spaces.',17,1,0,'category/A2XbZfRYBZAoXLkncyw0V4DlSdRTjDk0Y9MVaPfJ.png','Furniture Collection | Sarinah E-Commerce','Discover stylish furniture at Sarinah. Sofas, beds, tables, and more | Sarinah E-Commerce','furniture, furnitur, sofa, bed, table, Sarinah home living','2025-11-21 08:57:26','2025-11-28 07:10:08'),(18,3,'Supplements','supplements','Daily wellness supplements including vitamins, minerals, and herbal blends for better health.',10,1,0,'category/j6PfOJA6RaE9aw1kbbET5kV4rfclvXEXXx5a10tl.png','Wellness Supplements | Sarinah E-Commerce','Shop wellness supplements at Sarinah. Vitamins, minerals, and herbal blends for daily health | Sarinah E-Commerce','supplements, suplemen, vitamins, minerals, herbal, Sarinah wellness','2025-11-21 09:18:28','2025-11-28 07:24:14'),(19,NULL,'Beauty','beauty','Explore our Beauty category featuring premium skincare, makeup, and self-care essentials. Each product is carefully curated to enhance natural radiance, confidence, and everyday wellness.',18,1,0,'category/ovOBvXYGX2cQSm2WzqKdSNKPySe5PT3ytpdXMMkV.jpg','Beauty Collection | Skincare, Makeup & Self-Care Essentials','Discover our Beauty category with premium skincare, makeup, and wellness products. Perfect for glowing skin and confident style.','beauty, skincare, makeup, self-care, wellness, premium beauty, glowing skin, cosmetics','2025-11-26 03:15:47','2025-11-26 06:54:08'),(20,19,'Skincare','skincare','Discover our Skincare category featuring premium products for healthy, radiant skin. From cleansers and moisturizers to serums and masks, each item is carefully selected to nourish, protect, and enhance your natural glow.',19,1,0,'category/RQtDGLW5iFSBcBzhcaRZ5spqEFSEXdrvP51uRrUB.png','Skincare Collection | Premium Cleansers, Moisturizers & Serums','Shop our Skincare category with premium cleansers, moisturizers, and serums. Perfect for glowing, healthy skin every day.','skincare, cleansers, moisturizers, serums, masks, healthy skin, glowing skin, premium skincare','2025-11-26 03:18:42','2025-11-26 04:59:17'),(21,19,'Fragrance','fragrance','Indulge in our Fragrance category featuring premium perfumes and scents. From timeless classics to modern blends, each fragrance is crafted to elevate your style and leave a lasting impression.',20,1,0,'category/X8Lqy1OwbTUs2HtVRZSCygQRoYTGuQzTv3hbMaha.png','Fragrance Collection | Premium Perfumes & Signature Scents','Explore our Fragrance category with premium perfumes and signature scents. Perfect for everyday elegance and special occasions.','fragrance, perfumes, scents, premium fragrance, signature perfumes, luxury fragrance, elegant scents','2025-11-26 03:24:00','2025-11-26 05:00:09'),(22,19,'Makeup','makeup','Discover our Makeup category featuring premium cosmetics for every occasion. From foundations and lipsticks to eyeshadows and blush, each product is designed to enhance natural beauty and express personal style.',21,1,0,'category/0X6Uq5LjmA1bjIwyzFHtu6KV8p51ItbdNGF27kZi.png','Makeup Collection | Premium Cosmetics for Every Look','Explore our Makeup category with premium foundations, lipsticks, eyeshadows, and blush. Perfect for natural beauty and bold styles.','makeup, cosmetics, foundation, lipstick, eyeshadow, blush, premium makeup, beauty products','2025-11-26 03:54:00','2025-11-28 06:44:40'),(23,1,'Kids & Baby','kids-baby','Comfortable and fun clothing for kids and babies, perfect for everyday wear.',100,1,0,'category/BLHRop0Mb4ZJ6PpsMkIFspuUXNgV8crkYFiCoUwC.png','Kids & Baby Fashion | Sarinah E-Commerce','Shop cute and comfortable kids & baby fashion at Sarinah. Everyday essentials and trendy outfits | Sarinah E-Commerce','kids fashion, baby clothing, pakaian anak, pakaian bayi, Sarinah kids wear','2025-11-28 06:11:28','2025-11-28 06:22:21'),(24,1,'Footwear','footwear','Stylish footwear for men, women, and kids, from sneakers to heels.',101,1,0,'category/ABzudjzMgw407JUI5IC5Wa52aTWElmMxclDVIt4T.png','Footwear Collection | Sarinah E-Commerce','Find stylish footwear at Sarinah. Sneakers, heels, boots, and sandals for all occasions | Sarinah E-Commerce','footwear, sepatu, sneakers, heels, boots, sandals, Sarinah shoes','2025-11-28 06:13:51','2025-11-28 06:20:49'),(25,1,'Accessories','accessories','Fashion accessories including bags, belts, hats, and scarves to complete your look.',102,1,0,'category/OpLDYGCitBYl1qDk1FdZ8oMgur9Sanfr6HNGVXoJ.png','Fashion Accessories | Sarinah E-Commerce','Shop fashion accessories at Sarinah. Bags, belts, hats, and scarves to elevate your style | Sarinah E-Commerce','accessories, aksesoris, bags, belts, hats, scarves, Sarinah fashion','2025-11-28 06:15:50','2025-11-28 06:19:33'),(26,1,'Activewear','activewear','Comfortable and durable sportswear for gym, yoga, and outdoor activities.',103,1,0,'category/kmLNKx5troeHRDA3ugd5Gh4V3EFBgiKAjOgufcU5.png','Activewear Collection | Sarinah E-Commerce','Discover activewear at Sarinah. Gym wear, yoga outfits, and sportswear for active lifestyles | Sarinah E-Commerce','activewear, sportswear, pakaian olahraga, gym wear, yoga wear, Sarinah fashion','2025-11-28 06:18:55','2025-11-28 06:18:55'),(27,1,'Traditional Wear','traditional-wear','Authentic Indonesian traditional clothing such as batik, kebaya, and songket.',104,1,0,'category/CIdQpeldzzzXbyfTGRVqunxvpUj4Q4byXH7Bizu1.png','Traditional Wear | Sarinah E-Commerce','Celebrate Indonesian heritage with traditional wear at Sarinah. Batik, kebaya, and cultural fashion | Sarinah E-Commerce','traditional wear, busana tradisional, batik, kebaya, songket, Sarinah culture fashion','2025-11-28 06:26:05','2025-11-28 06:26:05'),(28,2,'Western Classics','western-classics','Classic Western meals such as burgers, pasta, pizza, and steak, perfect for all occasions.',105,1,0,'category/mj8kqSNmeC17tvYkloqBG2OWnDxYoYmlJfieJBfH.png','Western Classics | Sarinah E-Commerce','Shop Western classics at Sarinah. Burgers, pasta, pizza, and steak | Sarinah E-Commerce','western food, hidangan barat, burger, pasta, pizza, steak, Sarinah cuisine','2025-11-28 06:35:43','2025-11-28 06:35:43'),(29,2,'Street Food','street-food','Flavorful street food favorites including fried snacks, skewers, and quick bites.',106,1,0,'category/I70Xd6RSmgecFVtiR3m9fnQIpmMZ8XSUKRpv6jig.png','Street Food | Sarinah E-Commerce','Taste street food at Sarinah. Fried snacks, skewers, and quick bites | Sarinah E-Commerce','street food, jajanan jalanan, gorengan, sate, Sarinah snacks','2025-11-28 06:37:04','2025-11-28 06:39:02'),(30,2,'Healthy Bowls','healthy-bowls','Nutritious ready-to-eat meals including salad bowls, poke bowls, and plant-based dishes.',107,1,0,'category/HCdMxfYViLKW0UHBelWpRNtEZHhkhmYdgt8Z7Zbd.png','Healthy Bowls | Sarinah E-Commerce','Enjoy healthy bowls at Sarinah. Nutritious salads, poke bowls, and plant-based meals | Sarinah E-Commerce','healthy food, hidangan sehat, salad, poke bowl, plant-based, Sarinah healthy meals','2025-11-28 06:38:33','2025-11-28 06:38:52'),(31,2,'Desserts & Sweets','desserts-sweets','Delightful desserts including cakes, ice cream, puddings, and traditional sweets.',108,1,0,'category/gxjdCS8B3cew2AycM4X3PQoB2pEZRnWiUVBENYYH.png','Desserts & Sweets | Sarinah E-Commerce','Indulge in desserts at Sarinah. Cakes, ice cream, puddings, and sweets | Sarinah E-Commerce','desserts, sweets, hidangan penutup, kue, es krim, puding, Sarinah desserts','2025-11-28 06:40:36','2025-11-28 06:40:36'),(32,2,'Beverages','beverages','Ready-to-drink beverages including coffee, tea, juices, and traditional drinks.',109,1,0,'category/H4mSuGiuqS0oaSIVcRHyAGKzHmWoTGn06qYOScum.png','Beverages | Sarinah E-Commerce','Refresh with beverages at Sarinah. Coffee, tea, juices, and traditional drinks | Sarinah E-Commerce','beverages, drinks, minuman, kopi, teh, jus, Sarinah drinks','2025-11-28 06:42:14','2025-11-28 06:42:14'),(33,19,'Haircare','haircare','Haircare essentials including shampoos, conditioners, oils, and treatments for strong healthy hair.',110,1,0,'category/Y2maKGASP7vRAkw2kJMRiar9Jc5gvtUP4Yzd08K1.png','Haircare Essentials | Sarinah E-Commerce','Discover haircare essentials at Sarinah. Shampoos, conditioners, oils, and treatments | Sarinah E-Commerce','haircare, perawatan rambut, shampoo, conditioner, hair oil, Sarinah beauty','2025-11-28 06:46:21','2025-11-28 06:46:21'),(34,19,'Men’s Grooming','men-s-grooming','Grooming essentials for men including shaving kits, beard oils, and skincare solutions.',111,1,0,'category/3tRgAFnA5l1u6qSwGl8mOW8CNwfycnw8vMvHOLBt.png','Men’s Grooming | Sarinah E-Commerce','Discover men’s grooming at Sarinah. Shaving kits, beard oils, and skincare | Sarinah E-Commerce','men’s grooming, perawatan pria, shaving, beard oil, skincare, Sarinah beauty','2025-11-28 06:47:50','2025-11-28 06:47:50'),(35,9,'Snacks & Packaged Food','snacks-packaged-food','Convenient packaged snacks and ready-to-eat food for quick enjoyment.',112,1,0,'category/kiJgJOnI66c6S2pi34F2IqhHSsMCqw1VG5d6O9M2.png','Snacks & Packaged Food | Sarinah E-Commerce','Explore packaged snacks and ready-to-eat food at Sarinah. Quick bites for all occasions | Sarinah E-Commerce','snacks, packaged food, camilan, makanan kemasan, Sarinah grocery','2025-11-28 06:58:30','2025-11-28 06:58:30'),(36,9,'Drinks','drinks','Refreshing drinks including bottled water, juices, teas, and soft drinks.',113,1,0,'category/ncJLCACAJ1t434xcmALSmVnFTlzsDHTTIhCAQMkv.png','Beverages | Sarinah E-Commerce','Shop beverages at Sarinah. Bottled water, juices, teas, and soft drinks | Sarinah E-Commerce','beverages, drinks, minuman, jus, teh, air mineral, Sarinah grocery','2025-11-28 07:00:59','2025-11-28 07:00:59'),(37,9,'Dairy & Eggs','dairy-eggs','Fresh dairy products and eggs for breakfast, baking, and cooking.',114,1,0,'category/m8PNOCPTZS2zYRwfOtYwxTYz300VkJb6X7ntzGmB.png','Dairy & Eggs | Sarinah E-Commerce','Discover dairy and eggs at Sarinah. Milk, cheese, butter, and eggs | Sarinah E-Commerce','dairy, eggs, susu, keju, mentega, telur, Sarinah grocery','2025-11-28 07:02:47','2025-11-28 07:02:47'),(38,9,'Frozen Food','frozen-food','Convenient frozen meals, vegetables, and proteins for quick cooking.',115,1,0,'category/nTaAJ7ujyjkRDUgD3G5r95y9oKrP8hjdX1ayTL0c.png','Frozen Food | Sarinah E-Commerce','Shop frozen food at Sarinah. Quick meals, vegetables, and proteins | Sarinah E-Commerce','frozen food, makanan beku, quick meals, Sarinah grocery','2025-11-28 07:05:28','2025-11-28 07:05:28'),(39,9,'Condiments & Sauces','condiments-sauces','Flavorful condiments and sauces including soy sauce, chili sauce, and seasonings.',116,1,0,'category/NesrG4MrsmNnIYL3hnoxytrLHYxAsCQB5XSZAhhW.png','Condiments & Sauces | Sarinah E-Commerce','Explore condiments and sauces at Sarinah. Soy sauce, chili sauce, and seasonings | Sarinah E-Commerce','condiments, sauces, saus, bumbu, kecap, sambal, Sarinah grocery','2025-11-28 07:07:28','2025-11-28 07:07:28'),(40,4,'Bedding','bedding','Comfortable bedding including sheets, pillows, and blankets for restful sleep.',117,1,0,'category/sEOwcKTxB5r5YP6qdiW8PEu1CehukbPxHYZ7QfUn.png','Bedding Essentials | Sarinah E-Commerce','Shop bedding essentials at Sarinah. Sheets, pillows, and blankets for comfort | Sarinah E-Commerce','bedding, perlengkapan tidur, sheets, pillows, blankets, Sarinah home living','2025-11-28 07:14:49','2025-11-28 07:14:49'),(41,4,'Storage & Organization','storage-organization','Smart storage solutions including shelves, boxes, and organizers to keep your home tidy.',118,1,0,'category/0a2wK1d9Bo4W416A5d8DYo54ocGHHDiY4OY8spHn.png','Storage & Organization | Sarinah E-Commerce','Explore storage and organization at Sarinah. Shelves, boxes, and organizers | Sarinah E-Commerce','storage, organization, penyimpanan, organizer, rak, Sarinah home living','2025-11-28 07:16:40','2025-11-28 07:16:40'),(42,4,'Cleaning Supplies','cleaning-supplies','Cleaning essentials including detergents, brushes, and tools for a spotless home.',118,1,0,'category/vD5oermzq1hL3o8jvqIQmEYdSUtqpTAv2JNVcjeD.png','Cleaning Supplies | Sarinah E-Commerce','Shop cleaning supplies at Sarinah. Detergents, brushes, and tools for a clean home | Sarinah E-Commerce','cleaning supplies, peralatan kebersihan, detergents, brushes, tools, Sarinah home living','2025-11-28 07:18:18','2025-11-28 07:18:18'),(43,4,'Lighting','lighting','Stylish lighting solutions including lamps, chandeliers, and LED fixtures for every room.',119,1,0,'category/omv5uDHJcTJm6TcOznjfgL52MmR4KKZSc0bXBeuW.png','Lighting Collection | Sarinah E-Commerce','Discover lighting at Sarinah. Lamps, chandeliers, and LED fixtures | Sarinah E-Commerce','lighting, pencahayaan, lamp, chandelier, LED, Sarinah home living','2025-11-28 07:19:55','2025-11-28 07:19:55'),(44,3,'Aromatherapy','aromatherapy','Relaxing aromatherapy products including essential oils, diffusers, and scented candles.',120,1,0,'category/lKbCYkQgowersfKYZcXcA4Yct1d5N0vVUEwgUwED.png','Aromatherapy Collection | Sarinah E-Commerce','Discover aromatherapy at Sarinah. Essential oils, diffusers, and scented candles for relaxation | Sarinah E-Commerce','aromatherapy, aromaterapi, essential oils, diffuser, candles, Sarinah wellness','2025-11-28 08:33:53','2025-11-28 08:33:53'),(45,3,'Spa & Body Care','spa-body-care','Spa-inspired body care including scrubs, bath salts, and massage oils for relaxation.',121,1,0,'category/37ZQTB2Gk3Cr9AKIhKWwO45jsfkIPFq4wFDu1VBt.png','Spa & Body Care | Sarinah E-Commerce','Shop spa and body care at Sarinah. Scrubs, bath salts, and massage oils | Sarinah E-Commerce','spa, body care, perawatan tubuh, scrub, bath salts, massage oil, Sarinah wellness','2025-11-28 08:35:42','2025-11-28 08:35:42'),(46,3,'Sleep & Relaxation','sleep-relaxation','Sleep aids and relaxation products including pillows, teas, and calming sprays.',122,1,0,'category/LfbqNOWhKc0Sfe4DsmswN1PMV92MDvZqDLDoIUPM.png','Sleep & Relaxation | Sarinah E-Commerce','Discover sleep and relaxation products at Sarinah. Pillows, teas, and calming sprays | Sarinah E-Commerce','sleep, relaxation, tidur, relaksasi, pillows, teas, sprays, Sarinah wellness','2025-11-28 08:37:13','2025-11-28 08:37:13'),(47,3,'Personal Care Devices','personal-care-devices','Modern personal care devices including massagers, facial rollers, and wellness tech.',123,1,0,'category/LXDDn4rhY6u21vGvbX2CdzxSbLBgAJ6NPi2LX2W2.png','Personal Care Devices | Sarinah E-Commerce','Explore personal care devices at Sarinah. Massagers, facial rollers, and wellness tech | Sarinah E-Commerce','personal care, perangkat perawatan, massager, facial roller, wellness tech, Sarinah wellness','2025-11-28 08:39:33','2025-11-28 08:39:33'),(48,3,'Mindfulness & Meditation','mindfulness-meditation','Tools for mindfulness and meditation including journals, cushions, and calming kits.',124,1,0,'category/O25uYF7KfCkg48X8OEo3asWPeqKORAwe1ZyrAeaX.png','Mindfulness & Meditation | Sarinah E-Commerce','Explore mindfulness and meditation at Sarinah. Journals, cushions, and calming kits | Sarinah E-Commerce','mindfulness, meditation, meditasi, journals, cushions, Sarinah wellness','2025-11-28 08:43:01','2025-11-28 08:43:01');
/*!40000 ALTER TABLE `categories` ENABLE KEYS */;
UNLOCK TABLES;

--
-- Table structure for table `channel_categories`
--

DROP TABLE IF EXISTS `channel_categories`;
/*!40101 SET @saved_cs_client     = @@character_set_client */;
/*!50503 SET character_set_client = utf8mb4 */;
CREATE TABLE `channel_categories` (
  `id` char(36) COLLATE utf8mb4_unicode_ci NOT NULL,
  `gateway_id` char(36) COLLATE utf8mb4_unicode_ci NOT NULL,
  `code` varchar(255) COLLATE utf8mb4_unicode_ci NOT NULL,
  `name` varchar(255) COLLATE utf8mb4_unicode_ci NOT NULL,
  `description` text COLLATE utf8mb4_unicode_ci,
  `is_enabled` tinyint(1) NOT NULL DEFAULT '0',
  `is_published` tinyint(1) NOT NULL DEFAULT '0',
  `created_at` timestamp NULL DEFAULT NULL,
  `updated_at` timestamp NULL DEFAULT NULL,
  `deleted_at` timestamp NULL DEFAULT NULL,
  PRIMARY KEY (`id`),
  UNIQUE KEY `channel_categories_code_unique` (`code`),
  KEY `channel_categories_gateway_id_foreign` (`gateway_id`),
  CONSTRAINT `channel_categories_gateway_id_foreign` FOREIGN KEY (`gateway_id`) REFERENCES `gateways` (`id`) ON DELETE CASCADE
) ENGINE=InnoDB DEFAULT CHARSET=utf8mb4 COLLATE=utf8mb4_unicode_ci;
/*!40101 SET character_set_client = @saved_cs_client */;

--
-- Dumping data for table `channel_categories`
--

LOCK TABLES `channel_categories` WRITE;
/*!40000 ALTER TABLE `channel_categories` DISABLE KEYS */;
INSERT INTO `channel_categories` VALUES ('98e9658b-c156-4106-bf7d-c4d6c07bfe3d','dc976129-3c1a-4ccb-afcc-35caacd5cbb7','VIRTUAL_ACCOUNT','Virtual Account',NULL,1,1,'2023-04-11 09:46:24','2023-04-11 09:46:24',NULL),('98e9658b-c5b3-415a-aea8-e9dd526770c2','dc976129-3c1a-4ccb-afcc-35caacd5cbb7','RETAIL_OUTLET','Retail Outlet',NULL,1,1,'2023-04-11 09:46:24','2023-04-11 09:46:24',NULL),('98e9658b-c653-45aa-bfd6-6585fc378959','dc976129-3c1a-4ccb-afcc-35caacd5cbb7','EWALLET','Ewallet',NULL,1,1,'2023-04-11 09:46:24','2023-04-11 09:46:24',NULL),('98e9658b-c731-419b-9bd3-766be2abaa32','dc976129-3c1a-4ccb-afcc-35caacd5cbb7','CREDIT_CARD','Credit Card',NULL,1,1,'2023-04-11 09:46:24','2023-04-11 09:46:24',NULL),('98e9658b-c7f6-4ad4-941b-0794935e88d2','dc976129-3c1a-4ccb-afcc-35caacd5cbb7','QRIS','Qris',NULL,1,1,'2023-04-11 09:46:24','2023-04-11 09:46:24',NULL);
/*!40000 ALTER TABLE `channel_categories` ENABLE KEYS */;
UNLOCK TABLES;

--
-- Table structure for table `channel_settings`
--

DROP TABLE IF EXISTS `channel_settings`;
/*!40101 SET @saved_cs_client     = @@character_set_client */;
/*!50503 SET character_set_client = utf8mb4 */;
CREATE TABLE `channel_settings` (
  `channel_id` char(36) COLLATE utf8mb4_unicode_ci NOT NULL,
  `meta` varchar(255) COLLATE utf8mb4_unicode_ci NOT NULL,
  `value` text COLLATE utf8mb4_unicode_ci,
  `type` varchar(255) COLLATE utf8mb4_unicode_ci DEFAULT NULL,
  `description` text COLLATE utf8mb4_unicode_ci,
  `created_at` timestamp NULL DEFAULT NULL,
  `updated_at` timestamp NULL DEFAULT NULL,
  `deleted_at` timestamp NULL DEFAULT NULL,
  PRIMARY KEY (`channel_id`,`meta`),
  CONSTRAINT `channel_settings_channel_id_foreign` FOREIGN KEY (`channel_id`) REFERENCES `channels` (`id`) ON DELETE CASCADE
) ENGINE=InnoDB DEFAULT CHARSET=utf8mb4 COLLATE=utf8mb4_unicode_ci;
/*!40101 SET character_set_client = @saved_cs_client */;

--
-- Dumping data for table `channel_settings`
--

LOCK TABLES `channel_settings` WRITE;
/*!40000 ALTER TABLE `channel_settings` DISABLE KEYS */;
/*!40000 ALTER TABLE `channel_settings` ENABLE KEYS */;
UNLOCK TABLES;

--
-- Table structure for table `channels`
--

DROP TABLE IF EXISTS `channels`;
/*!40101 SET @saved_cs_client     = @@character_set_client */;
/*!50503 SET character_set_client = utf8mb4 */;
CREATE TABLE `channels` (
  `id` char(36) COLLATE utf8mb4_unicode_ci NOT NULL,
  `channel_category_id` char(36) COLLATE utf8mb4_unicode_ci NOT NULL,
  `code` varchar(255) COLLATE utf8mb4_unicode_ci NOT NULL,
  `name` varchar(255) COLLATE utf8mb4_unicode_ci NOT NULL,
  `description` text COLLATE utf8mb4_unicode_ci,
  `expires_in_hours` int NOT NULL DEFAULT '1',
  `minimum_amount` int NOT NULL DEFAULT '0',
  `cost` int NOT NULL DEFAULT '0',
  `is_enabled` tinyint(1) NOT NULL DEFAULT '0',
  `is_published` tinyint(1) NOT NULL DEFAULT '0',
  `created_at` timestamp NULL DEFAULT NULL,
  `updated_at` timestamp NULL DEFAULT NULL,
  `deleted_at` timestamp NULL DEFAULT NULL,
  PRIMARY KEY (`id`),
  UNIQUE KEY `channels_code_unique` (`code`),
  KEY `channels_channel_category_id_foreign` (`channel_category_id`),
  CONSTRAINT `channels_channel_category_id_foreign` FOREIGN KEY (`channel_category_id`) REFERENCES `channel_categories` (`id`) ON DELETE CASCADE
) ENGINE=InnoDB DEFAULT CHARSET=utf8mb4 COLLATE=utf8mb4_unicode_ci;
/*!40101 SET character_set_client = @saved_cs_client */;

--
-- Dumping data for table `channels`
--

LOCK TABLES `channels` WRITE;
/*!40000 ALTER TABLE `channels` DISABLE KEYS */;
INSERT INTO `channels` VALUES ('98e9658b-c3da-41c0-b5f8-c3af55d54b1a','98e9658b-c156-4106-bf7d-c4d6c07bfe3d','BCA','BCA virtual account',NULL,1,0,0,1,1,'2023-04-11 02:46:24','2023-05-06 23:16:22',NULL),('98e9658b-c4ab-4523-82a0-8ab4ac756a12','98e9658b-c156-4106-bf7d-c4d6c07bfe3d','BRI','BRI virtual account',NULL,1,0,0,1,0,'2023-04-11 02:46:24','2023-05-06 23:15:57',NULL),('98e9658b-c4fb-44a4-b056-91dc1a51759f','98e9658b-c156-4106-bf7d-c4d6c07bfe3d','BNI','BNI virtual account',NULL,1,0,0,1,1,'2023-04-11 02:46:24','2023-05-07 06:41:35',NULL),('98e9658b-c53c-4935-8505-aa11bf284787','98e9658b-c156-4106-bf7d-c4d6c07bfe3d','MANDIRI','Mandiri virtual account',NULL,1,0,0,1,1,'2023-04-11 02:46:24','2023-05-07 07:14:37',NULL),('98e9658b-c578-4331-9b1e-1f5b982c2885','98e9658b-c156-4106-bf7d-c4d6c07bfe3d','PERMATA','Permata virtual account',NULL,1,0,0,1,1,'2023-04-11 02:46:24','2023-05-07 06:40:10',NULL),('98e9658b-c5e9-495f-9ace-fd79b5f17cd9','98e9658b-c5b3-415a-aea8-e9dd526770c2','ALFAMART','Alfamart retail outlet',NULL,1,0,0,0,1,'2023-04-11 02:46:24','2023-05-07 06:41:11',NULL),('98e9658b-c621-4d7a-9409-ea9377fb6f35','98e9658b-c5b3-415a-aea8-e9dd526770c2','INDOMARET','Indomaret retail outlet',NULL,1,0,0,0,1,'2023-04-11 02:46:24','2023-05-07 06:40:34',NULL),('98e9658b-c68c-4dfb-8e26-688643151cde','98e9658b-c653-45aa-bfd6-6585fc378959','OVO','OVO e-wallet',NULL,1,0,0,1,1,'2023-04-11 02:46:24','2023-05-07 06:39:59',NULL),('98e9658b-c6bc-477e-aa3b-0c5215855422','98e9658b-c653-45aa-bfd6-6585fc378959','DANA','DANA e-wallet',NULL,1,0,0,1,0,'2023-04-11 02:46:24','2023-05-06 23:15:39',NULL),('98e9658b-c6ff-46d0-a013-75f21ca94ff3','98e9658b-c653-45aa-bfd6-6585fc378959','LINKAJA','LinkAja e-wallet',NULL,1,0,0,1,0,'2023-04-11 02:46:24','2023-05-06 23:15:11',NULL),('98e9658b-c761-4801-957b-1efbfbe1c1f3','98e9658b-c731-419b-9bd3-766be2abaa32','VISA','Credit and Debit Cards',NULL,1,0,0,1,1,'2023-04-11 02:46:24','2023-07-19 11:24:03',NULL),('98e9658b-c794-4f49-877f-9475fdccf24d','98e9658b-c731-419b-9bd3-766be2abaa32','MASTERCARD','Mastercard credit and debit cards',NULL,1,0,0,1,0,'2023-04-11 02:46:24','2023-05-06 23:14:47',NULL),('98e9658b-c7c6-4fa9-a0e0-d83057571911','98e9658b-c731-419b-9bd3-766be2abaa32','JCB','JCB credit and debit cards',NULL,1,0,0,1,0,'2023-04-11 02:46:24','2023-05-06 23:15:22',NULL),('98e9658b-c831-453f-bd35-423a15e98d2c','98e9658b-c7f6-4ad4-941b-0794935e88d2','QRIS','QR Codes',NULL,1,0,0,1,1,'2023-04-11 02:46:24','2023-05-13 23:47:16',NULL);
/*!40000 ALTER TABLE `channels` ENABLE KEYS */;
UNLOCK TABLES;

--
-- Table structure for table `checkout_sessions`
--

DROP TABLE IF EXISTS `checkout_sessions`;
/*!40101 SET @saved_cs_client     = @@character_set_client */;
/*!50503 SET character_set_client = utf8mb4 */;
CREATE TABLE `checkout_sessions` (
  `id` char(36) COLLATE utf8mb4_unicode_ci NOT NULL DEFAULT (uuid()),
  `user_id` bigint unsigned DEFAULT NULL,
  `user_address_id` bigint unsigned DEFAULT NULL,
  `voucher_id` char(36) COLLATE utf8mb4_unicode_ci DEFAULT NULL,
  `voucher_code` varchar(50) COLLATE utf8mb4_unicode_ci DEFAULT NULL,
  `voucher_discount_amount` bigint unsigned DEFAULT NULL,
  `created_at` timestamp NULL DEFAULT NULL,
  `updated_at` timestamp NULL DEFAULT NULL,
  PRIMARY KEY (`id`),
  KEY `checkout_sessions_user_id_foreign` (`user_id`),
  KEY `checkout_sessions_user_address_id_foreign` (`user_address_id`),
  KEY `checkout_sessions_voucher_id_index` (`voucher_id`),
  CONSTRAINT `checkout_sessions_user_address_id_foreign` FOREIGN KEY (`user_address_id`) REFERENCES `user_addresses` (`id`) ON DELETE CASCADE,
  CONSTRAINT `checkout_sessions_user_id_foreign` FOREIGN KEY (`user_id`) REFERENCES `users` (`id`) ON DELETE CASCADE,
  CONSTRAINT `checkout_sessions_voucher_id_foreign` FOREIGN KEY (`voucher_id`) REFERENCES `vouchers` (`id`) ON DELETE SET NULL
) ENGINE=InnoDB DEFAULT CHARSET=utf8mb4 COLLATE=utf8mb4_unicode_ci;
/*!40101 SET character_set_client = @saved_cs_client */;

--
-- Dumping data for table `checkout_sessions`
--

LOCK TABLES `checkout_sessions` WRITE;
/*!40000 ALTER TABLE `checkout_sessions` DISABLE KEYS */;
INSERT INTO `checkout_sessions` VALUES ('019ad982-3bec-72f4-b7a3-17444d933890',19,13,'019ae25c-4097-72c3-8235-4bfbf4cff567','HOLIDAY100K',100000,'2025-12-01 10:43:02','2025-12-03 09:20:29');
/*!40000 ALTER TABLE `checkout_sessions` ENABLE KEYS */;
UNLOCK TABLES;

--
-- Table structure for table `couriers`
--

DROP TABLE IF EXISTS `couriers`;
/*!40101 SET @saved_cs_client     = @@character_set_client */;
/*!50503 SET character_set_client = utf8mb4 */;
CREATE TABLE `couriers` (
  `id` char(36) COLLATE utf8mb4_unicode_ci NOT NULL DEFAULT (uuid()),
  `name` varchar(255) COLLATE utf8mb4_unicode_ci NOT NULL,
  `is_active` tinyint(1) NOT NULL DEFAULT '0',
  `created_at` timestamp NULL DEFAULT NULL,
  `updated_at` timestamp NULL DEFAULT NULL,
  PRIMARY KEY (`id`)
) ENGINE=InnoDB DEFAULT CHARSET=utf8mb4 COLLATE=utf8mb4_unicode_ci;
/*!40101 SET character_set_client = @saved_cs_client */;

--
-- Dumping data for table `couriers`
--

LOCK TABLES `couriers` WRITE;
/*!40000 ALTER TABLE `couriers` DISABLE KEYS */;
INSERT INTO `couriers` VALUES ('019ac945-eac4-721b-a224-531f5f152fc4','Pick up in store',1,'2025-11-28 07:03:13','2025-11-28 07:03:13');
/*!40000 ALTER TABLE `couriers` ENABLE KEYS */;
UNLOCK TABLES;

--
-- Table structure for table `failed_jobs`
--

DROP TABLE IF EXISTS `failed_jobs`;
/*!40101 SET @saved_cs_client     = @@character_set_client */;
/*!50503 SET character_set_client = utf8mb4 */;
CREATE TABLE `failed_jobs` (
  `id` bigint unsigned NOT NULL AUTO_INCREMENT,
  `uuid` varchar(255) COLLATE utf8mb4_unicode_ci NOT NULL,
  `connection` text COLLATE utf8mb4_unicode_ci NOT NULL,
  `queue` text COLLATE utf8mb4_unicode_ci NOT NULL,
  `payload` longtext COLLATE utf8mb4_unicode_ci NOT NULL,
  `exception` longtext COLLATE utf8mb4_unicode_ci NOT NULL,
  `failed_at` timestamp NOT NULL DEFAULT CURRENT_TIMESTAMP,
  PRIMARY KEY (`id`),
  UNIQUE KEY `failed_jobs_uuid_unique` (`uuid`)
) ENGINE=InnoDB DEFAULT CHARSET=utf8mb4 COLLATE=utf8mb4_unicode_ci;
/*!40101 SET character_set_client = @saved_cs_client */;

--
-- Dumping data for table `failed_jobs`
--

LOCK TABLES `failed_jobs` WRITE;
/*!40000 ALTER TABLE `failed_jobs` DISABLE KEYS */;
/*!40000 ALTER TABLE `failed_jobs` ENABLE KEYS */;
UNLOCK TABLES;

--
-- Table structure for table `file_payments`
--

DROP TABLE IF EXISTS `file_payments`;
/*!40101 SET @saved_cs_client     = @@character_set_client */;
/*!50503 SET character_set_client = utf8mb4 */;
CREATE TABLE `file_payments` (
  `id` bigint unsigned NOT NULL AUTO_INCREMENT,
  `fileable_type` varchar(255) COLLATE utf8mb4_unicode_ci NOT NULL,
  `fileable_id` char(36) COLLATE utf8mb4_unicode_ci NOT NULL,
  `file_type` enum('IMAGE','VIDEO') COLLATE utf8mb4_unicode_ci NOT NULL,
  `disk` varchar(255) COLLATE utf8mb4_unicode_ci DEFAULT NULL,
  `name` varchar(255) COLLATE utf8mb4_unicode_ci NOT NULL,
  `path` varchar(255) COLLATE utf8mb4_unicode_ci DEFAULT NULL,
  `created_at` timestamp NULL DEFAULT NULL,
  `updated_at` timestamp NULL DEFAULT NULL,
  `deleted_at` timestamp NULL DEFAULT NULL,
  PRIMARY KEY (`id`),
  UNIQUE KEY `files_name_unique` (`name`),
  KEY `files_fileable_type_fileable_id_index` (`fileable_type`,`fileable_id`)
) ENGINE=InnoDB AUTO_INCREMENT=14 DEFAULT CHARSET=utf8mb4 COLLATE=utf8mb4_unicode_ci;
/*!40101 SET character_set_client = @saved_cs_client */;

--
-- Dumping data for table `file_payments`
--

LOCK TABLES `file_payments` WRITE;
/*!40000 ALTER TABLE `file_payments` DISABLE KEYS */;
INSERT INTO `file_payments` VALUES (1,'App\\Models\\Procedure','98eb0e24-1ee7-47e0-89e2-b6f796dd1ec5','IMAGE','local','Blender-Logo','procedures/teOJWsX88l1sia09h9YDLnE4nldkHpCjRMfxlLIJ.png','2023-04-12 12:33:39','2023-04-12 12:33:39',NULL),(2,'App\\Models\\Channel','98e9658b-c3da-41c0-b5f8-c3af55d54b1a','IMAGE','public','bca-mainan-jebo-6','channels/19nscW9ohfIf0XKmEkkEejlOE9GPpB6q2SJaFO02.png','2023-04-16 21:42:47','2023-04-16 21:43:35',NULL),(3,'App\\Models\\Channel','98e9658b-c831-453f-bd35-423a15e98d2c','IMAGE','public','qris','channels/DdYs0T982UWfBMvO2ZfBBXFQfpnG3wNUMBy5ncdI.png','2023-04-17 12:54:41','2023-04-17 12:54:41',NULL),(4,'App\\Models\\Channel','98e9658b-c578-4331-9b1e-1f5b982c2885','IMAGE','public','permata','channels/uENHHqt9zNJxgvTrmiDLg4nXaQpkAmP5Q7CYImhu.png','2023-05-07 20:39:50','2023-05-07 20:39:50',NULL),(5,'App\\Models\\Channel','98e9658b-c68c-4dfb-8e26-688643151cde','IMAGE','public','ovo','channels/9437ASbwqYOEDNl0HIGjNXvdFkPGdwhb8WDZelfy.png','2023-05-07 20:39:59','2023-05-07 20:39:59',NULL),(6,'App\\Models\\Channel','98e9658b-c53c-4935-8505-aa11bf284787','IMAGE','public','mandiri','channels/6rzD4XGB14Vg7o15zeRIvq8qfJ7sRMIU2TAeYKQC.png','2023-05-07 20:40:23','2023-05-07 20:40:23',NULL),(7,'App\\Models\\Channel','98e9658b-c621-4d7a-9409-ea9377fb6f35','IMAGE','public','image 27','channels/fOEBFlx0t0uNMx7PQnUVs4Zr18cWO9V3CbM99JlC.png','2023-05-07 20:40:34','2023-05-07 20:40:34',NULL),(8,'App\\Models\\Channel','98e9658b-c5e9-495f-9ace-fd79b5f17cd9','IMAGE','public','image 26','channels/v1vk5gZIMhoY7Nv73CWVzYyo8RiitEI3DIreQxlb.png','2023-05-07 20:41:11','2023-05-07 20:41:11',NULL),(9,'App\\Models\\Channel','98e9658b-c4fb-44a4-b056-91dc1a51759f','IMAGE','public','bni 1','channels/c6MXq4Y081xIhcZcLI2XziGCHue5ahQr6llhLnO1.png','2023-05-07 20:41:35','2023-05-07 20:41:35',NULL),(11,'App\\Models\\Procedure','992b9b93-7a95-4e49-b243-a4a5554c9d38','IMAGE','public','Mozilla_Firefox_3.5_logo','procedures/wJROQxkeOD6XZEOJQ8NMv5OAiBX9DcYHHDKY3h6q.png','2023-05-14 14:42:07','2023-05-14 14:42:07',NULL),(12,'App\\Models\\Procedure','9cfb3c92-036c-439b-a4ab-e69b2276ec07','IMAGE','public','1920x1080','procedures/sjyEuTlkkwpABKqWykyd4QIasIluUNOY5wc0jHBz.png','2024-09-10 21:24:29','2024-09-10 21:24:29',NULL),(13,'App\\Models\\Channel','98e9658b-c761-4801-957b-1efbfbe1c1f3','IMAGE','public','png-clipart-visa-and-master-cards-mastercard-money-foothills-florist-business-visa-visa-mastercard-text-service','channels/qAMENJzgHKoRP6bYE57IdKvooK5RyaSGNjnp500J.png','2024-09-23 20:21:05','2024-09-23 20:21:05',NULL);
/*!40000 ALTER TABLE `file_payments` ENABLE KEYS */;
UNLOCK TABLES;

--
-- Table structure for table `files`
--

DROP TABLE IF EXISTS `files`;
/*!40101 SET @saved_cs_client     = @@character_set_client */;
/*!50503 SET character_set_client = utf8mb4 */;
CREATE TABLE `files` (
  `id` bigint unsigned NOT NULL AUTO_INCREMENT,
  `field` varchar(100) COLLATE utf8mb4_unicode_ci NOT NULL,
  `name` varchar(255) COLLATE utf8mb4_unicode_ci DEFAULT NULL,
  `path` varchar(150) COLLATE utf8mb4_unicode_ci NOT NULL,
  `type` enum('image','video','attachment') COLLATE utf8mb4_unicode_ci NOT NULL DEFAULT 'image',
  `disk` varchar(20) COLLATE utf8mb4_unicode_ci NOT NULL DEFAULT 'public',
  `fileable_id` varchar(36) COLLATE utf8mb4_unicode_ci NOT NULL,
  `fileable_type` varchar(255) COLLATE utf8mb4_unicode_ci NOT NULL,
  `order` int unsigned NOT NULL DEFAULT '0',
  `created_at` timestamp NULL DEFAULT NULL,
  `updated_at` timestamp NULL DEFAULT NULL,
  PRIMARY KEY (`id`)
) ENGINE=InnoDB AUTO_INCREMENT=193 DEFAULT CHARSET=utf8mb4 COLLATE=utf8mb4_unicode_ci;
/*!40101 SET character_set_client = @saved_cs_client */;

--
-- Dumping data for table `files`
--

LOCK TABLES `files` WRITE;
/*!40000 ALTER TABLE `files` DISABLE KEYS */;
INSERT INTO `files` VALUES (2,'logo','unictive-standalone.png','store/CI5IUN7rODKS6qocnodB8ywiV2j5HGYfRiJIKgeM.png','image','public','1','App\\Models\\Store',0,'2025-11-10 10:53:33','2025-11-10 10:53:33'),(3,'logo','unictive-standalone.png','store/sGhozor4qmgcYtkI6Vyqkx3x2GaUn70h8fHLwsRc.png','image','public','2','App\\Models\\Store',0,'2025-11-10 10:55:26','2025-11-10 10:55:26'),(4,'logo','herbal-tea.jpg','store/6rKFElkI2Kdo0F4pXmtGlFgFolJoQrm2ljrkAvm4.jpg','image','public','3','App\\Models\\Store',0,'2025-11-11 03:29:08','2025-11-11 03:29:08'),(5,'default-image','fashion.jpg','product/is8qflq3avLCHYFhEeQKo7Egoq3ny8K9dpaz3y24.jpg','image','public','3','App\\Models\\Product',0,'2025-11-11 03:35:35','2025-11-11 03:35:35'),(6,'product-image','fashion.jpg','product/MQhTZJd6YwpyRs3FZeZdUmdeciSb2LMVkbed35lK.jpg','image','public','3','App\\Models\\Product',1,'2025-11-11 03:35:35','2025-11-11 03:35:35'),(7,'product-image','fashion-batik.jpg','product/2LdbKSYrINdqA2sCZTnEturRFFm7PTbKxQvYIZP7.jpg','image','public','3','App\\Models\\Product',2,'2025-11-11 03:35:35','2025-11-11 03:35:35'),(8,'product-image','fashion-dress.jpg','product/zzpBEGjFa8oXCVLrYnmMBDowIeq46pDJ7ZKPMySB.jpg','image','public','3','App\\Models\\Product',3,'2025-11-11 03:35:35','2025-11-11 03:35:35'),(9,'logo','pngwing.com.png','brand/HnZ4NxqFv2QxxM37rikfMAGZEmeJBUcFCLFYpsXb.png','image','public','1','App\\Models\\Brand',0,'2025-11-12 03:17:29','2025-11-12 03:17:29'),(10,'image','lion-pixabay.jpg','newsroom/Va7rf0VjfOAxazs93C4BrIGyslFsytQgAcVUPLqN.jpg','image','public','1','App\\Models\\Newsroom',0,'2025-11-12 03:18:23','2025-11-12 03:18:23'),(11,'logo','adidas-logo.png','brand/Gt2Lbk8RcFgKnRAmeWC6HMoIuhyFfYVNhSjdkazX.jpg','image','public','2','App\\Models\\Brand',0,'2025-11-13 03:56:05','2025-11-26 03:30:08'),(12,'logo','Gemini_Generated_Image_1fzk4p1fzk4p1fzk.png','brand/WtLTi6wGfoV2wHp2voGOh5cNVo7OiL9L6fDKxT7y.png','image','public','3','App\\Models\\Brand',0,'2025-11-17 04:27:23','2025-11-17 04:27:23'),(13,'image','cropped-pexels-jmendezrf-1536619 (1).jpg','newsroom/KMy5Pczp0vEKBPSSyZ6YQc1rPbomMaeWhpjDnIxL.jpg','image','public','2','App\\Models\\Newsroom',0,'2025-11-18 10:04:43','2025-11-21 02:09:49'),(14,'image','indonesian-traditional-outfit-kebaya.jpg','newsroom/6W1PeDLDxnuxrX9Vx4yF3crhOctzJzI282FphD9K.jpg','image','public','3','App\\Models\\Newsroom',0,'2025-11-18 10:05:23','2025-11-21 02:11:43'),(15,'image','cover_w515_h385_etnik.jpg','newsroom/5rTHFsR98wMDvwRQz9q0LWF4Wj2yVAAOa3qXR4FS.jpg','image','public','4','App\\Models\\Newsroom',0,'2025-11-18 10:05:59','2025-11-21 02:12:56'),(16,'image','licensed-image (1).jpg','newsroom/aZaqYBlq8nPCzqj0Dr6JTi6bdiOqQMbHJ1RNR0hs.jpg','image','public','5','App\\Models\\Newsroom',0,'2025-11-18 10:06:33','2025-11-21 02:14:24'),(17,'image','licensed-image (2).jpg','newsroom/FiifsRK7HhnbaHibdfXZSjq3oJlPaxqzO8wIkA9S.jpg','image','public','6','App\\Models\\Newsroom',0,'2025-11-18 10:07:19','2025-11-21 02:15:48'),(18,'image','licensed-image (3).jpg','newsroom/JhlV6YrOJW2STadfwEIVYvODRjO5LnUCgn5vcCPB.jpg','image','public','7','App\\Models\\Newsroom',0,'2025-11-18 10:07:56','2025-11-21 02:16:41'),(19,'image','download (4).jpg','newsroom/Xc1ORSULeZgxYMgUIgxGnGaDKTiQK4BAxJGflqcg.jpg','image','public','8','App\\Models\\Newsroom',0,'2025-11-18 10:08:57','2025-11-21 02:18:05'),(20,'image','download (5).jpg','newsroom/PL7w63SnIEX1hw65Es2qpgbPxz9vu8JW7OSESfzF.jpg','image','public','9','App\\Models\\Newsroom',0,'2025-11-18 10:09:36','2025-11-21 02:18:39'),(21,'image','download (6).jpg','newsroom/8TsPSZWWw1ytlAY0WujqJj29AlqBU1i04OhRn86I.jpg','image','public','10','App\\Models\\Newsroom',0,'2025-11-18 10:10:11','2025-11-21 02:19:04'),(22,'image','download (7).jpg','newsroom/oBaxKfVWKXjfFSQV3uHDlzT5w8YlOInMH8c8wqeO.jpg','image','public','11','App\\Models\\Newsroom',0,'2025-11-18 10:10:52','2025-11-21 02:20:20'),(23,'image','batik thumbnail (2).png','newsroom/Wj8PHlpEQOeH8RtMtBXsbPLByUcQ7n3UMuFqA3Sc.png','image','public','12','App\\Models\\Newsroom',0,'2025-11-18 10:11:29','2025-11-21 02:27:39'),(24,'image','download (9).jpg','newsroom/QDSvogzTOp76TFpcaxykAs0b9m3DyoW4JZpHe45Y.jpg','image','public','13','App\\Models\\Newsroom',0,'2025-11-18 10:12:06','2025-11-21 06:20:48'),(25,'image','qgKLHY4VwBKuN7RDfwMHdpRDuPaf2g2GWYPgQV16.png','payment_method/GyrUZq8qNQMFM6xKfwqzUYl7ZQIyTyWzu1ge1wCD.png','image','public','1','App\\Models\\PaymentMethod',0,'2025-11-19 07:00:48','2025-11-19 07:00:48'),(26,'logo','icon-reebok-logo-white1.png','brand/WGusZjeMLT3Ei2mU73vHy5p6J3RkEbn2kRvzpKDU.png','image','public','4','App\\Models\\Brand',0,'2025-11-24 02:41:47','2025-11-26 03:31:01'),(27,'logo','logo_1_7102f8bb-0940-4964-8791-ffbbe8be8763_101x.png','brand/97J8oFQcT16clUeEH5NnLtdclqfbJCPsHE8wXraG.png','image','public','5','App\\Models\\Brand',0,'2025-11-24 02:42:41','2025-11-26 03:31:58'),(30,'product-image-1','fashion-batik.jpg','product/8dlgzsWu43n9OrP4pA9NNY2Q9H5uDVEik4z0CCAt.jpg','image','public','1','App\\Models\\Product',1,'2025-11-25 07:37:25','2025-12-02 03:33:18'),(32,'image','Image.png','product_option/Va28yQ92nVasSYgvWhyTAan8Vo4EQVr759HcPyDm.png','image','public','2','App\\Models\\ProductOption',0,'2025-11-25 18:39:23','2025-11-25 18:39:23'),(33,'logo','logo-puma-black.png','brand/IcMiCbPTqcwo0lKaWfVA291LNksUwGs4c2kRnH97.png','image','public','6','App\\Models\\Brand',0,'2025-11-26 03:28:44','2025-11-26 03:28:44'),(34,'logo','ua-logo-bg.png','brand/hLHUipDsog8mGuSV8TA2XD8zBfmJtC2TMGJ8MoFH.png','image','public','7','App\\Models\\Brand',0,'2025-11-26 03:32:51','2025-11-26 03:32:51'),(35,'product-image-1','jm2675_1_apparel_photography_front20view_grey.jpg','product/HK9SVy0ZivXUDr22KHFNsoZJthK60Q37otRXKFbH.jpg','image','public','7','App\\Models\\Product',1,'2025-11-26 07:36:37','2025-11-26 07:36:37'),(36,'product-image-2','jm2675_3_apparel_on20model_standard20view_grey.jpg','product/acGPHrLiDyvkzr4eVFdvVdqlU1lXy4vbBtP20ymu.jpg','image','public','7','App\\Models\\Product',2,'2025-11-26 07:36:37','2025-11-26 07:36:37'),(37,'product-image-3','jm2675_4_apparel_on20model_back20view_grey.jpg','product/QsnznYG6ThDKznCeXlY5RCvS12iHVsdmNfRXNhtl.jpg','image','public','7','App\\Models\\Product',3,'2025-11-26 07:36:37','2025-11-26 07:36:37'),(38,'product-image-4','jm2675_5_apparel_on20model_walking20view_grey.jpg','product/5AMp1K02l97V0j19rMMsq3aBWN2SSifGhIILWLoq.jpg','image','public','7','App\\Models\\Product',4,'2025-11-26 07:36:37','2025-11-26 07:36:37'),(39,'product-image-1','jh3872_2_apparel_photography_front_center_view_grey.jpg','product/S2jGMMt3RgCzzWjV3f3ezflJTC0F9AFGX6Xyf8OE.jpg','image','public','8','App\\Models\\Product',1,'2025-11-26 08:15:43','2025-11-26 08:15:43'),(40,'product-image-2','jh3872_3_apparel_on_model_standard_view_grey.jpg','product/j2sT9Fv1ZGhzkXb9YTF5uYJLFmuqdV7jZ9Ix3x7v.jpg','image','public','8','App\\Models\\Product',2,'2025-11-26 08:15:43','2025-11-26 08:15:43'),(41,'product-image-3','jh3872_4_apparel_on_model_back_view_grey.jpg','product/mW1lFPRuMsDhJkOkEhHKaxcUdJcD6m7NkrJRkvNN.jpg','image','public','8','App\\Models\\Product',3,'2025-11-26 08:15:43','2025-11-26 08:15:43'),(42,'product-image-4','jh3872_5_apparel_on_model_walking_view_grey.jpg','product/Fp1AF0BI2t1YBfLS6gPrf3ZFGluirK4LN6K9J7sG.jpg','image','public','8','App\\Models\\Product',4,'2025-11-26 08:15:43','2025-11-26 08:15:43'),(43,'product-image-5','jh3872_6_apparel_on_model_standard_outfit_view_grey.jpg','product/alpY6205KUXPcgD01EWnWRiqBCxAgeE9kT22P3ps.jpg','image','public','8','App\\Models\\Product',5,'2025-11-26 08:15:43','2025-11-26 08:15:43'),(46,'product-image-1','h29171_2_apparel_photography_front20center20view_grey.jpg','product/gIEw0zYoLtfXP2kWutFDuXKD4IXIhCs9o8cp9SIR.jpg','image','public','9','App\\Models\\Product',1,'2025-11-26 08:23:48','2025-11-26 08:23:48'),(47,'product-image-2','h29171_1_apparel_photography_front20view_grey.jpg','product/gWZP5DHQoghftp3P0dSY0hwmZdyMMbOpPvjICKl3.jpg','image','public','9','App\\Models\\Product',2,'2025-11-26 08:23:48','2025-11-26 08:23:48'),(52,'product-image-1','jv7038_1_apparel_photography_front_center_view_grey.jpg','product/4MQJ8b4m79PIrxdombXekuyr3avpny17BDrlmX5e.jpg','image','public','11','App\\Models\\Product',1,'2025-11-26 08:46:50','2025-11-26 08:46:50'),(54,'product-image-2','jv7038_3_apparel_on_model_standard_view_grey.jpg','product/ZbzDkxJJndXjCWEME2T0XStA1qxpS0mfGyqM03Rm.jpg','image','public','11','App\\Models\\Product',2,'2025-11-26 08:46:50','2025-11-27 07:10:27'),(55,'product-image-3','jv7038_7_apparel_on_model_walking_view_grey.jpg','product/8yp4HV86OL9SiERskF3RbAtqYEOtXDk7MVUPug3c.jpg','image','public','11','App\\Models\\Product',3,'2025-11-26 08:46:50','2025-11-27 07:10:27'),(56,'product-image-4','jv7038_8_apparel_on_model_detail_view_1_grey.jpg','product/WMzrPfOWsV5RmRRBS1psTWFAdHip2LvVWRQiGu2I.jpg','image','public','11','App\\Models\\Product',4,'2025-11-26 08:46:50','2025-11-27 07:10:27'),(57,'product-image-5','jv7038_9_apparel_on_model_detail_view_2_grey.jpg','product/HQeRjJZN2aMrmrz7p4y6KDdtFxQ31aU1EGJnMLh7.jpg','image','public','11','App\\Models\\Product',5,'2025-11-26 08:46:50','2025-11-27 07:10:27'),(59,'product-image-1','jx3852_2_apparel_on_model_standard_view_grey.jpg','product/h3tR4COAeQruY8X0SRk9j6NwGUakqOdFtrI7aR2S.jpg','image','public','12','App\\Models\\Product',1,'2025-11-26 08:53:42','2025-11-27 07:13:40'),(60,'product-image-2','jx3852_3_apparel_on_model_back_view_grey.jpg','product/LCOaDeKgTmwDE28n93RIhHZIh0CmflYpbAi3FEZ8.jpg','image','public','12','App\\Models\\Product',2,'2025-11-26 08:53:42','2025-11-27 07:13:40'),(61,'product-image-3','jx3852_4_apparel_on_model_walking_view_grey.jpg','product/jJkudsDguuDRwLpFOp2yuduaijEzNqIlG7OD0yBX.jpg','image','public','12','App\\Models\\Product',3,'2025-11-26 08:53:42','2025-11-27 07:13:40'),(62,'product-image-4','jx3852_5_apparel_on_model_standard_outfit_view_grey.jpg','product/0zJEG0xqa4mYXpZ8vWpTkMCHk90ajwODBRDj41lg.jpg','image','public','12','App\\Models\\Product',4,'2025-11-26 08:53:42','2025-11-27 07:13:40'),(64,'product-image-5','jx3852_1_apparel_photography_front_center_view_grey.jpg','product/wg8UqI7FGCFpG2E5S5cSrIEMALEuuUfrq4buE8G4.jpg','image','public','12','App\\Models\\Product',5,'2025-11-26 08:53:42','2025-11-27 07:13:40'),(65,'product-image-6','jx3852_6_apparel_on_model_detail_view_1_grey.jpg','product/YJD2CLGIhxk23pTinC8grmB5O5MCEmnuiV8QNNnn.jpg','image','public','12','App\\Models\\Product',6,'2025-11-26 08:53:42','2025-11-27 07:13:40'),(66,'product-image-1','kr7652_1_apparel_photography_front_center_view_grey.jpg','product/jhDxYQR4OYG0eIiwOIwovMBcDs3kzwN6b1dVF0hn.jpg','image','public','13','App\\Models\\Product',1,'2025-11-26 09:03:07','2025-11-26 09:03:07'),(67,'product-image-2','kr7652_2_apparel_on_model_standard_view_grey.jpg','product/dA1Dxdae6B2mC7bt9L4gt92BzVJFsUCMxtRL7VaR.jpg','image','public','13','App\\Models\\Product',2,'2025-11-26 09:03:07','2025-11-26 09:03:07'),(68,'product-image-3','kr7652_3_apparel_on_model_back_view_grey.jpg','product/xlFmPYaywoTqisXlvLF3nLOCM2jH20NjVbust06A.jpg','image','public','13','App\\Models\\Product',3,'2025-11-26 09:03:07','2025-11-26 09:03:07'),(69,'product-image-4','kr7652_4_apparel_on_model_walking_view_grey.jpg','product/y0ZofoMFNjAsuklF5XtJkcZhVDnOVZMB3YmEkVIr.jpg','image','public','13','App\\Models\\Product',4,'2025-11-26 09:03:07','2025-11-26 09:03:07'),(70,'product-image-5','kr7652_5_apparel_on_model_detail_view_1_grey.jpg','product/mTXsJvulviy6Dss2pdOkquvGeNtPmpgKE9xGbW4D.jpg','image','public','13','App\\Models\\Product',5,'2025-11-26 09:03:07','2025-11-26 09:03:07'),(72,'product-image-1','ka3345_2_apparel_on_model_standard_view_grey.jpg','product/FQpKqFBGLDwAuj3eDiUmSGZosmSJnMB9y2jEXeDT.jpg','image','public','14','App\\Models\\Product',1,'2025-11-27 03:12:33','2025-11-27 07:17:27'),(73,'product-image-2','ka3345_3_apparel_on_model_back_view_grey.jpg','product/niCGsDdfTKABCDg5iQygeRkRZUWMOL58swhWsYSE.jpg','image','public','14','App\\Models\\Product',2,'2025-11-27 03:12:33','2025-11-27 07:17:27'),(74,'product-image-3','ka3345_4_apparel_on_model_walking_view_grey.jpg','product/h5JwwTXrXE5AvhRAbF8BKfDlwqswXHt3s3RWOZ9l.jpg','image','public','14','App\\Models\\Product',3,'2025-11-27 03:12:33','2025-11-27 07:17:27'),(76,'product-image-4','ka3345_6_apparel_on_model_detail_view_1_grey.jpg','product/LTvqSDkkONeUJmwNbx1qHpxqjUCMLzEUTlUION0L.jpg','image','public','14','App\\Models\\Product',4,'2025-11-27 03:12:33','2025-11-27 07:17:27'),(77,'product-image-5','ka3345_7_apparel_on_model_detail_view_2_grey.jpg','product/V1nncLOWGliKEJ7finXpvMFnhM51fOuI1vsx8per.jpg','image','public','14','App\\Models\\Product',5,'2025-11-27 03:12:33','2025-11-27 07:17:27'),(78,'product-image-6','ka3345_1_apparel_photography_front_center_view_grey.jpg','product/QYbh4U7bqFaVOdL3zJPRHrhrwhT9vwnOowOHEAAH.jpg','image','public','14','App\\Models\\Product',6,'2025-11-27 03:12:33','2025-11-27 07:17:27'),(79,'product-image-1','jn8354_1_apparel_photography_front20view_grey.jpg','product/HKfPEsOTbr0I3Grz9kCtJUrwic3bFr2b173dJ7lo.jpg','image','public','15','App\\Models\\Product',1,'2025-11-27 03:17:08','2025-11-27 03:17:08'),(80,'product-image-2','jn8354_3_apparel_on20model_standard20view_grey.jpg','product/OUqwnGBzWxqTuD973rw4hdkoB89WmV5Y9kYCKp63.jpg','image','public','15','App\\Models\\Product',2,'2025-11-27 03:17:08','2025-11-27 03:17:08'),(81,'product-image-3','jn8354_4_apparel_on20model_back20view_grey.jpg','product/nbbvmxZwzRvBm2H8aOdFe2Ivfbvxo1540yfZ2YHl.jpg','image','public','15','App\\Models\\Product',3,'2025-11-27 03:17:08','2025-11-27 03:17:08'),(83,'product-image-1','U+NK+TEE+CALLING+BASKETBALL+QS (4).png','product/gPQu9aZZJoB5e0Cxm38oQfBS7WR1lyJ0iuia1alU.png','image','public','16','App\\Models\\Product',1,'2025-11-27 03:32:23','2025-11-27 03:32:45'),(86,'product-image-2','U+NK+TEE+CALLING+BASKETBALL+QS.png','product/FERnvUjewx9zonPSXXI28JyI1SIt8JUODipnisTP.png','image','public','16','App\\Models\\Product',2,'2025-11-27 03:32:23','2025-11-27 07:21:04'),(87,'product-image-3','U+NK+TEE+CALLING+BASKETBALL+QS (1).png','product/x01azWEzqZfO1mCZZIfotyQfSygCHtzVki6s1o4k.png','image','public','16','App\\Models\\Product',3,'2025-11-27 03:32:23','2025-11-27 07:21:04'),(88,'product-image-4','U+NK+TEE+CALLING+BASKETBALL+QS (2).png','product/Dzeca62JbTQi2tri3s0GRIhXFdV30fYFP6HrDEd6.png','image','public','16','App\\Models\\Product',4,'2025-11-27 03:32:23','2025-11-27 07:21:04'),(89,'product-image-5','U+NK+TEE+CALLING+BASKETBALL+QS (3).png','product/bs7uX3f7e4gykXQ9y5ETD9fkEc483kI1jafiuiqJ.png','image','public','16','App\\Models\\Product',5,'2025-11-27 03:32:23','2025-11-27 07:21:04'),(90,'product-image-1','U+NK+TEE+CALLING+SKATE+QS (1).png','product/1CwdM9MQWAXPjWuFdvyMVQxI6p1h5a6J2JYdTdN7.png','image','public','17','App\\Models\\Product',1,'2025-11-27 03:37:14','2025-11-27 03:37:46'),(91,'product-image-2','U+NK+TEE+CALLING+SKATE+QS (2).png','product/cPMiWoJhH5KWcrYqvm6uFd90OkrCDkgJhePMikcR.png','image','public','17','App\\Models\\Product',2,'2025-11-27 03:37:14','2025-11-27 03:37:46'),(92,'product-image-3','U+NK+TEE+CALLING+SKATE+QS (3).png','product/AXF6OnveEv779AohjTqsLKtuzumUOZMzjZzkiNuI.png','image','public','17','App\\Models\\Product',3,'2025-11-27 03:37:14','2025-11-27 03:37:46'),(93,'product-image-4','U+NK+TEE+CALLING+SKATE+QS (4).png','product/b3IYANXJT2B9zg0bDVdwOc2Rq5u5mlSPugKdmpOI.png','image','public','17','App\\Models\\Product',4,'2025-11-27 03:37:14','2025-11-27 03:37:14'),(96,'product-image-5','U+NK+TEE+CALLING+SKATE+QS.png','product/yzwitm6AMOcgeWzVqAT2f1KAmjIWmVUZhaX7Akl7.png','image','public','17','App\\Models\\Product',5,'2025-11-27 03:37:14','2025-11-27 07:27:10'),(97,'product-image-1','202004588-1-coral.jpg','product/iijwqyY4xlgYraFOh5favnsHjhaNG9ufiRXfj9L4.jpg','image','public','18','App\\Models\\Product',1,'2025-11-27 06:23:46','2025-11-27 06:23:46'),(99,'product-image-2','202004588-3.jpg','product/Om8KIZnsNmmtxzmmlju5kwXNoPZ6PqWV7L5MUH0Q.jpg','image','public','18','App\\Models\\Product',2,'2025-11-27 06:23:46','2025-11-27 07:28:59'),(101,'product-image-1','205275533-4.jpg','product/3aq1q5u4O2LMcUqLc24uErkNddogVREgUtVIAfYB.jpg','image','public','19','App\\Models\\Product',1,'2025-11-27 06:35:32','2025-11-27 06:35:32'),(102,'product-image-2','205275533-1-white.jpg','product/uFjZzGpE9ZS89S8c9d353Zz8vwPmGfuAzxvkkEpd.jpg','image','public','19','App\\Models\\Product',2,'2025-11-27 06:35:32','2025-11-27 06:35:32'),(106,'product-image-1','202897764-4.jpg','product/JNHC9z7aqlLADWOplvAakQik380WAJU5zlXqCvbq.jpg','image','public','20','App\\Models\\Product',1,'2025-11-27 06:40:26','2025-11-27 07:32:31'),(107,'product-image-2','202897764-1-green.jpg','product/desPBPeJyrCMvOw3tgBzeZrUSWJTBur8YWmhYitJ.jpg','image','public','20','App\\Models\\Product',2,'2025-11-27 06:40:26','2025-11-27 07:32:31'),(108,'product-image-3','202897764-2.jpg','product/rbRb5QEpiCqwVL5CBgD0WhbUSXwItn7yOypg7dYa.jpg','image','public','20','App\\Models\\Product',3,'2025-11-27 06:40:26','2025-11-27 07:32:31'),(109,'image','TqahoHxTEklMQVpVxuO53clCC1Xl82oJmbnQTMPk.jpg','product_feature/NLUb1ACmVsCYEYhyFJXwG5cx1ir9cI3akuwhjuKg.jpg','image','public','1','App\\Models\\ProductFeature',0,'2025-11-27 07:04:16','2025-11-27 07:04:16'),(110,'image','MWgtFWbCmcmoHuLo8O8K99BSGslcg1qdXWJTOmGq.jpg','product_feature/kYl2GcL1PDVmnhnJcpz9OhgK5JQmM9P4qxrEL18H.jpg','image','public','2','App\\Models\\ProductFeature',0,'2025-11-27 07:04:16','2025-11-27 07:04:16'),(111,'image','h29171_1_apparel_photography_front20view_grey.jpg','product_feature/A8VfjrwmARVnMQVihbStiT8iSjS4Ahj2CJhGV2tW.jpg','image','public','3','App\\Models\\ProductFeature',0,'2025-11-27 07:06:50','2025-11-27 07:06:50'),(112,'image','h29171_2_apparel_photography_front20center20view_grey.jpg','product_feature/Ao1fvOutzcYDk9U8Qj0X3LzasGF79R4iyw7MFGAo.jpg','image','public','4','App\\Models\\ProductFeature',0,'2025-11-27 07:06:50','2025-11-27 07:06:50'),(113,'image','jm2675_4_apparel_on20model_back20view_grey.jpg','product_feature/Vv8bvIXueh8qVeXncp23p1YJWxKXi6fOuOz1OtbP.jpg','image','public','5','App\\Models\\ProductFeature',0,'2025-11-27 07:08:58','2025-11-27 07:08:58'),(114,'image','jm2675_5_apparel_on20model_walking20view_grey.jpg','product_feature/rzMdN9iQyVPSU8d7ioSFdWrf88R0FVS56tlvj5DK.jpg','image','public','6','App\\Models\\ProductFeature',0,'2025-11-27 07:08:58','2025-11-27 07:08:58'),(115,'image','jv7038_2_apparel_photography_back_center_view_grey.jpg','product_feature/nepDqFDCvG3peZ3nkdk0MMKJSFnFunkXQ0se8DJX.jpg','image','public','7','App\\Models\\ProductFeature',0,'2025-11-27 07:10:27','2025-11-27 07:10:27'),(116,'image','jv7038_10_apparel_on_model_detail_view_3_grey.jpg','product_feature/1mxIVkwKjXASiz4hE1lrQ6UzlY8I0r8yEHEgpZNp.jpg','image','public','8','App\\Models\\ProductFeature',0,'2025-11-27 07:10:27','2025-11-27 07:10:27'),(117,'product-image-1','jm2675_3_apparel_on20model_standard20view_grey.jpg','product/DlYHWcLPn4rDtWHLe7MMIpcL4I9foUp4QbPampyw.jpg','image','public','10','App\\Models\\Product',1,'2025-11-27 07:11:37','2025-12-02 03:34:38'),(118,'image','jx3852_1_apparel_photography_front_center_view_grey.jpg','product_feature/KA6CJZueufmxtVLN618f2Y5J8yd49QmlIXzcREwp.jpg','image','public','9','App\\Models\\ProductFeature',0,'2025-11-27 07:13:40','2025-11-27 07:13:40'),(119,'image','jx3852_7_apparel_on_model_detail_view_2_grey.jpg','product_feature/odRqaGXLCyof6YVL0ag1uNU5AGyCpIyh9Ef5GXKo.jpg','image','public','10','App\\Models\\ProductFeature',0,'2025-11-27 07:13:40','2025-11-27 07:13:40'),(120,'image','kr7652_1_apparel_photography_front_center_view_grey.jpg','product_feature/L52OpCZmuVDqrPYuLrMueQfVyp0z8ySQprqons9A.jpg','image','public','11','App\\Models\\ProductFeature',0,'2025-11-27 07:15:31','2025-11-27 07:15:31'),(121,'image','kr7652_6_apparel_on_model_detail_view_2_grey.jpg','product_feature/qgxQBF4XOMmpoJsc8SX5N68XXoSluVaPWx5YBshD.jpg','image','public','12','App\\Models\\ProductFeature',0,'2025-11-27 07:15:31','2025-11-27 07:15:31'),(122,'image','ka3345_1_apparel_photography_front_center_view_grey.jpg','product_feature/bSxwf23Be0Yxr8waW3v1ZUEjQ315cYjDEMXyPGiQ.jpg','image','public','13','App\\Models\\ProductFeature',0,'2025-11-27 07:17:27','2025-11-27 07:17:27'),(123,'image','ka3345_5_apparel_on_model_standard_outfit_view_grey.jpg','product_feature/SeptQ8Edh3T343tz2plUINOAR8lGhd88ZWhbhN1o.jpg','image','public','14','App\\Models\\ProductFeature',0,'2025-11-27 07:17:27','2025-11-27 07:17:27'),(124,'image','jn8354_1_apparel_photography_front20view_grey.jpg','product_feature/kCJpArbH9SKWsPktvY0AkSDkXJldWMlymMkheiUO.jpg','image','public','15','App\\Models\\ProductFeature',0,'2025-11-27 07:19:05','2025-11-27 07:19:05'),(125,'image','jn8354_5_apparel_on20model_walking20view_grey.jpg','product_feature/Fz59Kek7tsBZfstuncjFn1hU6ukilQcmekXctTq6.jpg','image','public','16','App\\Models\\ProductFeature',0,'2025-11-27 07:19:05','2025-11-27 07:19:05'),(126,'image','U+NK+TEE+CALLING+BASKETBALL+QS (6).png','product_feature/xtQSYW9GbWJpeCsi1zanXS2TPTiInEeyoGGFbEQW.png','image','public','17','App\\Models\\ProductFeature',0,'2025-11-27 07:21:04','2025-11-27 07:21:04'),(127,'image','U+NK+TEE+CALLING+BASKETBALL+QS (5).png','product_feature/EVmroaMWfiLxtk7XUlLro74ODEpPFG8qFxnA9yF3.png','image','public','18','App\\Models\\ProductFeature',0,'2025-11-27 07:21:04','2025-11-27 07:21:04'),(128,'image','U+NK+TEE+CALLING+SKATE+QS (6).png','product_feature/f6uMV3HPd4qqdJFQetsHYRgu7r7qoDdeyYB6Kb72.png','image','public','19','App\\Models\\ProductFeature',0,'2025-11-27 07:27:10','2025-11-27 07:27:10'),(129,'image','U+NK+TEE+CALLING+SKATE+QS (5).png','product_feature/Jxrmvn3RP3gpibszBYl8RXKxeNwCuWzm1RcVE68v.png','image','public','20','App\\Models\\ProductFeature',0,'2025-11-27 07:27:10','2025-11-27 07:27:10'),(130,'image','202004588-2.jpg','product_feature/ZzCQBXTkn2qA7kpxoPFikz5FXjCVR7Y620Dezoiv.jpg','image','public','21','App\\Models\\ProductFeature',0,'2025-11-27 07:28:59','2025-11-27 07:28:59'),(131,'image','202004588-4.jpg','product_feature/55b97iHIFQWVHNVav5aHxM4EgM53GUF249RIofiL.jpg','image','public','22','App\\Models\\ProductFeature',0,'2025-11-27 07:28:59','2025-11-27 07:28:59'),(132,'image','205275533-3.jpg','product_feature/h4ZdTr7S5q6fP9SsrIvRMKBIb1W3zCWctPs5Gaka.jpg','image','public','23','App\\Models\\ProductFeature',0,'2025-11-27 07:30:45','2025-11-27 07:30:45'),(133,'image','205275533-2.jpg','product_feature/tuAnC5bF2aaiypWTDO2s8hEiAdJOl4fTq6mrvAfE.jpg','image','public','24','App\\Models\\ProductFeature',0,'2025-11-27 07:30:45','2025-11-27 07:30:45'),(134,'image','202897764-1-green.jpg','product_feature/WDdb6vRFFkcEBTyzkXDtnPbf5UP1pizwFCIPbp5S.jpg','image','public','25','App\\Models\\ProductFeature',0,'2025-11-27 07:32:31','2025-11-27 07:32:31'),(135,'image','202897764-2.jpg','product_feature/hXZ7uqAuq4GUS0764J8BlK4adXRwsszankjvzb5R.jpg','image','public','26','App\\Models\\ProductFeature',0,'2025-11-27 07:32:31','2025-11-27 07:32:31'),(136,'product-image-1','U+NKCT+TEE+CALLING+TENNIS+QS (2).png','product/QAk5KLAw1qjqbJn85JBBL0waIfYbMiGJvqFjX3Ya.png','image','public','21','App\\Models\\Product',1,'2025-11-27 08:03:41','2025-11-27 08:05:42'),(137,'product-image-2','U+NKCT+TEE+CALLING+TENNIS+QS (5).png','product/4sujkie0xSuQhXtptoE22t1sPDZZdVV3HtxUPcGM.png','image','public','21','App\\Models\\Product',2,'2025-11-27 08:03:41','2025-11-27 08:05:42'),(138,'product-image-3','U+NKCT+TEE+CALLING+TENNIS+QS (6).png','product/cBJNXfrw3Ccr7oX4vfWvLKYTZfGIiRn4RWCQaDeH.png','image','public','21','App\\Models\\Product',3,'2025-11-27 08:03:42','2025-11-27 08:05:42'),(139,'product-image-4','U+NKCT+TEE+CALLING+TENNIS+QS (7).png','product/qsOfh31pp8mvUo4e0hVq2akX0jCtfvqjyZ6VLJ7E.png','image','public','21','App\\Models\\Product',4,'2025-11-27 08:03:42','2025-11-27 08:05:42'),(140,'product-image-5','U+NKCT+TEE+CALLING+TENNIS+QS (4).png','product/pjMpyeExZxPbFwXymYcm99p1byffVA0KbU1Pc5N8.png','image','public','21','App\\Models\\Product',5,'2025-11-27 08:03:42','2025-11-27 08:05:42'),(141,'image','U+NKCT+TEE+CALLING+TENNIS+QS (1).png','product_feature/uIoI5VltltS0iFs15rUZaBzOzJdA5lKdR9IyzwJ6.png','image','public','27','App\\Models\\ProductFeature',0,'2025-11-27 08:05:25','2025-11-27 08:05:25'),(142,'image','U+NKCT+TEE+CALLING+TENNIS+QS.png','product_feature/f2DYEFqdC7wSu0EKQx1EZok2BytlamZE349DM9HD.png','image','public','28','App\\Models\\ProductFeature',0,'2025-11-27 08:05:25','2025-11-27 08:05:25'),(146,'product-image-2','AS+W+NSW+WVN+RPL+JKT+OPP1 (1).png','product/kEW254RSytl4Btzz5FbNTA87H92C1pfbQFhZObU6.png','image','public','22','App\\Models\\Product',2,'2025-11-27 08:10:09','2025-11-27 08:14:30'),(147,'image','AS+W+NSW+WVN+RPL+JKT+OPP1 (4).png','product_feature/7xfXShhfdrTtTSS5sDfYn4U8muBGQPz3a9rJAsNT.png','image','public','29','App\\Models\\ProductFeature',0,'2025-11-27 08:14:30','2025-11-27 08:14:30'),(148,'image','AS+W+NSW+WVN+RPL+JKT+OPP1 (3).png','product_feature/0xQ82AZU73ygXMFbpP5Y7HsrO39k9LRSHjldfGXe.png','image','public','30','App\\Models\\ProductFeature',0,'2025-11-27 08:14:30','2025-11-27 08:14:30'),(149,'product-image-1','AS+W+NSW+WVN+RPL+JKT+OPP1.png','product/zbuajGYz2MaDqLtdScDMAXGu8cwvcxpAAcaAor4Q.png','image','public','22','App\\Models\\Product',1,'2025-11-27 08:14:30','2025-11-27 08:15:10'),(150,'image','AS+W+NK+SWSH+HBR+DF+JKT.png','product_feature/N8APpyrqZLfbvUnc7XGj6WWcPavsE6t9kzeRUbli.png','image','public','31','App\\Models\\ProductFeature',0,'2025-11-27 08:22:58','2025-11-27 08:22:58'),(151,'image','AS+W+NK+SWSH+HBR+DF+JKT (1).png','product_feature/KepqGCgTZXgjUmZl8m0Ya0XVn8C0WcSOjeDBsy1r.png','image','public','32','App\\Models\\ProductFeature',0,'2025-11-27 08:22:58','2025-11-27 08:22:58'),(152,'product-image-1','AS+W+NK+SWSH+HBR+DF+JKT (1).png','product/DXJ0ujRIWHKDIpdqJhGrrWzDYs2dlq0V6sbnC3xc.png','image','public','23','App\\Models\\Product',1,'2025-11-27 08:22:58','2025-11-27 08:22:58'),(153,'product-image-2','AS+W+NK+SWSH+HBR+DF+JKT (4).png','product/5Ib0Odq47rhteN1HnVt2Ir0ql7b50IHjZvBCqGxM.png','image','public','23','App\\Models\\Product',2,'2025-11-27 08:22:58','2025-11-27 08:22:58'),(154,'product-image-3','AS+W+NK+SWSH+HBR+DF+JKT (2).png','product/Z5J67kfF5iJvQtBfd6aFVvWUaxmTNmvte0TtMmKt.png','image','public','23','App\\Models\\Product',3,'2025-11-27 08:22:58','2025-11-27 08:22:58'),(155,'product-image-4','AS+W+NK+SWSH+HBR+DF+JKT (3).png','product/lGRW455FB4W83YtCHZmbtygEGH9tuRVfp9hR0Vwh.png','image','public','23','App\\Models\\Product',4,'2025-11-27 08:22:58','2025-11-27 08:22:58'),(156,'image','AS+W+NK+SWIFT+DF+UV+HZ+TOP.png','product_feature/hIocUXcZXjsIxN7bZLrLkYDBCl0BjRXyoJEpasK4.png','image','public','33','App\\Models\\ProductFeature',0,'2025-11-27 08:30:04','2025-11-27 08:30:04'),(157,'image','AS+W+NK+SWIFT+DF+UV+HZ+TOP (1).png','product_feature/OWvk5IObF6c0phc5byp71nNLHozliwqBl3oxvct6.png','image','public','34','App\\Models\\ProductFeature',0,'2025-11-27 08:30:04','2025-11-27 08:30:04'),(158,'product-image-1','AS+W+NK+SWIFT+DF+UV+HZ+TOP.jpg','product/Fk64HKLcSMYazezpEFOaaRbCUs6FUQAm8XrYBLJd.jpg','image','public','24','App\\Models\\Product',1,'2025-11-27 08:30:04','2025-11-27 08:30:04'),(159,'product-image-1','2136fb13f56b5d9fada41dc0a3680056.jpg','product/TMXrZk2hBXqFBTwZdA48hkIjWmOi53T3V2ozcNcY.jpg','image','public','2','App\\Models\\Product',1,'2025-11-28 02:09:21','2025-11-28 02:09:21'),(160,'image','0888-REEMLO25106X-1.jpg','product_feature/LOvBOFa5u9aYWgr2OLIw9vtzPev7OfFOAz8rKO5y.jpg','image','public','35','App\\Models\\ProductFeature',0,'2025-11-28 02:16:57','2025-11-28 02:16:57'),(161,'image','0888-REEMLO25106X-2.jpg','product_feature/eOoU0xW41FCx3tXESDXRR5EyhvbDK1k4hbSJD2Zr.jpg','image','public','36','App\\Models\\ProductFeature',0,'2025-11-28 02:16:57','2025-11-28 02:16:57'),(162,'product-image-1','0888-REEMLO25106X-3.jpg','product/Wdn3QfYpBmfwbvLPMXECzJ8EVVvxuMwUMkRPEGN6.jpg','image','public','25','App\\Models\\Product',1,'2025-11-28 02:17:36','2025-11-28 03:01:51'),(163,'product-image-2','0888-REEMLO25106X-4.jpg','product/avZj2KaX0JnpyYOuDoYISI6KT7pDY7ITQZccyBSX.jpg','image','public','25','App\\Models\\Product',2,'2025-11-28 02:17:36','2025-11-28 03:01:51'),(164,'product-image-3','0888-REEMLO25106X-1.jpg','product/gqyPhtYJiDMfDNZop60TVMwMiun7DeDSmKOnsOZU.jpg','image','public','25','App\\Models\\Product',3,'2025-11-28 02:17:36','2025-11-28 03:01:51'),(165,'product-image-4','0888-REEMLO25106X-2.jpg','product/PX7c7ZjJ2Msm1V4jnSb7hHKcG6ocTMBYNOqLpDDF.jpg','image','public','25','App\\Models\\Product',4,'2025-11-28 02:17:36','2025-11-28 03:01:51'),(166,'image','0888-REEMLT2537BL-1.jpg','product_feature/VnIBtWSftysT6BZ18SNRk21ygNr6lHcSFtVCoLaW.jpg','image','public','37','App\\Models\\ProductFeature',0,'2025-11-28 02:32:08','2025-11-28 02:32:08'),(167,'image','0888-REEMLT2537BL-4.jpg','product_feature/zOdpNGrtlPTdlzasRznwmQkLi4dWIKrWQRt7rf9X.jpg','image','public','38','App\\Models\\ProductFeature',0,'2025-11-28 02:32:08','2025-11-28 02:32:08'),(171,'product-image-5','0888-REEMLT2537BL-5.jpg','product/RwxDlDOfBPco8O7pgwcXs9VemCrDSBgKxLSreQ9j.jpg','image','public','26','App\\Models\\Product',5,'2025-11-28 03:02:33','2025-11-28 03:02:33'),(172,'product-image-4','0888-REEMLT2537BL-4.jpg','product/InvWsH6HwMiQsRI0ZBOs9bEZizjLH0XvR1eZULiF.jpg','image','public','26','App\\Models\\Product',4,'2025-11-28 03:02:33','2025-11-28 03:02:33'),(173,'product-image-1','0888-REEMLT2537BL-1.jpg','product/AcLJ5raPNEDZWPsTgL67Cs0txIj0mmY9aMkAhu7W.jpg','image','public','26','App\\Models\\Product',1,'2025-11-28 03:02:33','2025-11-28 03:02:33'),(174,'product-image-2','0888-REEMLT2537BL-2.jpg','product/OdLYXWM2tlRQ0GRiP48FobFXoY0g3muyvrA6z4hM.jpg','image','public','26','App\\Models\\Product',2,'2025-11-28 03:02:33','2025-11-28 03:02:33'),(175,'product-image-3','0888-REEMLT2537BL-3.jpg','product/hWk0Xs0WEd14zRLgDPpYJ3k2KqfRzLqDvVIUoh3u.jpg','image','public','26','App\\Models\\Product',3,'2025-11-28 03:02:33','2025-11-28 03:02:33'),(177,'profile','download.png','user/VplsD28InZbjGazr8RdPVb6wxfVwQOvJgEF6c80y.png','image','public','27','App\\Models\\User',0,'2025-11-28 08:05:08','2025-11-28 09:08:48'),(179,'profile','3.png','user/72Hkpza8istFGkw7g5zkyQEtWMHOrfLBI6NydGq4.png','image','public','32','App\\Models\\User',0,'2025-11-28 08:29:21','2025-11-28 08:33:36'),(180,'image','ad-genius-1764319312566.png','product_feature/j95As7sbTOUWYzJrBto6HsfPVLt9gVtRTyN9WmfU.png','image','public','39','App\\Models\\ProductFeature',0,'2025-11-28 09:43:46','2025-11-28 09:43:46'),(181,'product-image-1','ad-genius-1764319312566.png','product/dAYWdVE0eQHAWHVNFRzruHvo3M5WB3BZ29DovIij.png','image','public','27','App\\Models\\Product',1,'2025-11-28 09:43:46','2025-11-28 09:43:46'),(182,'product-image-1','pexels-pixabay-33545.jpg','product/931Xpa1H36WGBf6CWjCcrZH2HGMSnzV4xGnVCZlq.jpg','image','public','28','App\\Models\\Product',1,'2025-11-29 09:50:57','2025-11-29 09:50:57'),(183,'product-image-2','a95cc6aae13cdf75fc1d58552f272579333dd848 (1).jpg','product/YcnD6VWJW3WKeYAyj8suGg9xluoiY81T9lQzM33k.jpg','image','public','28','App\\Models\\Product',2,'2025-11-29 09:50:57','2025-11-29 09:50:57'),(184,'product-image-3','lion-pixabay.jpg','product/HsvlZ08E7ycgiUtqKiZMpdbyu9eUIl4HFPdYqG9h.jpg','image','public','28','App\\Models\\Product',3,'2025-11-29 09:50:57','2025-11-29 09:50:57'),(185,'product-image-1','pexels-pixabay-33545.jpg','product/vOXWprECraa5EQ9ZfjqkqHWQ8s2fP5w4h7A08GjG.jpg','image','public','29','App\\Models\\Product',1,'2025-11-29 09:53:33','2025-11-29 09:53:33'),(186,'product-image-2','a95cc6aae13cdf75fc1d58552f272579333dd848 (1).jpg','product/t6Lo10qoftj92UqOiiOAdm6pZHJFDBA5Em8wiN2z.jpg','image','public','29','App\\Models\\Product',2,'2025-11-29 09:53:33','2025-11-29 09:53:33'),(187,'product-image-3','lion-pixabay.jpg','product/kQEE9bBd478e4bkfrGi3IEvl2EzGRdXCKi432L5s.jpg','image','public','29','App\\Models\\Product',3,'2025-11-29 09:53:33','2025-11-29 09:53:33'),(188,'image','ad-genius-1764643242152.png','product_feature/4YLTzSUQLJOaCpw7zlWww9ZDqQtCBL05BSnQ6XkZ.png','image','public','40','App\\Models\\ProductFeature',0,'2025-12-02 02:42:10','2025-12-02 02:42:10'),(189,'image','ad-genius-1764643266677.png','product_feature/hn3Ho75HV0GikP9iguBAjGwwwYl18lSu2q5HoOeD.png','image','public','41','App\\Models\\ProductFeature',0,'2025-12-02 02:42:10','2025-12-02 02:42:10'),(190,'product-image-2','ad-genius-1764643362710.png','product/0rhAR1DGOZ1dQH7oQ6pE3V6NSKDqB7ZmFz8ScFbi.png','image','public','1','App\\Models\\Product',2,'2025-12-02 02:43:18','2025-12-02 03:33:18'),(191,'product-image-3','ad-genius-1764643266677.png','product/wpVk0cgUJloSr9BdS4fcwVeCchlJFtNzQ755dC44.png','image','public','1','App\\Models\\Product',3,'2025-12-02 03:33:18','2025-12-02 03:33:18'),(192,'product-image-2','jm2675_1_apparel_photography_front20view_grey.jpg','product/BvbtbeusfhvhJ7NmlxmLRkO7WKj62TaMGrZ1G7SY.jpg','image','public','10','App\\Models\\Product',2,'2025-12-02 03:34:38','2025-12-02 03:34:38');
/*!40000 ALTER TABLE `files` ENABLE KEYS */;
UNLOCK TABLES;

--
-- Table structure for table `gateway_settings`
--

DROP TABLE IF EXISTS `gateway_settings`;
/*!40101 SET @saved_cs_client     = @@character_set_client */;
/*!50503 SET character_set_client = utf8mb4 */;
CREATE TABLE `gateway_settings` (
  `gateway_id` char(36) COLLATE utf8mb4_unicode_ci NOT NULL,
  `meta` varchar(255) COLLATE utf8mb4_unicode_ci NOT NULL,
  `value` text COLLATE utf8mb4_unicode_ci,
  `type` varchar(255) COLLATE utf8mb4_unicode_ci DEFAULT NULL,
  `description` text COLLATE utf8mb4_unicode_ci,
  `created_at` timestamp NULL DEFAULT NULL,
  `updated_at` timestamp NULL DEFAULT NULL,
  `deleted_at` timestamp NULL DEFAULT NULL,
  PRIMARY KEY (`gateway_id`,`meta`),
  CONSTRAINT `gateway_settings_gateway_id_foreign` FOREIGN KEY (`gateway_id`) REFERENCES `gateways` (`id`) ON DELETE CASCADE
) ENGINE=InnoDB DEFAULT CHARSET=utf8mb4 COLLATE=utf8mb4_unicode_ci;
/*!40101 SET character_set_client = @saved_cs_client */;

--
-- Dumping data for table `gateway_settings`
--

LOCK TABLES `gateway_settings` WRITE;
/*!40000 ALTER TABLE `gateway_settings` DISABLE KEYS */;
INSERT INTO `gateway_settings` VALUES ('dc976129-3c1a-4ccb-afcc-35caacd5cbb7','CALLBACK_KEY',NULL,'STRING',NULL,NULL,NULL,NULL),('dc976129-3c1a-4ccb-afcc-35caacd5cbb7','CALLBACK_URL','https://cms-sarinah2025.unictive.net/api/payment/callback','STRING',NULL,NULL,NULL,NULL),('dc976129-3c1a-4ccb-afcc-35caacd5cbb7','DEFAULT_METHOD','VIRTUAL_ACCOUNT','STRING',NULL,NULL,NULL,NULL),('dc976129-3c1a-4ccb-afcc-35caacd5cbb7','DEFAULT_SERVICE','INVOICE','STRING',NULL,NULL,NULL,NULL),('dc976129-3c1a-4ccb-afcc-35caacd5cbb7','PUBLIC_KEY','xnd_public_development_9aeVRqV1KRNEhIq2vOishO3tSM1e36oJFybIpVjQDmfpLGwCUCQfiDwMamxu','STRING',NULL,NULL,NULL,NULL),('dc976129-3c1a-4ccb-afcc-35caacd5cbb7','SECRET_KEY','xnd_development_f7M5Cc9Ow38mfrQKnWuZ6frmyOoVDWhW7eakHJxTziR4t4eHvKzLNVni5falF','STRING',NULL,NULL,NULL,NULL);
/*!40000 ALTER TABLE `gateway_settings` ENABLE KEYS */;
UNLOCK TABLES;

--
-- Table structure for table `gateways`
--

DROP TABLE IF EXISTS `gateways`;
/*!40101 SET @saved_cs_client     = @@character_set_client */;
/*!50503 SET character_set_client = utf8mb4 */;
CREATE TABLE `gateways` (
  `id` char(36) COLLATE utf8mb4_unicode_ci NOT NULL,
  `code` varchar(255) COLLATE utf8mb4_unicode_ci NOT NULL,
  `name` varchar(255) COLLATE utf8mb4_unicode_ci NOT NULL,
  `site` varchar(255) COLLATE utf8mb4_unicode_ci DEFAULT NULL,
  `order` int NOT NULL DEFAULT '0',
  `is_enabled` tinyint(1) NOT NULL DEFAULT '0',
  `is_published` tinyint(1) NOT NULL DEFAULT '0',
  `created_at` timestamp NULL DEFAULT NULL,
  `updated_at` timestamp NULL DEFAULT NULL,
  `deleted_at` timestamp NULL DEFAULT NULL,
  PRIMARY KEY (`id`),
  UNIQUE KEY `gateways_code_unique` (`code`)
) ENGINE=InnoDB DEFAULT CHARSET=utf8mb4 COLLATE=utf8mb4_unicode_ci;
/*!40101 SET character_set_client = @saved_cs_client */;

--
-- Dumping data for table `gateways`
--

LOCK TABLES `gateways` WRITE;
/*!40000 ALTER TABLE `gateways` DISABLE KEYS */;
INSERT INTO `gateways` VALUES ('dc976129-3c1a-4ccb-afcc-35caacd5cbb7','XENDIT','Xendit','htttps://xendit.com',0,1,1,NULL,NULL,NULL);
/*!40000 ALTER TABLE `gateways` ENABLE KEYS */;
UNLOCK TABLES;

--
-- Table structure for table `job_batches`
--

DROP TABLE IF EXISTS `job_batches`;
/*!40101 SET @saved_cs_client     = @@character_set_client */;
/*!50503 SET character_set_client = utf8mb4 */;
CREATE TABLE `job_batches` (
  `id` varchar(255) COLLATE utf8mb4_unicode_ci NOT NULL,
  `name` varchar(255) COLLATE utf8mb4_unicode_ci NOT NULL,
  `total_jobs` int NOT NULL,
  `pending_jobs` int NOT NULL,
  `failed_jobs` int NOT NULL,
  `failed_job_ids` longtext COLLATE utf8mb4_unicode_ci NOT NULL,
  `options` mediumtext COLLATE utf8mb4_unicode_ci,
  `cancelled_at` int DEFAULT NULL,
  `created_at` int NOT NULL,
  `finished_at` int DEFAULT NULL,
  PRIMARY KEY (`id`)
) ENGINE=InnoDB DEFAULT CHARSET=utf8mb4 COLLATE=utf8mb4_unicode_ci;
/*!40101 SET character_set_client = @saved_cs_client */;

--
-- Dumping data for table `job_batches`
--

LOCK TABLES `job_batches` WRITE;
/*!40000 ALTER TABLE `job_batches` DISABLE KEYS */;
/*!40000 ALTER TABLE `job_batches` ENABLE KEYS */;
UNLOCK TABLES;

--
-- Table structure for table `jobs`
--

DROP TABLE IF EXISTS `jobs`;
/*!40101 SET @saved_cs_client     = @@character_set_client */;
/*!50503 SET character_set_client = utf8mb4 */;
CREATE TABLE `jobs` (
  `id` bigint unsigned NOT NULL AUTO_INCREMENT,
  `queue` varchar(255) COLLATE utf8mb4_unicode_ci NOT NULL,
  `payload` longtext COLLATE utf8mb4_unicode_ci NOT NULL,
  `attempts` tinyint unsigned NOT NULL,
  `reserved_at` int unsigned DEFAULT NULL,
  `available_at` int unsigned NOT NULL,
  `created_at` int unsigned NOT NULL,
  PRIMARY KEY (`id`),
  KEY `jobs_queue_index` (`queue`)
) ENGINE=InnoDB DEFAULT CHARSET=utf8mb4 COLLATE=utf8mb4_unicode_ci;
/*!40101 SET character_set_client = @saved_cs_client */;

--
-- Dumping data for table `jobs`
--

LOCK TABLES `jobs` WRITE;
/*!40000 ALTER TABLE `jobs` DISABLE KEYS */;
/*!40000 ALTER TABLE `jobs` ENABLE KEYS */;
UNLOCK TABLES;

--
-- Table structure for table `logs`
--

DROP TABLE IF EXISTS `logs`;
/*!40101 SET @saved_cs_client     = @@character_set_client */;
/*!50503 SET character_set_client = utf8mb4 */;
CREATE TABLE `logs` (
  `id` bigint unsigned NOT NULL AUTO_INCREMENT,
  `type` varchar(100) COLLATE utf8mb4_unicode_ci NOT NULL,
  `data` json NOT NULL,
  `created_at` timestamp NULL DEFAULT NULL,
  `updated_at` timestamp NULL DEFAULT NULL,
  PRIMARY KEY (`id`)
) ENGINE=InnoDB DEFAULT CHARSET=utf8mb4 COLLATE=utf8mb4_unicode_ci;
/*!40101 SET character_set_client = @saved_cs_client */;

--
-- Dumping data for table `logs`
--

LOCK TABLES `logs` WRITE;
/*!40000 ALTER TABLE `logs` DISABLE KEYS */;
/*!40000 ALTER TABLE `logs` ENABLE KEYS */;
UNLOCK TABLES;

--
-- Table structure for table `master_location`
--

DROP TABLE IF EXISTS `master_location`;
/*!40101 SET @saved_cs_client     = @@character_set_client */;
/*!50503 SET character_set_client = utf8mb4 */;
CREATE TABLE `master_location` (
  `id` bigint unsigned NOT NULL AUTO_INCREMENT,
  `location` varchar(255) COLLATE utf8mb4_unicode_ci NOT NULL,
  `slug` varchar(255) COLLATE utf8mb4_unicode_ci NOT NULL,
  `address` varchar(255) COLLATE utf8mb4_unicode_ci NOT NULL,
  `city` varchar(100) COLLATE utf8mb4_unicode_ci NOT NULL,
  `type_label` varchar(100) COLLATE utf8mb4_unicode_ci DEFAULT NULL,
  `is_active` tinyint(1) NOT NULL DEFAULT '0',
  `created_at` timestamp NULL DEFAULT NULL,
  `updated_at` timestamp NULL DEFAULT NULL,
  PRIMARY KEY (`id`)
) ENGINE=InnoDB AUTO_INCREMENT=6 DEFAULT CHARSET=utf8mb4 COLLATE=utf8mb4_unicode_ci;
/*!40101 SET character_set_client = @saved_cs_client */;

--
-- Dumping data for table `master_location`
--

LOCK TABLES `master_location` WRITE;
/*!40000 ALTER TABLE `master_location` DISABLE KEYS */;
INSERT INTO `master_location` VALUES (1,'Sarinah','sarinah','<p>Kantor Pusat PT Sarinah Jl. M.H. Thamrin No. 11 Jakarta 10250</p>','Jakarta','Sarinah Department Store',1,'2025-11-10 10:51:25','2025-11-19 06:22:22'),(2,'Toko Sarinah (Persero)','toko-sarinah-persero','<p>Sarinah De Braga Bandung Jl. Braga No. 10, Kec. Sumurbandung, Bandung, Jawa Barat 40111</p>','Bandung','Outlet Sarinah Hotel',1,'2025-11-10 10:51:57','2025-11-11 10:25:19'),(3,'Sarinah Bandara Terminal 3 Bandara Soekarno Hatta','sarinah-bandara-terminal-3-bandara-soekarno-hatta','<p>Bandara Internasional Soekarno – Hatta Terminal 3 Kota Tangerang, Banten 19120</p>','Tangerang','Outlet Sarinah Bandara',1,'2025-11-10 10:52:32','2025-11-11 10:25:35'),(4,'Sarinah Malang','sarinah-malang','<p>Sarinah Dept Store Malang Jl. Jenderal Basuki Rahmat No. 2-A, Kiduldalem, Kec. Klojen, Kota Malang, Jawa Timur 65119</p>','Malang','Sarinah Department Store',1,'2025-11-10 10:53:16','2025-11-11 10:25:53');
/*!40000 ALTER TABLE `master_location` ENABLE KEYS */;
UNLOCK TABLES;

--
-- Table structure for table `migrations`
--

DROP TABLE IF EXISTS `migrations`;
/*!40101 SET @saved_cs_client     = @@character_set_client */;
/*!50503 SET character_set_client = utf8mb4 */;
CREATE TABLE `migrations` (
  `id` int unsigned NOT NULL AUTO_INCREMENT,
  `migration` varchar(255) COLLATE utf8mb4_unicode_ci NOT NULL,
  `batch` int NOT NULL,
  PRIMARY KEY (`id`)
) ENGINE=InnoDB AUTO_INCREMENT=90 DEFAULT CHARSET=utf8mb4 COLLATE=utf8mb4_unicode_ci;
/*!40101 SET character_set_client = @saved_cs_client */;

--
-- Dumping data for table `migrations`
--

LOCK TABLES `migrations` WRITE;
/*!40000 ALTER TABLE `migrations` DISABLE KEYS */;
INSERT INTO `migrations` VALUES (1,'0001_01_01_000001_create_cache_table',1),(2,'0001_01_01_000002_create_jobs_table',1),(3,'2014_10_12_100000_create_password_resets_table',1),(4,'2021_02_24_113215_create_admins_table',1),(5,'2021_02_24_123248_create_activities_table',1),(6,'2025_07_07_171758_create_files_table',1),(7,'2025_07_11_134005_create_permission_tables',1),(8,'2025_08_12_171422_create_settings_table',1),(9,'2025_10_13_174029_create_users_table',1),(10,'2025_10_13_174507_create_otps_table',1),(11,'2025_10_16_075116_create_logs_table',1),(12,'2025_10_20_092406_create_translations_table',1),(13,'2025_10_20_092637_create_stores_table',1),(14,'2025_10_20_093103_add_socialite_fields_to_users_table',1),(15,'2025_10_20_104040_create_store_owners_table',1),(16,'2025_10_20_163939_create_categories_table',1),(17,'2025_10_20_163958_create_sub_categories_table',1),(18,'2025_10_21_104653_create_sub_category_users_table',1),(19,'2025_10_21_143545_create_user_addresses_table',1),(20,'2025_10_22_104708_add_field_in_files',1),(21,'2025_10_23_092517_add_store_id_in_roles',1),(22,'2025_10_23_093221_create_products_table',1),(23,'2025_10_23_094534_create_product_options_table',1),(24,'2025_10_23_094539_create_product_option_values_table',1),(25,'2025_10_30_094739_add_profile_details_to_users_table',1),(26,'2025_10_30_144252_add_category_and_sub_category_in_products',2),(27,'2025_10_30_154438_remove_name_type_in_product_options',2),(28,'2025_10_31_100613_create_product_variants_table',2),(29,'2025_10_31_171629_add_order_in_product_option_values',2),(30,'2025_11_05_164000_add_order_in_files',3),(31,'2025_11_07_092818_add_type_in_product_options',3),(32,'2025_11_07_092910_add_additional_data_in_product_option_values',3),(33,'2025_11_07_114232_create_product_seo_table',3),(34,'2025_11_07_142547_add_store_id_in_products',3),(35,'2025_11_10_100747_add_slug_in_product_variants',3),(36,'2025_11_10_091400_create_master_location_table',4),(37,'2025_11_10_092323_add_location_id_in_stores',4),(38,'2025_11_11_094309_create_newsroom_table',5),(39,'2025_11_11_164540_add_city_and_type_label_to_master_location_table',6),(40,'2025_11_12_092144_create_brands_table',7),(41,'2025_11_12_134622_add_brand_id_in_products',8),(42,'2025_11_12_155314_rename_and_drop_columns_from_user_addresses_table',9),(44,'2025_11_13_102740_create_special_prices_table',10),(45,'2025_11_13_104742_add_unique_sku_in_product_variants',11),(46,'2025_11_14_105729_add_slug_in_products',11),(47,'2025_11_18_100120_add_region_ids_to_user_addresses_table',12),(48,'2025_11_18_145907_alter_address_line_nullable_in_user_addresses_table',13),(49,'2025_11_18_143629_create_payment_method_table',14),(50,'2025_11_20_092335_add_meta_keywords_to_newsroom_table',15),(51,'2025_11_20_174703_add_parent_id_to_categories',16),(52,'2025_11_21_142727_create_user_interests_table',16),(53,'2025_11_21_141010_add_story_and_feature_and_material_in_translations',17),(54,'2025_11_23_091635_add_seo_fields_to_categories_table',18),(55,'2025_11_24_160813_drop_subcategory_constraints',19),(56,'2025_11_25_175611_drop_store_id_in_product_options',20),(57,'2025_11_25_175848_drop_store_id_in_product_option_values',20),(58,'2025_11_26_000414_add_option_in_products',20),(59,'2025_11_26_172540_create_product_features_table',21),(60,'2025_11_25_115146_create_shopping_bag_items_table',22),(61,'2025_11_26_112240_add_store_id_to_shopping_bag_items_table',22),(62,'2025_11_26_130001_create_gateways_table',22),(63,'2025_11_26_154951_create_channel_categories_table',22),(64,'2025_11_26_155145_create_channels_table',22),(65,'2025_11_26_155216_create_procedures_table',22),(66,'2025_11_26_155406_create_steps_table',22),(67,'2025_11_26_155612_create_gateway_settings_table',22),(68,'2025_11_26_155703_create_channel_settings_table',22),(69,'2025_11_26_155833_create_payment_settings_table',22),(70,'2025_11_27_000000_create_couriers_table',22),(71,'2025_11_27_000001_create_orders_table',22),(72,'2025_11_27_000002_create_order_items_table',22),(73,'2025_11_27_135823_create_order_logs_table',22),(74,'2025_11_27_135899_create_payments_table',22),(75,'2025_11_27_154919_create_callbacks_table',23),(76,'2025_11_27_163422_add_email_preferences_in_users',24),(77,'2025_11_27_165400_add_status_to_orders_table',24),(78,'2025_11_28_133640_create_notify_me_table',25),(79,'2025_11_28_104559_update_courier_id_in_orders_table',26),(80,'2025_11_28_112447_update_translatable_id_type_in_translations_table',26),(81,'2025_11_29_151400_add_is_selected_to_shopping_bag_items_table',27),(82,'2025_12_01_085913_create_file_payments_table',28),(83,'2025_12_01_135448_create_checkout_sessions_table',29),(84,'2025_12_01_180032_create_notification_table',30),(85,'2025_12_02_134031_add_uuid_in_notification',30),(86,'2025_12_01_172214_create_vouchers_table',31),(87,'2025_12_02_115528_update_fileable_id_type_in_files_table',31),(88,'2025_12_02_155933_add_voucher_columns_to_checkout_sessions_table',31),(89,'2025_12_02_180817_alter_checkout_sessions_make_user_and_address_nullable',31);
/*!40000 ALTER TABLE `migrations` ENABLE KEYS */;
UNLOCK TABLES;

--
-- Table structure for table `model_has_permissions`
--

DROP TABLE IF EXISTS `model_has_permissions`;
/*!40101 SET @saved_cs_client     = @@character_set_client */;
/*!50503 SET character_set_client = utf8mb4 */;
CREATE TABLE `model_has_permissions` (
  `permission_id` bigint unsigned NOT NULL,
  `model_type` varchar(255) COLLATE utf8mb4_unicode_ci NOT NULL,
  `model_id` bigint unsigned NOT NULL,
  PRIMARY KEY (`permission_id`,`model_id`,`model_type`),
  KEY `model_has_permissions_model_id_model_type_index` (`model_id`,`model_type`),
  CONSTRAINT `model_has_permissions_permission_id_foreign` FOREIGN KEY (`permission_id`) REFERENCES `permissions` (`id`) ON DELETE CASCADE
) ENGINE=InnoDB DEFAULT CHARSET=utf8mb4 COLLATE=utf8mb4_unicode_ci;
/*!40101 SET character_set_client = @saved_cs_client */;

--
-- Dumping data for table `model_has_permissions`
--

LOCK TABLES `model_has_permissions` WRITE;
/*!40000 ALTER TABLE `model_has_permissions` DISABLE KEYS */;
/*!40000 ALTER TABLE `model_has_permissions` ENABLE KEYS */;
UNLOCK TABLES;

--
-- Table structure for table `model_has_roles`
--

DROP TABLE IF EXISTS `model_has_roles`;
/*!40101 SET @saved_cs_client     = @@character_set_client */;
/*!50503 SET character_set_client = utf8mb4 */;
CREATE TABLE `model_has_roles` (
  `role_id` bigint unsigned NOT NULL,
  `model_type` varchar(255) COLLATE utf8mb4_unicode_ci NOT NULL,
  `model_id` bigint unsigned NOT NULL,
  PRIMARY KEY (`role_id`,`model_id`,`model_type`),
  KEY `model_has_roles_model_id_model_type_index` (`model_id`,`model_type`),
  CONSTRAINT `model_has_roles_role_id_foreign` FOREIGN KEY (`role_id`) REFERENCES `roles` (`id`) ON DELETE CASCADE
) ENGINE=InnoDB DEFAULT CHARSET=utf8mb4 COLLATE=utf8mb4_unicode_ci;
/*!40101 SET character_set_client = @saved_cs_client */;

--
-- Dumping data for table `model_has_roles`
--

LOCK TABLES `model_has_roles` WRITE;
/*!40000 ALTER TABLE `model_has_roles` DISABLE KEYS */;
INSERT INTO `model_has_roles` VALUES (1,'App\\Models\\Admin',1),(2,'App\\Models\\StoreOwner',1),(3,'App\\Models\\StoreOwner',2);
/*!40000 ALTER TABLE `model_has_roles` ENABLE KEYS */;
UNLOCK TABLES;

--
-- Table structure for table `newsroom`
--

DROP TABLE IF EXISTS `newsroom`;
/*!40101 SET @saved_cs_client     = @@character_set_client */;
/*!50503 SET character_set_client = utf8mb4 */;
CREATE TABLE `newsroom` (
  `id` bigint unsigned NOT NULL AUTO_INCREMENT,
  `admin_id` bigint unsigned NOT NULL,
  `slug` varchar(255) COLLATE utf8mb4_unicode_ci NOT NULL,
  `published_at` date DEFAULT NULL,
  `is_active` tinyint(1) NOT NULL DEFAULT '0',
  `meta_title` varchar(255) COLLATE utf8mb4_unicode_ci DEFAULT NULL,
  `meta_description` text COLLATE utf8mb4_unicode_ci,
  `meta_keywords` text COLLATE utf8mb4_unicode_ci,
  `created_at` timestamp NULL DEFAULT NULL,
  `updated_at` timestamp NULL DEFAULT NULL,
  PRIMARY KEY (`id`),
  UNIQUE KEY `newsroom_slug_unique` (`slug`),
  KEY `newsroom_admin_id_foreign` (`admin_id`),
  CONSTRAINT `newsroom_admin_id_foreign` FOREIGN KEY (`admin_id`) REFERENCES `admins` (`id`)
) ENGINE=InnoDB AUTO_INCREMENT=14 DEFAULT CHARSET=utf8mb4 COLLATE=utf8mb4_unicode_ci;
/*!40101 SET character_set_client = @saved_cs_client */;

--
-- Dumping data for table `newsroom`
--

LOCK TABLES `newsroom` WRITE;
/*!40000 ALTER TABLE `newsroom` DISABLE KEYS */;
INSERT INTO `newsroom` VALUES (1,1,'test-article-1','2025-11-12',1,'Meta Title Test','<p>Meta Description Test</p>','Sarinah eCommerce, Indonesian fashion, cultural heritage, artisan products, batik collections, tenun collections, sustainable retail, modern design, inclusive fashion, creative economy, online shopping, marketplace innovation, local empowerment','2025-11-12 03:18:23','2025-11-20 03:57:38'),(2,1,'celebrating-indonesian-fashion-tradition-meets-modern-elegance','2025-11-18',1,'Celebrating Indonesian Fashion | Tradition Meets Modern Elegance','<p>Discover how Indonesian fashion blends batik, tenun, and modern design. Sarinah highlights sustainable practices and celebrates local artisans.</p>','Indonesian fashion, batik, tenun, modern elegance, sustainable fashion, local artisans, Sarinah collections, cultural heritage, contemporary design, craftsmanship Indonesia, ready-to-wear Indonesia, identity and creativity, global fashion stage','2025-11-18 10:04:43','2025-11-20 03:20:10'),(3,1,'indonesian-fashion-forward-heritage-inspires-tomorrows-trends','2025-11-18',1,'Indonesian Fashion Forward | Heritage Inspires Tomorrow’s Trends','<p>Fashion in Indonesia blends heritage with modern innovation. At Sarinah, artisans and sustainability redefine timeless style for a global stage.</p>','Marketplace Sarinah, eCommerce Indonesia, fashion marketplace, batik online, tenun online, sustainable shopping, local artisans, Sarinah platform, Indonesian heritage, modern retail, cultural commerce, creative economy, online collections, global stage','2025-11-18 10:05:23','2025-11-20 03:20:27'),(4,1,'sarinah-style-spotlight-timeless-fashion-for-a-modern-world','2025-11-18',1,'Sarinah Style Spotlight | Timeless Fashion for a Modern World','<p>At Sarinah, timeless Indonesian fashion blends heritage and modern lifestyle. Discover sustainable, creative, and inclusive collections that stand proudly on the global stage</p>','Indonesian fashion, batik, tenun, modern elegance, sustainable fashion, local artisans, Sarinah collections, cultural heritage, contemporary design, craftsmanship Indonesia, ready-to-wear Indonesia, identity and creativity, global fashion stage','2025-11-18 10:05:59','2025-11-20 03:20:38'),(5,1,'indonesian-elegance-fashion-that-connects-culture-and-modern-living','2025-11-18',1,'Indonesian Elegance | Fashion That Connects Culture and Modern Living','<p>At Sarinah, Indonesian fashion blends batik and tenun with modern lifestyles, celebrating sustainability, creativity, and inclusivity for global inspiration.</p>','Indonesian fashion, batik, tenun, modern elegance, sustainable fashion, local artisans, Sarinah collections, cultural heritage, contemporary design, craftsmanship Indonesia, ready-to-wear Indonesia, identity and creativity, global fashion stage','2025-11-18 10:06:33','2025-11-20 03:20:50'),(6,1,'threads-of-identity-indonesian-fashion-for-every-generation','2025-11-18',1,'Threads of Identity | Indonesian Fashion for Every Generation','<p>At Sarinah, Indonesian fashion weaves heritage and innovation. From batik to modern wear, sustainable collections inspire confidence across generations.</p>','Indonesian fashion, batik, tenun, modern elegance, sustainable fashion, local artisans, Sarinah collections, cultural heritage, contemporary design, craftsmanship Indonesia, ready-to-wear Indonesia, identity and creativity, global fashion stage','2025-11-18 10:07:19','2025-11-20 03:21:33'),(7,1,'fashion-horizons-indonesian-creativity-shaping-global-style','2025-11-18',1,'Fashion Horizons | Indonesian Creativity Shaping Global Style','<p>Indonesian fashion expands globally, blending heritage with modern design. At Sarinah, bold, sustainable collections showcase artisan creativity and inspire worldwide style.</p>','Sarinah progress, eCommerce roadmap, fashion innovation, Indonesian retail, marketplace development, sustainable commerce, artisan empowerment, cultural heritage, modern design, digital transformation, creative economy, online shopping, global stage','2025-11-18 10:07:56','2025-11-20 03:22:23'),(8,1,'empowering-style-indonesian-fashion-with-global-vision','2025-11-18',1,'Empowering Style | Indonesian Fashion with Global Vision','<p>Indonesian fashion blends tradition and modern creativity. At Sarinah, sustainable collections empower diversity and showcase Indonesia’s unique voice globally.</p>','Indonesian fashion, sustainable collections, Sarinah eCommerce, local artisans, cultural heritage, modern design, inclusive fashion, creative economy, global vision, empowerment style, batik, tenun, craftsmanship Indonesia','2025-11-18 10:08:57','2025-11-20 03:32:00'),(9,1,'crafted-in-culture-indonesian-fashion-for-the-world','2025-11-18',1,'Crafted in Culture | Indonesian Fashion for the World','<p>Indonesian fashion celebrates heritage and modern trends. At Sarinah, sustainable collections empower artisans and showcase Indonesia’s unique voice globally.</p>','Sarinah shopping, Indonesian retail, cultural hub, lifestyle center, artisan products, batik marketplace, tenun marketplace, sustainable commerce, modern design, heritage collections, creative economy, fashion retail, local empowerment','2025-11-18 10:09:36','2025-11-20 03:32:44'),(10,1,'modern-heritage-indonesian-fashion-redefining-style','2025-11-18',1,'Modern Heritage | Indonesian Fashion Redefining Style','<p>Indonesian fashion merges heritage with modern creativity. At Sarinah, sustainable collections celebrate artisans and inspire timeless global style.</p>','Sarinah eCommerce, Indonesian fashion, cultural heritage, artisan products, batik collections, tenun collections, sustainable retail, modern design, lifestyle hub, creative economy, online shopping, marketplace innovation, local empowerment','2025-11-18 10:10:11','2025-11-20 03:33:21'),(11,1,'style-with-soul-indonesian-fashion-beyond-trends','2025-11-18',1,'Style with Soul | Indonesian Fashion Beyond Trends','<p>Indonesian fashion is more than trends—it’s culture and creativity. At Sarinah, sustainable collections celebrate diversity, empower artisans, and showcase Indonesia’s unique global contribution.</p>','Sarinah eCommerce, Indonesian fashion, cultural heritage, artisan products, batik collections, tenun collections, sustainable retail, modern design, inclusive fashion, creative economy, online shopping, marketplace innovation, local empowerment','2025-11-18 10:10:52','2025-11-20 03:56:46'),(12,1,'fashion-legacy-indonesian-artistry-inspiring-the-future','2025-11-18',1,'Fashion Legacy | Indonesian Artistry Inspiring the Future','<p>Indonesian fashion carries a legacy of artistry that inspires the future. At Sarinah, sustainable collections empower artisans, celebrate diversity, and showcase Indonesia’s unique identity globally.</p>','Sarinah eCommerce, Indonesian fashion, cultural heritage, artisan products, batik collections, tenun collections, sustainable retail, modern design, inclusive fashion, creative economy, online shopping, marketplace innovation, local empowerment','2025-11-18 10:11:29','2025-11-20 03:57:05'),(13,1,'beyond-fabric-indonesian-fashion-as-cultural-expression','2025-11-18',1,'Beyond Fabric | Indonesian Fashion as Cultural Expression','<p>Indonesian fashion goes beyond fabric—it tells stories of heritage and innovation. At Sarinah, sustainable collections empower artisans and showcase Indonesia’s artistry to the world.</p>','Sarinah eCommerce, Indonesian fashion, cultural heritage, artisan products, batik collections, tenun collections, sustainable retail, modern design, inclusive fashion, creative economy, online shopping, marketplace innovation, local empowerment','2025-11-18 10:12:06','2025-11-20 03:57:20');
/*!40000 ALTER TABLE `newsroom` ENABLE KEYS */;
UNLOCK TABLES;

--
-- Table structure for table `notification`
--

DROP TABLE IF EXISTS `notification`;
/*!40101 SET @saved_cs_client     = @@character_set_client */;
/*!50503 SET character_set_client = utf8mb4 */;
CREATE TABLE `notification` (
  `id` bigint unsigned NOT NULL AUTO_INCREMENT,
  `uuid` char(36) COLLATE utf8mb4_unicode_ci NOT NULL,
  `title` varchar(255) COLLATE utf8mb4_unicode_ci NOT NULL,
  `message` text COLLATE utf8mb4_unicode_ci NOT NULL,
  `created_at` timestamp NULL DEFAULT NULL,
  `updated_at` timestamp NULL DEFAULT NULL,
  PRIMARY KEY (`id`)
) ENGINE=InnoDB AUTO_INCREMENT=10 DEFAULT CHARSET=utf8mb4 COLLATE=utf8mb4_unicode_ci;
/*!40101 SET character_set_client = @saved_cs_client */;

--
-- Dumping data for table `notification`
--

LOCK TABLES `notification` WRITE;
/*!40000 ALTER TABLE `notification` DISABLE KEYS */;
INSERT INTO `notification` VALUES (5,'a07eae56-0565-4de6-8c60-09b6e909d087','Sample notification 1','<p>This is sample notification 1</p>','2025-12-02 07:11:51','2025-12-02 07:11:51'),(6,'a080d402-1a01-425f-8a7c-e50752d723a8','Title 2','<p>This is sample notification 2</p>','2025-12-03 08:48:51','2025-12-03 08:48:51'),(7,'a080d5b3-f292-41b4-99bb-8cd5f3df8873','Title 3','<p>Notification 3</p>','2025-12-03 08:53:35','2025-12-03 08:53:35'),(8,'a080e917-2a6b-4ba8-b359-8c2ec2db7f7f','Title 4','<p>This is message 4</p>','2025-12-03 09:47:48','2025-12-03 09:47:48'),(9,'a080f159-3c62-45ac-ab85-5215ddad22b9','Title 5','<p>This is message 5</p>','2025-12-03 10:10:54','2025-12-03 10:10:54');
/*!40000 ALTER TABLE `notification` ENABLE KEYS */;
UNLOCK TABLES;

--
-- Table structure for table `notify_me`
--

DROP TABLE IF EXISTS `notify_me`;
/*!40101 SET @saved_cs_client     = @@character_set_client */;
/*!50503 SET character_set_client = utf8mb4 */;
CREATE TABLE `notify_me` (
  `id` bigint unsigned NOT NULL AUTO_INCREMENT,
  `user_id` bigint unsigned NOT NULL,
  `variant_id` bigint unsigned NOT NULL,
  `notified` tinyint(1) NOT NULL DEFAULT '0',
  `created_at` timestamp NULL DEFAULT NULL,
  `updated_at` timestamp NULL DEFAULT NULL,
  PRIMARY KEY (`id`),
  KEY `notify_me_user_id_foreign` (`user_id`),
  KEY `notify_me_variant_id_foreign` (`variant_id`),
  CONSTRAINT `notify_me_user_id_foreign` FOREIGN KEY (`user_id`) REFERENCES `users` (`id`) ON DELETE CASCADE ON UPDATE CASCADE,
  CONSTRAINT `notify_me_variant_id_foreign` FOREIGN KEY (`variant_id`) REFERENCES `product_variants` (`id`) ON DELETE CASCADE ON UPDATE CASCADE
) ENGINE=InnoDB AUTO_INCREMENT=4 DEFAULT CHARSET=utf8mb4 COLLATE=utf8mb4_unicode_ci;
/*!40101 SET character_set_client = @saved_cs_client */;

--
-- Dumping data for table `notify_me`
--

LOCK TABLES `notify_me` WRITE;
/*!40000 ALTER TABLE `notify_me` DISABLE KEYS */;
INSERT INTO `notify_me` VALUES (1,19,3,0,'2025-11-28 08:19:14','2025-11-28 08:19:14'),(2,30,3,0,'2025-12-02 02:44:30','2025-12-02 02:44:30'),(3,34,3,0,'2025-12-02 04:10:55','2025-12-02 04:10:55');
/*!40000 ALTER TABLE `notify_me` ENABLE KEYS */;
UNLOCK TABLES;

--
-- Table structure for table `order_items`
--

DROP TABLE IF EXISTS `order_items`;
/*!40101 SET @saved_cs_client     = @@character_set_client */;
/*!50503 SET character_set_client = utf8mb4 */;
CREATE TABLE `order_items` (
  `id` char(36) COLLATE utf8mb4_unicode_ci NOT NULL,
  `order_id` char(36) COLLATE utf8mb4_unicode_ci NOT NULL,
  `product_variant_id` bigint unsigned NOT NULL,
  `product_name` varchar(255) COLLATE utf8mb4_unicode_ci NOT NULL,
  `product_variant_name` varchar(255) COLLATE utf8mb4_unicode_ci NOT NULL,
  `base_price` bigint NOT NULL,
  `selling_price` bigint NOT NULL,
  `notes` longtext COLLATE utf8mb4_unicode_ci,
  `subtotal` bigint NOT NULL,
  `special_price_data` json NOT NULL,
  `quantity` bigint NOT NULL,
  `created_at` timestamp NULL DEFAULT NULL,
  `updated_at` timestamp NULL DEFAULT NULL,
  PRIMARY KEY (`id`),
  KEY `order_items_order_id_foreign` (`order_id`),
  KEY `order_items_product_variant_id_foreign` (`product_variant_id`),
  CONSTRAINT `order_items_order_id_foreign` FOREIGN KEY (`order_id`) REFERENCES `orders` (`id`) ON DELETE CASCADE,
  CONSTRAINT `order_items_product_variant_id_foreign` FOREIGN KEY (`product_variant_id`) REFERENCES `product_variants` (`id`) ON DELETE CASCADE
) ENGINE=InnoDB DEFAULT CHARSET=utf8mb4 COLLATE=utf8mb4_unicode_ci;
/*!40101 SET character_set_client = @saved_cs_client */;

--
-- Dumping data for table `order_items`
--

LOCK TABLES `order_items` WRITE;
/*!40000 ALTER TABLE `order_items` DISABLE KEYS */;
INSERT INTO `order_items` VALUES ('019ac949-9ac9-73a4-b434-b7ff0df1c5e6','019ac949-9ac6-715e-99a3-e94125bb91be',163,'Reebok Barry Lifestyle Men\'s Tee – Black','XL',259000,77700,'Please handle with care',388500,'{\"type\": \"absolute_reduction\", \"value\": 181300}',5,'2025-11-28 07:07:15','2025-11-28 07:07:15'),('019ac949-9acc-7376-8a68-a4ad7cb5f132','019ac949-9ac6-715e-99a3-e94125bb91be',118,'Nike Swift Women\'s Dri-FIT UV 1/4-Zip Running Top','',799000,799000,'Please handle with carefully',3995000,'[]',5,'2025-11-28 07:07:15','2025-11-28 07:07:15'),('019ac98d-0530-713f-831c-20a362482048','019ac98d-052d-7054-b0e5-0a2b44d4a5c7',163,'Reebok Barry Lifestyle Men\'s Tee – Black','XL',259000,77700,'Handle with care test',77700,'{\"type\": \"absolute_reduction\", \"value\": 181300}',1,'2025-11-28 08:20:53','2025-11-28 08:20:53'),('019ae3a1-5b1b-711b-a36a-a6cf2ffea7a6','019ae3a1-5b16-737b-88de-4152d0abbeb3',51,'Hoodie Peplum adidas By Stella McCartney','S',2200000,2200000,NULL,11000000,'[]',5,'2025-12-03 09:53:14','2025-12-03 09:53:14'),('019ae3a6-d5f4-727b-b935-b03e81798aee','019ae3a6-d5f1-72a4-adf5-cad9dfac8ed6',69,'Emerging Harmony Extra-Long Cover-Up','Black / XL',1900000,1520000,NULL,7600000,'{\"type\": \"absolute_reduction\", \"value\": 380000, \"percentage\": null}',5,'2025-12-03 09:59:13','2025-12-03 09:59:13'),('019ae3a6-d5f6-705c-9e9f-20f865484295','019ae3a6-d5f1-72a4-adf5-cad9dfac8ed6',70,'Ultimate365 Short Sleeve Polo Shirt','S',900000,900000,NULL,4500000,'[]',5,'2025-12-03 09:59:13','2025-12-03 09:59:13');
/*!40000 ALTER TABLE `order_items` ENABLE KEYS */;
UNLOCK TABLES;

--
-- Table structure for table `order_logs`
--

DROP TABLE IF EXISTS `order_logs`;
/*!40101 SET @saved_cs_client     = @@character_set_client */;
/*!50503 SET character_set_client = utf8mb4 */;
CREATE TABLE `order_logs` (
  `id` char(36) COLLATE utf8mb4_unicode_ci NOT NULL DEFAULT (uuid()),
  `order_id` char(36) COLLATE utf8mb4_unicode_ci NOT NULL,
  `action` varchar(50) COLLATE utf8mb4_unicode_ci NOT NULL,
  `description` text COLLATE utf8mb4_unicode_ci,
  `additional_data` json DEFAULT NULL,
  `created_at` timestamp NOT NULL DEFAULT CURRENT_TIMESTAMP,
  PRIMARY KEY (`id`),
  KEY `order_logs_order_id_foreign` (`order_id`),
  CONSTRAINT `order_logs_order_id_foreign` FOREIGN KEY (`order_id`) REFERENCES `orders` (`id`) ON DELETE CASCADE
) ENGINE=InnoDB DEFAULT CHARSET=utf8mb4 COLLATE=utf8mb4_unicode_ci;
/*!40101 SET character_set_client = @saved_cs_client */;

--
-- Dumping data for table `order_logs`
--

LOCK TABLES `order_logs` WRITE;
/*!40000 ALTER TABLE `order_logs` DISABLE KEYS */;
INSERT INTO `order_logs` VALUES ('019ac949-9ad2-70a7-8f23-978d7707552b','019ac949-9ac6-715e-99a3-e94125bb91be','order_created','Order created by customer','{\"user_id\": 10, \"subtotal\": 4383500, \"channel_id\": \"98e9658b-c4fb-44a4-b056-91dc1a51759f\", \"courier_id\": \"019ac945-eac4-721b-a224-531f5f152fc4\", \"grand_total\": 4383500, \"items_count\": 2, \"code_voucher\": null}','2025-11-28 07:07:15'),('019ac94b-2c3b-729f-bb05-9d8841f77f42','019ac949-9ac6-715e-99a3-e94125bb91be','payment_succeeded','Order status updated to processing after successful payment callback.','{\"to\": 1, \"from\": 0, \"payment_id\": \"019ac949-9ad4-7236-940c-63175b81ecf2\", \"external_id\": \"019ac949-9ac6-715e-99a3-e94125bb91be\", \"payment_stat\": \"SUCCEEDED\"}','2025-11-28 07:08:58'),('019ac98d-0533-7216-94cd-45127dc18a17','019ac98d-052d-7054-b0e5-0a2b44d4a5c7','order_created','Order created by customer','{\"user_id\": 10, \"subtotal\": 77700, \"channel_id\": \"98e9658b-c831-453f-bd35-423a15e98d2c\", \"courier_id\": \"019ac945-eac4-721b-a224-531f5f152fc4\", \"grand_total\": 77700, \"items_count\": 1, \"code_voucher\": null}','2025-11-28 08:20:53'),('019ac990-042c-703a-9690-aa949741aa83','019ac98d-052d-7054-b0e5-0a2b44d4a5c7','payment_succeeded','Order status updated to processing after successful payment callback.','{\"to\": 1, \"from\": 0, \"payment_id\": \"019ac98d-0534-70f0-b42b-9b9b094e3210\", \"external_id\": \"019ac98d-052d-7054-b0e5-0a2b44d4a5c7\", \"payment_stat\": \"SUCCEEDED\"}','2025-11-28 08:24:10'),('019ae3a1-5b21-70b6-84d7-9185c1b711cb','019ae3a1-5b16-737b-88de-4152d0abbeb3','order_created','Order created by customer','{\"user_id\": 10, \"subtotal\": 11000000, \"channel_id\": \"98e9658b-c3da-41c0-b5f8-c3af55d54b1a\", \"courier_id\": \"019ac945-eac4-721b-a224-531f5f152fc4\", \"grand_total\": 11002000, \"items_count\": 1, \"code_voucher\": null}','2025-12-03 09:53:14'),('019ae3a6-d5f9-71a6-85e0-3073dee7fb87','019ae3a6-d5f1-72a4-adf5-cad9dfac8ed6','order_created','Order created by customer','{\"user_id\": 10, \"subtotal\": 12100000, \"channel_id\": \"98e9658b-c3da-41c0-b5f8-c3af55d54b1a\", \"courier_id\": \"019ac945-eac4-721b-a224-531f5f152fc4\", \"grand_total\": 12102000, \"items_count\": 2, \"code_voucher\": null}','2025-12-03 09:59:13');
/*!40000 ALTER TABLE `order_logs` ENABLE KEYS */;
UNLOCK TABLES;

--
-- Table structure for table `orders`
--

DROP TABLE IF EXISTS `orders`;
/*!40101 SET @saved_cs_client     = @@character_set_client */;
/*!50503 SET character_set_client = utf8mb4 */;
CREATE TABLE `orders` (
  `id` char(36) COLLATE utf8mb4_unicode_ci NOT NULL,
  `user_id` bigint unsigned NOT NULL,
  `user_addresses_id` bigint unsigned NOT NULL,
  `user_addresses_detail` json NOT NULL,
  `buyer_name` varchar(255) COLLATE utf8mb4_unicode_ci NOT NULL,
  `recipient_name` varchar(255) COLLATE utf8mb4_unicode_ci NOT NULL,
  `phone_number` varchar(255) COLLATE utf8mb4_unicode_ci NOT NULL,
  `recipient_data` json NOT NULL,
  `voucher_id` bigint DEFAULT NULL,
  `voucher_detail` json DEFAULT NULL,
  `channel_id` char(36) COLLATE utf8mb4_unicode_ci DEFAULT NULL,
  `subtotal` bigint NOT NULL,
  `delivery_cost` bigint NOT NULL,
  `discount` bigint NOT NULL,
  `other_fees` bigint NOT NULL,
  `grand_total` bigint NOT NULL,
  `courier_id` char(36) COLLATE utf8mb4_unicode_ci DEFAULT NULL,
  `courier_name` varchar(255) COLLATE utf8mb4_unicode_ci NOT NULL,
  `status` tinyint unsigned NOT NULL DEFAULT '0' COMMENT '0=pending,1=processing,2=waiting_for_courier,3=in_transit,4=completed,99=cancelled',
  `created_at` timestamp NULL DEFAULT NULL,
  `updated_at` timestamp NULL DEFAULT NULL,
  PRIMARY KEY (`id`),
  KEY `orders_user_id_foreign` (`user_id`),
  KEY `orders_user_addresses_id_foreign` (`user_addresses_id`),
  KEY `orders_channel_id_foreign` (`channel_id`),
  KEY `orders_courier_id_foreign` (`courier_id`),
  CONSTRAINT `orders_channel_id_foreign` FOREIGN KEY (`channel_id`) REFERENCES `channels` (`id`) ON DELETE CASCADE,
  CONSTRAINT `orders_courier_id_foreign` FOREIGN KEY (`courier_id`) REFERENCES `couriers` (`id`) ON DELETE CASCADE,
  CONSTRAINT `orders_user_addresses_id_foreign` FOREIGN KEY (`user_addresses_id`) REFERENCES `user_addresses` (`id`) ON DELETE CASCADE,
  CONSTRAINT `orders_user_id_foreign` FOREIGN KEY (`user_id`) REFERENCES `users` (`id`) ON DELETE CASCADE
) ENGINE=InnoDB DEFAULT CHARSET=utf8mb4 COLLATE=utf8mb4_unicode_ci;
/*!40101 SET character_set_client = @saved_cs_client */;

--
-- Dumping data for table `orders`
--

LOCK TABLES `orders` WRITE;
/*!40000 ALTER TABLE `orders` DISABLE KEYS */;
INSERT INTO `orders` VALUES ('019ac949-9ac6-715e-99a3-e94125bb91be',10,12,'{\"city\": \"Samarinda City\", \"label\": \"Home\", \"city_id\": 1, \"province\": \"East Kalimantan\", \"postal_code\": \"\", \"province_id\": 23, \"address_line\": \"Jl. Mawar Indah No. 5, RT 03 RW 08\", \"phone_number\": \"0812345\", \"receiver_name\": \"Zone\"}','Zone','Zone','0812345','{\"city\": \"Samarinda City\", \"label\": \"Home\", \"city_id\": 1, \"province\": \"East Kalimantan\", \"postal_code\": \"\", \"province_id\": 23, \"address_line\": \"Jl. Mawar Indah No. 5, RT 03 RW 08\", \"phone_number\": \"0812345\", \"receiver_name\": \"Zone\"}',NULL,NULL,'98e9658b-c4fb-44a4-b056-91dc1a51759f',4383500,0,0,0,4383500,'019ac945-eac4-721b-a224-531f5f152fc4','Pick up in store',1,'2025-11-28 07:07:15','2025-11-28 07:08:58'),('019ac98d-052d-7054-b0e5-0a2b44d4a5c7',10,12,'{\"city\": \"Samarinda City\", \"label\": \"Home\", \"city_id\": 1, \"province\": \"East Kalimantan\", \"postal_code\": \"\", \"province_id\": 23, \"address_line\": \"Jl. Mawar Indah No. 5, RT 03 RW 08\", \"phone_number\": \"0812345\", \"receiver_name\": \"Zone\"}','Zone','Zone','0812345','{\"city\": \"Samarinda City\", \"label\": \"Home\", \"city_id\": 1, \"province\": \"East Kalimantan\", \"postal_code\": \"\", \"province_id\": 23, \"address_line\": \"Jl. Mawar Indah No. 5, RT 03 RW 08\", \"phone_number\": \"0812345\", \"receiver_name\": \"Zone\"}',NULL,NULL,'98e9658b-c831-453f-bd35-423a15e98d2c',77700,0,0,0,77700,'019ac945-eac4-721b-a224-531f5f152fc4','Pick up in store',1,'2025-11-28 08:20:53','2025-11-28 08:24:10'),('019ae3a1-5b16-737b-88de-4152d0abbeb3',10,12,'{\"city\": \"Samarinda City\", \"label\": \"Home\", \"city_id\": 1, \"province\": \"East Kalimantan\", \"postal_code\": \"\", \"province_id\": 23, \"address_line\": \"Jl. Mawar Indah No. 5, RT 03 RW 08\", \"phone_number\": \"0812345\", \"receiver_name\": \"Zone\"}','Zone','Zone','0812345','{\"city\": \"Samarinda City\", \"label\": \"Home\", \"city_id\": 1, \"province\": \"East Kalimantan\", \"postal_code\": \"\", \"province_id\": 23, \"address_line\": \"Jl. Mawar Indah No. 5, RT 03 RW 08\", \"phone_number\": \"0812345\", \"receiver_name\": \"Zone\"}',NULL,NULL,'98e9658b-c3da-41c0-b5f8-c3af55d54b1a',11000000,0,0,2000,11002000,'019ac945-eac4-721b-a224-531f5f152fc4','Pick up in store',0,'2025-12-03 09:53:14','2025-12-03 09:53:14'),('019ae3a6-d5f1-72a4-adf5-cad9dfac8ed6',10,12,'{\"city\": \"Samarinda City\", \"label\": \"Home\", \"city_id\": 1, \"province\": \"East Kalimantan\", \"postal_code\": \"\", \"province_id\": 23, \"address_line\": \"Jl. Mawar Indah No. 5, RT 03 RW 08\", \"phone_number\": \"0812345\", \"receiver_name\": \"Zone\"}','Zone','Zone','0812345','{\"city\": \"Samarinda City\", \"label\": \"Home\", \"city_id\": 1, \"province\": \"East Kalimantan\", \"postal_code\": \"\", \"province_id\": 23, \"address_line\": \"Jl. Mawar Indah No. 5, RT 03 RW 08\", \"phone_number\": \"0812345\", \"receiver_name\": \"Zone\"}',NULL,NULL,'98e9658b-c3da-41c0-b5f8-c3af55d54b1a',12100000,0,0,2000,12102000,'019ac945-eac4-721b-a224-531f5f152fc4','Pick up in store',0,'2025-12-03 09:59:13','2025-12-03 09:59:13');
/*!40000 ALTER TABLE `orders` ENABLE KEYS */;
UNLOCK TABLES;

--
-- Table structure for table `otps`
--

DROP TABLE IF EXISTS `otps`;
/*!40101 SET @saved_cs_client     = @@character_set_client */;
/*!50503 SET character_set_client = utf8mb4 */;
CREATE TABLE `otps` (
  `id` bigint unsigned NOT NULL AUTO_INCREMENT,
  `identifier` varchar(100) COLLATE utf8mb4_unicode_ci NOT NULL,
  `token` varchar(10) COLLATE utf8mb4_unicode_ci NOT NULL,
  `validity` mediumint unsigned NOT NULL,
  `valid` tinyint(1) NOT NULL DEFAULT '1',
  `created_at` timestamp NULL DEFAULT NULL,
  `updated_at` timestamp NULL DEFAULT NULL,
  PRIMARY KEY (`id`)
) ENGINE=InnoDB AUTO_INCREMENT=127 DEFAULT CHARSET=utf8mb4 COLLATE=utf8mb4_unicode_ci;
/*!40101 SET character_set_client = @saved_cs_client */;

--
-- Dumping data for table `otps`
--

LOCK TABLES `otps` WRITE;
/*!40000 ALTER TABLE `otps` DISABLE KEYS */;
INSERT INTO `otps` VALUES (1,'a052376e-d493-4375-a41a-4ec44dd60c58','766033',5,1,'2025-11-10 04:42:57','2025-11-10 04:42:57'),(2,'a0525db3-143e-4a77-9ace-2da99c0e0aee','848337',5,1,'2025-11-10 06:29:57','2025-11-10 06:29:57'),(3,'a0525dca-68a5-4720-bfd2-39cf936ae001','051797',5,1,'2025-11-10 06:30:13','2025-11-10 06:30:13'),(4,'a0525e0f-fd54-4f6b-93e4-d7dc04ed24a1','002880',5,1,'2025-11-10 06:30:58','2025-11-10 06:30:58'),(5,'a0525e43-d12a-4cb9-874f-7e7506520864','843219',5,1,'2025-11-10 06:31:32','2025-11-10 06:31:32'),(6,'a0525ea3-e173-475b-a01c-53ec58599182','430814',5,1,'2025-11-10 06:32:35','2025-11-10 06:32:35'),(7,'a052662e-191c-4c7f-b6e5-0a8adbee9266','247583',5,1,'2025-11-10 06:53:40','2025-11-10 06:53:40'),(8,'a0528672-d185-4eb1-a3c5-770e3368572b','194617',5,1,'2025-11-10 08:23:54','2025-11-10 08:23:54'),(9,'a0528851-e475-4ae4-9f9f-35e49176e58e','011104',5,1,'2025-11-10 08:29:08','2025-11-10 08:29:08'),(10,'a0528c9b-38bf-476e-809b-a7991fbca2bf','391243',5,1,'2025-11-10 08:41:07','2025-11-10 08:41:07'),(11,'a0528f5b-0be0-4453-8190-5d6148d2e247','691989',5,1,'2025-11-10 08:48:48','2025-11-10 08:48:48'),(12,'a05292f4-7923-4871-a500-2cd9d500e88b','055140',5,1,'2025-11-10 08:58:52','2025-11-10 08:58:52'),(13,'a052952f-a9ae-4ef0-a0da-9e89b5276d74','785128',5,1,'2025-11-10 09:05:06','2025-11-10 09:05:06'),(14,'a0529553-22ac-40d3-b96b-91c3474c54ac','120260',5,1,'2025-11-10 09:05:30','2025-11-10 09:05:30'),(15,'a052964f-5d3f-480f-98ef-a66a9ad18489','100982',5,1,'2025-11-10 09:08:15','2025-11-10 09:08:15'),(16,'a0529854-3a65-4aa7-a692-6a3ad3d3dae0','266144',5,1,'2025-11-10 09:13:54','2025-11-10 09:13:54'),(17,'a0529bde-9b94-4d19-a7b8-2572d340cd97','922170',5,1,'2025-11-10 09:23:48','2025-11-10 09:23:48'),(18,'a0529c28-1675-4984-b670-f1cc9ee79458','211926',5,0,'2025-11-10 09:24:36','2025-11-10 09:26:05'),(19,'a0529e61-8ae3-46e2-bf2d-cad318c0cd2f','679142',5,0,'2025-11-10 09:30:49','2025-11-10 09:31:43'),(20,'a052a04b-6ea4-4d48-94d5-fd8ee221f3cc','015014',5,0,'2025-11-10 09:36:10','2025-11-10 09:38:08'),(21,'a052a628-eea0-4184-8a12-a824934004a2','214423',5,1,'2025-11-10 09:52:34','2025-11-10 09:52:34'),(22,'a052a924-1483-461d-a780-b752575c7bc8','107750',5,0,'2025-11-10 10:00:54','2025-11-10 10:01:20'),(23,'a052b24a-4748-4ea0-9f6a-ec1d0df7fa3a','173234',5,0,'2025-11-10 10:26:29','2025-11-10 10:26:45'),(24,'a052be0b-8204-4c8c-9d6b-2d73dbbaedbc','799553',5,1,'2025-11-10 10:59:21','2025-11-10 10:59:21'),(25,'a0542a42-aa10-42a4-ab5e-0ca6ac3866da','822509',5,1,'2025-11-11 03:57:47','2025-11-11 03:57:47'),(26,'a0543e28-4374-4a4f-82d9-708fd5278972','883203',5,1,'2025-11-11 04:53:25','2025-11-11 04:53:25'),(27,'a0543e5f-f939-44cd-b6e6-20773d800474','769031',5,0,'2025-11-11 04:54:01','2025-11-11 04:54:50'),(28,'a0545d5e-c8c1-4f73-83b4-86bf13acf836','207894',5,0,'2025-11-11 06:20:41','2025-11-11 06:21:06'),(29,'a054602f-2cb1-4191-b022-ce2a491e0b6d','197645',5,1,'2025-11-11 06:28:34','2025-11-11 06:28:34'),(30,'a05465b2-9ed5-40d9-b1b6-d2840a7077d3','893738',5,1,'2025-11-11 06:43:59','2025-11-11 06:43:59'),(31,'a054665c-c720-4223-bce9-1547d7c933b3','603580',5,1,'2025-11-11 06:45:50','2025-11-11 06:45:50'),(32,'a0547226-f307-467c-96af-6700696429aa','724842',5,1,'2025-11-11 07:18:48','2025-11-11 07:18:48'),(33,'a0547555-d5c2-4413-b05f-8586b03e41fb','227608',5,1,'2025-11-11 07:27:42','2025-11-11 07:27:42'),(34,'a0547727-83be-4f1f-9f1b-98116a53eb92','170620',5,1,'2025-11-11 07:32:47','2025-11-11 07:32:47'),(35,'a0547885-fedc-4593-9da5-936ff9d7f1b8','610119',5,1,'2025-11-11 07:36:37','2025-11-11 07:36:37'),(36,'a0547a7b-db03-4a65-911d-2e0e5012ff8c','092173',5,1,'2025-11-11 07:42:06','2025-11-11 07:42:06'),(37,'a0547d77-8f51-46b0-aaac-20583e82d28c','843328',5,0,'2025-11-11 07:50:26','2025-11-11 07:51:43'),(38,'a054824c-b0e0-4449-abb6-981df11b1e30','304868',5,0,'2025-11-11 08:03:57','2025-11-11 08:04:38'),(39,'a0548304-6b9c-45ca-85ae-d81b081b498b','477791',5,0,'2025-11-11 08:05:58','2025-11-11 08:06:14'),(40,'a0548f1e-4de0-415d-a9a8-6ea70cbb2ab9','308082',5,1,'2025-11-11 08:39:48','2025-11-11 08:39:48'),(41,'a0548f46-79c9-4eca-a55b-f876d2902074','367808',5,1,'2025-11-11 08:40:14','2025-11-11 08:40:14'),(42,'a054905a-75f4-4a84-b2d0-dbd450bfa545','269992',5,1,'2025-11-11 08:43:15','2025-11-11 08:43:15'),(43,'a05494a9-8808-4323-8663-8bfb0c924e76','908294',5,1,'2025-11-11 08:55:18','2025-11-11 08:55:18'),(44,'a05494ad-424e-49e3-80e3-27689403282b','741725',5,1,'2025-11-11 08:55:20','2025-11-11 08:55:20'),(45,'a05494b0-b244-47d5-b326-dbd9fe4bbefe','402584',5,1,'2025-11-11 08:55:23','2025-11-11 08:55:23'),(46,'a05494b4-ade0-4864-a126-bc107d47c8f1','530119',5,1,'2025-11-11 08:55:25','2025-11-11 08:55:25'),(47,'a05496f0-02ae-483d-984f-0680a24e57f8','482916',5,1,'2025-11-11 09:01:40','2025-11-11 09:01:40'),(48,'a05496f6-1028-477e-829d-d09f7443cbd0','239595',5,1,'2025-11-11 09:01:44','2025-11-11 09:01:44'),(49,'a054978c-9606-432a-a291-2c5f1f82f26c','070601',5,1,'2025-11-11 09:03:22','2025-11-11 09:03:22'),(50,'a0549791-1b6e-4699-90d1-d6aa2d75b8b1','992286',5,1,'2025-11-11 09:03:25','2025-11-11 09:03:25'),(51,'a054a05c-9899-4dfb-961a-f88fc73d53ac','106678',5,1,'2025-11-11 09:28:01','2025-11-11 09:28:01'),(52,'a054a069-2128-4234-99a5-e0f2207b6aac','614735',5,1,'2025-11-11 09:28:09','2025-11-11 09:28:09'),(53,'a054a06d-2a92-49dc-9615-3f47a989c838','815887',5,1,'2025-11-11 09:28:12','2025-11-11 09:28:12'),(54,'a054a128-2c3f-4578-a66d-db510df4a630','006962',5,1,'2025-11-11 09:30:14','2025-11-11 09:30:14'),(55,'a054a12b-abb8-485a-b5a6-a5faa7f04d96','759869',5,1,'2025-11-11 09:30:16','2025-11-11 09:30:16'),(56,'a054a12f-1a22-4f67-9de4-d04e0d0abefd','540543',5,1,'2025-11-11 09:30:19','2025-11-11 09:30:19'),(57,'a054a154-de91-439d-9872-2a3f16029c24','705899',5,1,'2025-11-11 09:30:43','2025-11-11 09:30:43'),(58,'a054a158-285b-49bf-98ae-dc092ade31b5','076719',5,1,'2025-11-11 09:30:46','2025-11-11 09:30:46'),(59,'a054a333-9261-4836-9a41-d6543aae2216','197658',5,1,'2025-11-11 09:35:57','2025-11-11 09:35:57'),(60,'a054a338-70cc-486f-a5f5-46a044f15767','233399',5,1,'2025-11-11 09:36:00','2025-11-11 09:36:00'),(61,'a054a33e-6e81-4cbf-9e34-4ddd4968264e','599885',5,1,'2025-11-11 09:36:04','2025-11-11 09:36:04'),(62,'a054a37f-46ba-4d65-ab8c-313dab87393a','248679',5,1,'2025-11-11 09:36:47','2025-11-11 09:36:47'),(63,'a054a385-6f89-46df-8f29-261b2f33c6ed','820476',5,1,'2025-11-11 09:36:51','2025-11-11 09:36:51'),(64,'a054a389-5165-4632-b163-ddf7cfab8965','491432',5,1,'2025-11-11 09:36:53','2025-11-11 09:36:53'),(65,'a054a418-96ae-4b66-af34-3e35d45abd32','003466',5,1,'2025-11-11 09:38:27','2025-11-11 09:38:27'),(66,'a054a427-c494-4bb7-b84e-cbfc3c7b61bb','925892',5,1,'2025-11-11 09:38:37','2025-11-11 09:38:37'),(67,'a054a42a-ddd3-489a-ab7e-0c3126b8c5cd','342834',5,1,'2025-11-11 09:38:39','2025-11-11 09:38:39'),(68,'a054a458-f28f-4c1f-990d-b3b5877f0a41','477754',5,1,'2025-11-11 09:39:09','2025-11-11 09:39:09'),(69,'a054a45d-0df7-48b6-b941-5d6ddcbc6d4f','316527',5,1,'2025-11-11 09:39:12','2025-11-11 09:39:12'),(70,'a054a56c-955c-49da-b9be-cd668f091208','980265',5,1,'2025-11-11 09:42:10','2025-11-11 09:42:10'),(71,'a054a570-827e-41c3-807c-414d1f790333','322756',5,1,'2025-11-11 09:42:13','2025-11-11 09:42:13'),(72,'a054a574-adcd-4c7f-b3ee-f05ed9f93a96','270566',5,1,'2025-11-11 09:42:15','2025-11-11 09:42:15'),(73,'a05610db-4277-4dd6-9a29-34069b41646f','658126',5,0,'2025-11-12 02:38:24','2025-11-12 02:42:52'),(74,'a05619a3-6e3a-4195-bae3-64928c9e5cb8','401071',5,1,'2025-11-12 03:02:57','2025-11-12 03:02:57'),(75,'a05619e9-291b-417d-a226-54a051a70d62','483556',5,1,'2025-11-12 03:03:43','2025-11-12 03:03:43'),(76,'a0561e1e-6db3-4eab-bbfc-bc72ddc6ca20','810905',5,1,'2025-11-12 03:15:29','2025-11-12 03:15:29'),(77,'a0562050-0657-4689-a62a-22d0661137c3','398557',5,1,'2025-11-12 03:21:37','2025-11-12 03:21:37'),(78,'a0562216-e024-4a0d-9b56-ca4fdca791f4','250966',5,1,'2025-11-12 03:26:35','2025-11-12 03:26:35'),(79,'a0563846-d94d-4ad3-a684-e49f824c952f','144745',5,1,'2025-11-12 04:28:37','2025-11-12 04:28:37'),(80,'a0569ed4-ceee-4240-b488-31b74471eca0','739536',5,0,'2025-11-12 09:15:23','2025-11-12 09:15:38'),(81,'a0569f53-a426-4e89-a5e1-b4869b51a1e6','667504',5,0,'2025-11-12 09:16:46','2025-11-12 09:16:54'),(82,'a058404d-b7af-4ace-aaed-c70eadf65740','120191',5,1,'2025-11-13 04:42:44','2025-11-13 04:42:44'),(83,'a058425d-6054-4269-8210-136b3e1fd2ae','322646',5,1,'2025-11-13 04:48:29','2025-11-13 04:48:29'),(84,'a05863f6-af5a-41cc-85d8-7fd4da1cfdac','893243',5,1,'2025-11-13 06:22:26','2025-11-13 06:22:26'),(85,'a05a81e9-4884-4650-a78a-c163c250d5db','611243',5,0,'2025-11-14 07:37:50','2025-11-14 07:38:15'),(86,'a0608825-6e5e-4362-b239-bda661c6b8e5','963453',5,1,'2025-11-17 07:30:14','2025-11-17 07:30:14'),(87,'a0608e27-4f0a-4cb5-8cee-79ff0517ffdd','956212',5,0,'2025-11-17 07:47:02','2025-11-17 07:48:40'),(88,'a0608f8b-c79a-4aee-b8dc-e1bfb9dfd32d','281702',5,0,'2025-11-17 07:50:56','2025-11-17 07:51:21'),(89,'a060c263-2ae6-46a0-a41f-f51086c82f36','415233',5,1,'2025-11-17 10:13:05','2025-11-17 10:13:05'),(90,'a060c653-6bc3-45ba-9550-554cb9ec35ca','765637',5,0,'2025-11-17 10:24:06','2025-11-17 10:24:48'),(91,'a060c7dd-cd85-4a17-a1d4-7dbb1d816e86','434437',5,0,'2025-11-17 10:28:25','2025-11-17 10:28:46'),(92,'a062238b-f323-46f4-b3a8-3951b4b4b5b5','990385',5,0,'2025-11-18 02:40:36','2025-11-18 02:40:56'),(93,'a06226ba-f327-4b82-beae-d281e2276307','975489',5,0,'2025-11-18 02:49:30','2025-11-18 02:50:13'),(94,'a06255d2-817b-4a44-9325-ea44077bdbc5','419068',5,0,'2025-11-18 05:01:10','2025-11-18 06:10:03'),(95,'a0626e7d-8ffa-4226-9021-a91cb3986ef4','488240',5,0,'2025-11-18 06:10:09','2025-11-18 06:10:32'),(96,'a0627827-9cfb-4166-91f0-ba8163b4bb9c','853440',5,0,'2025-11-18 06:37:11','2025-11-18 06:37:29'),(97,'a06278ee-c482-4494-ac44-b0b063b28277','111303',5,0,'2025-11-18 06:39:21','2025-11-18 06:39:40'),(98,'a0627d09-a57b-42e6-94eb-c861998f7335','251662',5,0,'2025-11-18 06:50:50','2025-11-18 06:51:10'),(99,'a0627e0d-d573-4c85-a54f-bc3c9749c5db','167297',5,0,'2025-11-18 06:53:40','2025-11-18 06:54:14'),(100,'a06286a6-b643-47db-959a-13bad0a5ebbf','173248',5,1,'2025-11-18 07:17:43','2025-11-18 07:17:43'),(101,'a0628703-a734-4a30-a570-da5a7d56e23d','566971',5,0,'2025-11-18 07:18:44','2025-11-18 07:19:06'),(102,'a0629bff-b946-458e-807e-5dd50dd61a7e','871024',5,0,'2025-11-18 08:17:24','2025-11-18 08:17:43'),(103,'a062b0fe-5e22-465b-b655-f97ac242ef46','387899',5,1,'2025-11-18 09:16:07','2025-11-18 09:16:07'),(104,'a062b186-be60-45f1-81a5-b1f40274a0c7','814527',5,0,'2025-11-18 09:17:36','2025-11-18 09:17:55'),(105,'a062be9c-71c4-4824-937d-456bc660014f','693936',5,1,'2025-11-18 09:54:11','2025-11-18 09:54:11'),(106,'a0642657-0d5c-4c76-806c-477e2ef8d894','417237',5,1,'2025-11-19 02:40:04','2025-11-19 02:40:04'),(107,'a0644225-422a-471d-80e5-cc604e2d79c4','118842',5,1,'2025-11-19 03:57:49','2025-11-19 03:57:49'),(108,'a0644540-3145-4281-8fe6-1694c97e8245','929990',5,0,'2025-11-19 04:06:30','2025-11-19 04:07:05'),(109,'a06498cb-def9-4058-89ab-6cdbcc2c3bcd','688420',5,0,'2025-11-19 08:00:06','2025-11-19 08:00:34'),(110,'a064a758-b3fa-4b1e-b094-f3d1eec5a882','187966',5,1,'2025-11-19 08:40:47','2025-11-19 08:40:47'),(111,'a064b4d7-ecde-40bb-8ecb-04c5a49b4772','098566',5,0,'2025-11-19 09:18:32','2025-11-19 09:18:56'),(112,'a06635d6-c1c5-44d6-b39c-ac493065d4f7','015083',5,1,'2025-11-20 03:15:03','2025-11-20 03:15:03'),(113,'a06635d6-e3db-45f7-88ad-aaa2e3bef252','455363',5,0,'2025-11-20 03:15:03','2025-11-20 03:18:05'),(114,'a0667b4b-6ea7-4df1-9b12-6d5031941c65','156065',5,1,'2025-11-20 06:29:16','2025-11-20 06:29:16'),(115,'a0667fc8-aad4-4a57-87eb-e28ce6d5c965','343755',5,1,'2025-11-20 06:41:49','2025-11-20 06:41:49'),(116,'a06683e9-9798-466c-8e6b-a489dae6542e','532798',5,0,'2025-11-20 06:53:22','2025-11-20 06:53:42'),(117,'a06691c0-5798-414d-b257-9c19364bb486','202665',5,0,'2025-11-20 07:32:04','2025-11-20 07:33:12'),(118,'a068b276-ebb5-450d-b9b7-70c59a0aaadf','517166',5,0,'2025-11-21 08:55:11','2025-11-21 08:55:47'),(119,'a06e9d6d-5c75-41be-959f-fa9145301c28','300807',5,0,'2025-11-24 07:31:20','2025-11-24 07:31:55'),(120,'a06ead04-47f7-487c-834b-8ff7bc182e31','026543',5,0,'2025-11-24 08:14:55','2025-11-24 08:15:12'),(121,'a06eb09b-35f7-4200-bec6-0d324e193b9a','780702',5,0,'2025-11-24 08:24:58','2025-11-24 08:25:24'),(122,'a06ecc91-12b3-423d-b5e1-d57e7dbfdb65','459114',5,0,'2025-11-24 09:43:09','2025-11-24 09:43:36'),(123,'a0705955-64f2-4bd1-a262-050f62bdd5c0','046195',5,0,'2025-11-25 04:12:35','2025-11-25 04:13:07'),(124,'a074a883-6b1b-4890-9c32-121abc9be229','854611',5,0,'2025-11-27 07:37:18','2025-11-27 07:38:02'),(125,'a07e4de1-2fe7-4dca-91be-866ee6869b60','933508',5,0,'2025-12-02 02:42:09','2025-12-02 02:42:27'),(126,'a07e68d1-635c-4657-8f77-eda0fc52c2f7','781609',5,0,'2025-12-02 03:57:28','2025-12-02 03:57:45');
/*!40000 ALTER TABLE `otps` ENABLE KEYS */;
UNLOCK TABLES;

--
-- Table structure for table `password_resets`
--

DROP TABLE IF EXISTS `password_resets`;
/*!40101 SET @saved_cs_client     = @@character_set_client */;
/*!50503 SET character_set_client = utf8mb4 */;
CREATE TABLE `password_resets` (
  `email` varchar(255) COLLATE utf8mb4_unicode_ci NOT NULL,
  `token` varchar(255) COLLATE utf8mb4_unicode_ci NOT NULL,
  `created_at` timestamp NULL DEFAULT NULL,
  KEY `password_resets_email_index` (`email`)
) ENGINE=InnoDB DEFAULT CHARSET=utf8mb4 COLLATE=utf8mb4_unicode_ci;
/*!40101 SET character_set_client = @saved_cs_client */;

--
-- Dumping data for table `password_resets`
--

LOCK TABLES `password_resets` WRITE;
/*!40000 ALTER TABLE `password_resets` DISABLE KEYS */;
INSERT INTO `password_resets` VALUES ('muhammadfachriannoor@gmail.com','$2y$12$Y8x6vwI3D51CleI0IdWQT.RHKaOQn1vSJR7laihtht3KLosowMdFq','2025-11-25 08:48:06'),('sarinah123@yopmail.com','$2y$12$bUVCQcHOjDL5h5rpEbOmk.DRvx8rj80NXzlhU/9xCWQ1UPnDj8gcy','2025-12-03 06:36:54'),('methawillia@gmail.com','$2y$12$HrK0VgTp7izZCn31r0kSHOllcO8W1.39C2Ct2SFwnl1fanZmCfVc2','2025-12-04 04:11:03');
/*!40000 ALTER TABLE `password_resets` ENABLE KEYS */;
UNLOCK TABLES;

--
-- Table structure for table `payment_method`
--

DROP TABLE IF EXISTS `payment_method`;
/*!40101 SET @saved_cs_client     = @@character_set_client */;
/*!50503 SET character_set_client = utf8mb4 */;
CREATE TABLE `payment_method` (
  `id` bigint unsigned NOT NULL AUTO_INCREMENT,
  `name` varchar(255) COLLATE utf8mb4_unicode_ci NOT NULL,
  `is_active` tinyint(1) NOT NULL DEFAULT '0',
  `created_at` timestamp NULL DEFAULT NULL,
  `updated_at` timestamp NULL DEFAULT NULL,
  PRIMARY KEY (`id`)
) ENGINE=InnoDB AUTO_INCREMENT=2 DEFAULT CHARSET=utf8mb4 COLLATE=utf8mb4_unicode_ci;
/*!40101 SET character_set_client = @saved_cs_client */;

--
-- Dumping data for table `payment_method`
--

LOCK TABLES `payment_method` WRITE;
/*!40000 ALTER TABLE `payment_method` DISABLE KEYS */;
INSERT INTO `payment_method` VALUES (1,'Cash',1,'2025-11-19 07:00:48','2025-11-19 07:00:48');
/*!40000 ALTER TABLE `payment_method` ENABLE KEYS */;
UNLOCK TABLES;

--
-- Table structure for table `payment_settings`
--

DROP TABLE IF EXISTS `payment_settings`;
/*!40101 SET @saved_cs_client     = @@character_set_client */;
/*!50503 SET character_set_client = utf8mb4 */;
CREATE TABLE `payment_settings` (
  `meta` varchar(255) COLLATE utf8mb4_unicode_ci NOT NULL,
  `value` text COLLATE utf8mb4_unicode_ci,
  `type` varchar(255) COLLATE utf8mb4_unicode_ci DEFAULT NULL,
  `description` text COLLATE utf8mb4_unicode_ci,
  `created_at` timestamp NULL DEFAULT NULL,
  `updated_at` timestamp NULL DEFAULT NULL,
  `deleted_at` timestamp NULL DEFAULT NULL,
  PRIMARY KEY (`meta`)
) ENGINE=InnoDB DEFAULT CHARSET=utf8mb4 COLLATE=utf8mb4_unicode_ci;
/*!40101 SET character_set_client = @saved_cs_client */;

--
-- Dumping data for table `payment_settings`
--

LOCK TABLES `payment_settings` WRITE;
/*!40000 ALTER TABLE `payment_settings` DISABLE KEYS */;
INSERT INTO `payment_settings` VALUES ('DEFAULT_COST','0','INT',NULL,NULL,'2023-05-15 19:19:46',NULL),('DEFAULT_GATEWAY','XENDIT','STRING',NULL,NULL,'2023-05-15 19:19:46',NULL),('DEFAULT_METHOD','VIRTUAL_ACCOUNT','STRING',NULL,NULL,'2023-05-15 19:19:46',NULL),('DEFAULT_MINIMUM_AMOUNT','0','INT',NULL,NULL,'2023-05-15 19:19:46',NULL),('DEFAULT_PAYMENT_CALLBACK_URL','https://unictive-payment2023.kelolain.id/api/default-callback','STRING',NULL,NULL,'2023-05-15 19:19:46',NULL),('DEFAULT_SHIPMENT_CALLBACK_URL','https://unictive-payment2023.kelolain.id/api/default-callback','STRING',NULL,NULL,'2023-05-15 19:19:46',NULL),('DEFAULT_TAX','0.0','DOUBLE',NULL,NULL,'2023-05-15 19:19:46',NULL);
/*!40000 ALTER TABLE `payment_settings` ENABLE KEYS */;
UNLOCK TABLES;

--
-- Table structure for table `payments`
--

DROP TABLE IF EXISTS `payments`;
/*!40101 SET @saved_cs_client     = @@character_set_client */;
/*!50503 SET character_set_client = utf8mb4 */;
CREATE TABLE `payments` (
  `id` char(36) COLLATE utf8mb4_unicode_ci NOT NULL,
  `channel_id` char(36) COLLATE utf8mb4_unicode_ci NOT NULL,
  `order_id` char(36) COLLATE utf8mb4_unicode_ci NOT NULL,
  `status` varchar(255) COLLATE utf8mb4_unicode_ci NOT NULL DEFAULT 'WAITING',
  `code` varchar(255) COLLATE utf8mb4_unicode_ci NOT NULL,
  `reference` varchar(255) COLLATE utf8mb4_unicode_ci NOT NULL,
  `amount` int NOT NULL DEFAULT '0',
  `extra` int NOT NULL DEFAULT '0',
  `notes` text COLLATE utf8mb4_unicode_ci,
  `succeeded_at` timestamp NULL DEFAULT NULL,
  `failed_at` timestamp NULL DEFAULT NULL,
  `canceled_at` timestamp NULL DEFAULT NULL,
  `created_at` timestamp NULL DEFAULT NULL,
  `updated_at` timestamp NULL DEFAULT NULL,
  `deleted_at` timestamp NULL DEFAULT NULL,
  PRIMARY KEY (`id`),
  UNIQUE KEY `payments_code_unique` (`code`),
  KEY `payments_channel_id_foreign` (`channel_id`),
  KEY `payments_order_id_foreign` (`order_id`),
  CONSTRAINT `payments_channel_id_foreign` FOREIGN KEY (`channel_id`) REFERENCES `channels` (`id`) ON DELETE CASCADE,
  CONSTRAINT `payments_order_id_foreign` FOREIGN KEY (`order_id`) REFERENCES `orders` (`id`) ON DELETE CASCADE
) ENGINE=InnoDB DEFAULT CHARSET=utf8mb4 COLLATE=utf8mb4_unicode_ci;
/*!40101 SET character_set_client = @saved_cs_client */;

--
-- Dumping data for table `payments`
--

LOCK TABLES `payments` WRITE;
/*!40000 ALTER TABLE `payments` DISABLE KEYS */;
INSERT INTO `payments` VALUES ('019ac949-9ad4-7236-940c-63175b81ecf2','98e9658b-c4fb-44a4-b056-91dc1a51759f','019ac949-9ac6-715e-99a3-e94125bb91be','SUCCEEDED','019ac949-9ac6-715e-99a3-e94125bb91be','019ac949-9ac6-715e-99a3-e94125bb91be',4383500,0,NULL,NULL,NULL,NULL,'2025-11-28 07:07:15','2025-11-28 07:08:58',NULL),('019ac98d-0534-70f0-b42b-9b9b094e3210','98e9658b-c831-453f-bd35-423a15e98d2c','019ac98d-052d-7054-b0e5-0a2b44d4a5c7','SUCCEEDED','019ac98d-052d-7054-b0e5-0a2b44d4a5c7','019ac98d-052d-7054-b0e5-0a2b44d4a5c7',77700,0,NULL,NULL,NULL,NULL,'2025-11-28 08:20:53','2025-11-28 08:24:10',NULL),('019ae3a1-5b23-7273-8529-eed3dff81a03','98e9658b-c3da-41c0-b5f8-c3af55d54b1a','019ae3a1-5b16-737b-88de-4152d0abbeb3','PENDING','019ae3a1-5b16-737b-88de-4152d0abbeb3','019ae3a1-5b16-737b-88de-4152d0abbeb3',11002000,0,NULL,NULL,NULL,NULL,'2025-12-03 09:53:14','2025-12-03 09:53:15',NULL),('019ae3a6-d5fa-7196-923d-10e6cc682161','98e9658b-c3da-41c0-b5f8-c3af55d54b1a','019ae3a6-d5f1-72a4-adf5-cad9dfac8ed6','PENDING','019ae3a6-d5f1-72a4-adf5-cad9dfac8ed6','019ae3a6-d5f1-72a4-adf5-cad9dfac8ed6',12102000,0,NULL,NULL,NULL,NULL,'2025-12-03 09:59:13','2025-12-03 09:59:14',NULL);
/*!40000 ALTER TABLE `payments` ENABLE KEYS */;
UNLOCK TABLES;

--
-- Table structure for table `permissions`
--

DROP TABLE IF EXISTS `permissions`;
/*!40101 SET @saved_cs_client     = @@character_set_client */;
/*!50503 SET character_set_client = utf8mb4 */;
CREATE TABLE `permissions` (
  `id` bigint unsigned NOT NULL AUTO_INCREMENT,
  `name` varchar(255) COLLATE utf8mb4_unicode_ci NOT NULL,
  `guard_name` varchar(255) COLLATE utf8mb4_unicode_ci NOT NULL,
  `alias` varchar(100) COLLATE utf8mb4_unicode_ci DEFAULT NULL,
  `category` varchar(100) COLLATE utf8mb4_unicode_ci DEFAULT NULL,
  `group` varchar(100) COLLATE utf8mb4_unicode_ci DEFAULT NULL,
  `is_show` tinyint(1) NOT NULL DEFAULT '0',
  `created_at` timestamp NULL DEFAULT NULL,
  `updated_at` timestamp NULL DEFAULT NULL,
  PRIMARY KEY (`id`),
  UNIQUE KEY `permissions_name_guard_name_unique` (`name`,`guard_name`)
) ENGINE=InnoDB AUTO_INCREMENT=121 DEFAULT CHARSET=utf8mb4 COLLATE=utf8mb4_unicode_ci;
/*!40101 SET character_set_client = @saved_cs_client */;

--
-- Dumping data for table `permissions`
--

LOCK TABLES `permissions` WRITE;
/*!40000 ALTER TABLE `permissions` DISABLE KEYS */;
INSERT INTO `permissions` VALUES (1,'admin.viewAny','admin','Admin','Manage Admin',NULL,1,'2025-10-30 06:46:27','2025-12-03 03:49:08'),(2,'admin.view','admin','Admin','Manage Admin',NULL,1,'2025-10-30 06:46:27','2025-12-03 03:49:08'),(3,'admin.create','admin','Admin','Manage Admin',NULL,1,'2025-10-30 06:46:27','2025-12-03 03:49:08'),(4,'admin.update','admin','Admin','Manage Admin',NULL,1,'2025-10-30 06:46:27','2025-12-03 03:49:08'),(5,'admin.delete','admin','Admin','Manage Admin',NULL,1,'2025-10-30 06:46:27','2025-12-03 03:49:08'),(6,'privilege.viewAny','admin','Privilege','Manage Admin',NULL,1,'2025-10-30 06:46:27','2025-12-03 03:49:08'),(7,'privilege.view','admin','Privilege','Manage Admin',NULL,1,'2025-10-30 06:46:27','2025-12-03 03:49:08'),(8,'privilege.create','admin','Privilege','Manage Admin',NULL,1,'2025-10-30 06:46:27','2025-12-03 03:49:08'),(9,'privilege.update','admin','Privilege','Manage Admin',NULL,1,'2025-10-30 06:46:27','2025-12-03 03:49:08'),(10,'privilege.delete','admin','Privilege','Manage Admin',NULL,1,'2025-10-30 06:46:27','2025-12-03 03:49:08'),(11,'setting.viewAny','admin','Setting','Others','Product',1,'2025-10-30 06:46:27','2025-12-03 03:49:08'),(12,'setting.view','admin','Setting','Others','Product',1,'2025-10-30 06:46:27','2025-12-03 03:49:08'),(13,'setting.create','admin','Setting','Others','Product',1,'2025-10-30 06:46:27','2025-12-03 03:49:08'),(14,'setting.update','admin','Setting','Others','Product',1,'2025-10-30 06:46:27','2025-12-03 03:49:08'),(15,'setting.delete','admin','Setting','Others','Product',1,'2025-10-30 06:46:27','2025-12-03 03:49:08'),(16,'category.viewAny','admin','Category','Main Menu','Product',1,'2025-10-30 06:46:27','2025-12-03 03:49:08'),(17,'category.view','admin','Category','Main Menu','Product',1,'2025-10-30 06:46:27','2025-12-03 03:49:08'),(18,'category.create','admin','Category','Main Menu','Product',1,'2025-10-30 06:46:27','2025-12-03 03:49:08'),(19,'category.update','admin','Category','Main Menu','Product',1,'2025-10-30 06:46:27','2025-12-03 03:49:08'),(20,'category.delete','admin','Category','Main Menu','Product',1,'2025-10-30 06:46:27','2025-12-03 03:49:08'),(21,'sub_category.viewAny','admin','SubCategory','Administrator',NULL,0,'2025-10-30 06:46:27','2025-12-03 03:49:08'),(22,'sub_category.view','admin','SubCategory','Administrator',NULL,0,'2025-10-30 06:46:27','2025-12-03 03:49:08'),(23,'sub_category.create','admin','SubCategory','Administrator',NULL,0,'2025-10-30 06:46:27','2025-12-03 03:49:08'),(24,'sub_category.update','admin','SubCategory','Administrator',NULL,0,'2025-10-30 06:46:27','2025-12-03 03:49:08'),(25,'sub_category.delete','admin','SubCategory','Administrator',NULL,0,'2025-10-30 06:46:27','2025-12-03 03:49:08'),(26,'store.viewAny','admin','Store','Main Menu','Store',1,'2025-10-30 06:46:27','2025-12-03 03:49:08'),(27,'store.view','admin','Store','Main Menu','Store',1,'2025-10-30 06:46:27','2025-12-03 03:49:08'),(28,'store.create','admin','Store','Main Menu','Store',1,'2025-10-30 06:46:27','2025-12-03 03:49:08'),(29,'store.update','admin','Store','Main Menu','Store',1,'2025-10-30 06:46:27','2025-12-03 03:49:08'),(30,'store.delete','admin','Store','Main Menu','Store',1,'2025-10-30 06:46:27','2025-12-03 03:49:08'),(31,'store_owner.viewAny','admin','Store Owner','Store','CMS',1,'2025-10-30 06:46:27','2025-12-03 03:49:08'),(32,'store_owner.view','admin','Store Owner','Store','CMS',1,'2025-10-30 06:46:27','2025-12-03 03:49:08'),(33,'store_owner.create','admin','Store Owner','Store','CMS',1,'2025-10-30 06:46:27','2025-12-03 03:49:08'),(34,'store_owner.update','admin','Store Owner','Store','CMS',1,'2025-10-30 06:46:27','2025-12-03 03:49:08'),(35,'store_owner.delete','admin','Store Owner','Store','CMS',1,'2025-10-30 06:46:27','2025-12-03 03:49:08'),(36,'store_privilege.viewAny','admin','Privilege','Store','CMS',1,'2025-10-30 06:46:27','2025-12-03 03:49:08'),(37,'store_privilege.view','admin','Privilege','Store','CMS',1,'2025-10-30 06:46:27','2025-12-03 03:49:08'),(38,'store_privilege.create','admin','Privilege','Store','CMS',1,'2025-10-30 06:46:27','2025-12-03 03:49:08'),(39,'store_privilege.update','admin','Privilege','Store','CMS',1,'2025-10-30 06:46:27','2025-12-03 03:49:08'),(40,'store_privilege.delete','admin','Privilege','Store','CMS',1,'2025-10-30 06:46:27','2025-12-03 03:49:08'),(41,'product.viewAny','admin','Product','Store','CMS',1,'2025-10-30 06:46:27','2025-12-03 03:49:08'),(42,'product.view','admin','Product','Store','CMS',1,'2025-10-30 06:46:27','2025-12-03 03:49:08'),(43,'product.create','admin','Product','Store','CMS',1,'2025-10-30 06:46:27','2025-12-03 03:49:08'),(44,'product.update','admin','Product','Store','CMS',1,'2025-10-30 06:46:27','2025-12-03 03:49:08'),(45,'product.delete','admin','Product','Store','CMS',1,'2025-10-30 06:46:27','2025-12-03 03:49:08'),(46,'store_owner.viewAny','store_owner','Store Owner','Administrator',NULL,1,'2025-10-30 06:46:27','2025-12-03 03:49:08'),(47,'store_owner.view','store_owner','Store Owner','Administrator',NULL,1,'2025-10-30 06:46:27','2025-12-03 03:49:08'),(48,'store_owner.create','store_owner','Store Owner','Administrator',NULL,1,'2025-10-30 06:46:27','2025-12-03 03:49:08'),(49,'store_owner.update','store_owner','Store Owner','Administrator',NULL,1,'2025-10-30 06:46:27','2025-12-03 03:49:08'),(50,'store_owner.delete','store_owner','Store Owner','Administrator',NULL,1,'2025-10-30 06:46:27','2025-12-03 03:49:08'),(51,'store_privilege.viewAny','store_owner','Privilege','Administrator',NULL,1,'2025-10-30 06:46:27','2025-12-03 03:49:08'),(52,'store_privilege.view','store_owner','Privilege','Administrator',NULL,1,'2025-10-30 06:46:27','2025-12-03 03:49:08'),(53,'store_privilege.create','store_owner','Privilege','Administrator',NULL,1,'2025-10-30 06:46:27','2025-12-03 03:49:08'),(54,'store_privilege.update','store_owner','Privilege','Administrator',NULL,1,'2025-10-30 06:46:27','2025-12-03 03:49:08'),(55,'store_privilege.delete','store_owner','Privilege','Administrator',NULL,1,'2025-10-30 06:46:27','2025-12-03 03:49:08'),(56,'product.viewAny','store_owner','Product','Catalog',NULL,1,'2025-10-30 06:46:27','2025-12-03 03:49:08'),(57,'product.view','store_owner','Product','Catalog',NULL,1,'2025-10-30 06:46:27','2025-12-03 03:49:08'),(58,'product.create','store_owner','Product','Catalog',NULL,1,'2025-10-30 06:46:27','2025-12-03 03:49:08'),(59,'product.update','store_owner','Product','Catalog',NULL,1,'2025-10-30 06:46:27','2025-12-03 03:49:08'),(60,'product.delete','store_owner','Product','Catalog',NULL,1,'2025-10-30 06:46:27','2025-12-03 03:49:08'),(61,'master_location.viewAny','admin','Master Location','Main Menu','Store',1,'2025-11-10 10:50:15','2025-12-03 03:49:08'),(62,'master_location.view','admin','Master Location','Main Menu','Store',1,'2025-11-10 10:50:15','2025-12-03 03:49:08'),(63,'master_location.create','admin','Master Location','Main Menu','Store',1,'2025-11-10 10:50:15','2025-12-03 03:49:08'),(64,'master_location.update','admin','Master Location','Main Menu','Store',1,'2025-11-10 10:50:15','2025-12-03 03:49:08'),(65,'master_location.delete','admin','Master Location','Main Menu','Store',1,'2025-11-10 10:50:15','2025-12-03 03:49:08'),(66,'newsroom.viewAny','admin','Newsroom','Main Menu',NULL,1,'2025-11-12 03:14:54','2025-12-03 03:49:08'),(67,'newsroom.view','admin','Newsroom','Main Menu',NULL,1,'2025-11-12 03:14:54','2025-12-03 03:49:08'),(68,'newsroom.create','admin','Newsroom','Main Menu',NULL,1,'2025-11-12 03:14:54','2025-12-03 03:49:08'),(69,'newsroom.update','admin','Newsroom','Main Menu',NULL,1,'2025-11-12 03:14:54','2025-12-03 03:49:08'),(70,'newsroom.delete','admin','Newsroom','Main Menu',NULL,1,'2025-11-12 03:14:54','2025-12-03 03:49:08'),(71,'brand.viewAny','admin','Brand','Main Menu','Product',1,'2025-11-12 03:14:54','2025-12-03 03:49:08'),(72,'brand.view','admin','Brand','Main Menu','Product',1,'2025-11-12 03:14:54','2025-12-03 03:49:08'),(73,'brand.create','admin','Brand','Main Menu','Product',1,'2025-11-12 03:14:54','2025-12-03 03:49:08'),(74,'brand.update','admin','Brand','Main Menu','Product',1,'2025-11-12 03:14:54','2025-12-03 03:49:08'),(75,'brand.delete','admin','Brand','Main Menu','Product',1,'2025-11-12 03:14:54','2025-12-03 03:49:08'),(76,'special_price.viewAny','admin','Special Price','Store','CMS',1,'2025-11-17 04:19:31','2025-12-03 03:49:08'),(77,'special_price.view','admin','Special Price','Store','CMS',1,'2025-11-17 04:19:31','2025-12-03 03:49:08'),(78,'special_price.create','admin','Special Price','Store','CMS',1,'2025-11-17 04:19:31','2025-12-03 03:49:08'),(79,'special_price.update','admin','Special Price','Store','CMS',1,'2025-11-17 04:19:31','2025-12-03 03:49:08'),(80,'special_price.delete','admin','Special Price','Store','CMS',1,'2025-11-17 04:19:31','2025-12-03 03:49:08'),(81,'special_price.viewAny','store_owner','Special Price','Catalog',NULL,1,'2025-11-17 04:19:31','2025-12-03 03:49:08'),(82,'special_price.view','store_owner','Special Price','Catalog',NULL,1,'2025-11-17 04:19:31','2025-12-03 03:49:08'),(83,'special_price.create','store_owner','Special Price','Catalog',NULL,1,'2025-11-17 04:19:31','2025-12-03 03:49:08'),(84,'special_price.update','store_owner','Special Price','Catalog',NULL,1,'2025-11-17 04:19:31','2025-12-03 03:49:08'),(85,'special_price.delete','store_owner','Special Price','Catalog',NULL,1,'2025-11-17 04:19:31','2025-12-03 03:49:08'),(86,'user.viewAny','admin','Customer','Main Menu',NULL,1,'2025-11-18 08:55:04','2025-12-03 03:49:08'),(87,'user.view','admin','Customer','Main Menu',NULL,1,'2025-11-18 08:55:04','2025-12-03 03:49:08'),(88,'user.create','admin','Customer','Main Menu',NULL,1,'2025-11-18 08:55:04','2025-12-03 03:49:08'),(89,'user.update','admin','Customer','Main Menu',NULL,1,'2025-11-18 08:55:04','2025-12-03 03:49:08'),(90,'user.delete','admin','Customer','Main Menu',NULL,1,'2025-11-18 08:55:04','2025-12-03 03:49:08'),(91,'payment_method.viewAny','admin','Payment Method','Others','Product',1,'2025-11-18 08:55:04','2025-12-03 03:49:08'),(92,'payment_method.view','admin','Payment Method','Others','Product',1,'2025-11-18 08:55:04','2025-12-03 03:49:08'),(93,'payment_method.create','admin','Payment Method','Others','Product',1,'2025-11-18 08:55:04','2025-12-03 03:49:08'),(94,'payment_method.update','admin','Payment Method','Others','Product',1,'2025-11-18 08:55:04','2025-12-03 03:49:08'),(95,'payment_method.delete','admin','Payment Method','Others','Product',1,'2025-11-18 08:55:04','2025-12-03 03:49:08'),(96,'customer.viewAny','admin','Customer','Administrator',NULL,0,'2025-11-20 10:54:00','2025-12-03 03:49:08'),(97,'customer.view','admin','Customer','Administrator',NULL,0,'2025-11-20 10:54:00','2025-12-03 03:49:08'),(98,'customer.create','admin','Customer','Administrator',NULL,0,'2025-11-20 10:54:00','2025-12-03 03:49:08'),(99,'customer.update','admin','Customer','Administrator',NULL,0,'2025-11-20 10:54:00','2025-12-03 03:49:08'),(100,'customer.delete','admin','Customer','Administrator',NULL,0,'2025-11-20 10:54:00','2025-12-03 03:49:08'),(101,'product_option.viewAny','admin','Product Option','Main Menu','Product',1,'2025-11-25 18:35:06','2025-12-03 03:49:08'),(102,'product_option.view','admin','Product Option','Main Menu','Product',1,'2025-11-25 18:35:06','2025-12-03 03:49:08'),(103,'product_option.create','admin','Product Option','Main Menu','Product',1,'2025-11-25 18:35:06','2025-12-03 03:49:08'),(104,'product_option.update','admin','Product Option','Main Menu','Product',1,'2025-11-25 18:35:06','2025-12-03 03:49:08'),(105,'product_option.delete','admin','Product Option','Main Menu','Product',1,'2025-11-25 18:35:06','2025-12-03 03:49:08'),(106,'courier.viewAny','admin','Courier','Main Menu','Product',1,'2025-11-27 08:22:42','2025-12-03 03:49:08'),(107,'courier.view','admin','Courier','Main Menu','Product',1,'2025-11-27 08:22:42','2025-12-03 03:49:08'),(108,'courier.create','admin','Courier','Main Menu','Product',1,'2025-11-27 08:22:42','2025-12-03 03:49:08'),(109,'courier.update','admin','Courier','Main Menu','Product',1,'2025-11-27 08:22:42','2025-12-03 03:49:08'),(110,'courier.delete','admin','Courier','Main Menu','Product',1,'2025-11-27 08:22:42','2025-12-03 03:49:08'),(111,'notification.viewAny','admin','Notification','Main Menu',NULL,1,'2025-12-02 07:01:05','2025-12-03 03:49:08'),(112,'notification.view','admin','Notification','Main Menu',NULL,1,'2025-12-02 07:01:05','2025-12-03 03:49:08'),(113,'notification.create','admin','Notification','Main Menu',NULL,1,'2025-12-02 07:01:05','2025-12-03 03:49:08'),(114,'notification.update','admin','Notification','Main Menu',NULL,1,'2025-12-02 07:01:05','2025-12-03 03:49:08'),(115,'notification.delete','admin','Notification','Main Menu',NULL,1,'2025-12-02 07:01:05','2025-12-03 03:49:08'),(116,'voucher.viewAny','admin','Voucher','Others',NULL,1,'2025-12-03 03:49:08','2025-12-03 03:49:08'),(117,'voucher.view','admin','Voucher','Others',NULL,1,'2025-12-03 03:49:08','2025-12-03 03:49:08'),(118,'voucher.create','admin','Voucher','Others',NULL,1,'2025-12-03 03:49:08','2025-12-03 03:49:08'),(119,'voucher.update','admin','Voucher','Others',NULL,1,'2025-12-03 03:49:08','2025-12-03 03:49:08'),(120,'voucher.delete','admin','Voucher','Others',NULL,1,'2025-12-03 03:49:08','2025-12-03 03:49:08');
/*!40000 ALTER TABLE `permissions` ENABLE KEYS */;
UNLOCK TABLES;

--
-- Table structure for table `procedures`
--

DROP TABLE IF EXISTS `procedures`;
/*!40101 SET @saved_cs_client     = @@character_set_client */;
/*!50503 SET character_set_client = utf8mb4 */;
CREATE TABLE `procedures` (
  `id` char(36) COLLATE utf8mb4_unicode_ci NOT NULL,
  `channel_id` char(36) COLLATE utf8mb4_unicode_ci NOT NULL,
  `name` varchar(255) COLLATE utf8mb4_unicode_ci NOT NULL,
  `description` text COLLATE utf8mb4_unicode_ci,
  `order` int NOT NULL DEFAULT '0',
  `created_at` timestamp NULL DEFAULT NULL,
  `updated_at` timestamp NULL DEFAULT NULL,
  `deleted_at` timestamp NULL DEFAULT NULL,
  PRIMARY KEY (`id`),
  KEY `procedures_channel_id_foreign` (`channel_id`),
  CONSTRAINT `procedures_channel_id_foreign` FOREIGN KEY (`channel_id`) REFERENCES `channels` (`id`) ON DELETE CASCADE
) ENGINE=InnoDB DEFAULT CHARSET=utf8mb4 COLLATE=utf8mb4_unicode_ci;
/*!40101 SET character_set_client = @saved_cs_client */;

--
-- Dumping data for table `procedures`
--

LOCK TABLES `procedures` WRITE;
/*!40000 ALTER TABLE `procedures` DISABLE KEYS */;
INSERT INTO `procedures` VALUES ('98eb0d40-5c47-4b41-aed3-4d50ed9e9452','98e9658b-c3da-41c0-b5f8-c3af55d54b1a','ATM BCA','<p>Tata cara pembayaran melalui mesin atm</p>',1,'2023-04-12 05:31:10','2023-04-25 07:48:17',NULL),('98eb0d50-53e0-4dd9-a1f7-ac93cd92c895','98e9658b-c3da-41c0-b5f8-c3af55d54b1a','Mobile Banking','<p>Tata cara pembayaran melalui mobile banking BCA<br></p>',1,'2023-04-12 05:31:21','2023-04-25 07:51:10',NULL),('98eb0dbc-e18c-4105-a239-8d27961c783f','98e9658b-c3da-41c0-b5f8-c3af55d54b1a','Mesin ATM','<p>Tata cara pembayaran melalui mesin atm<br></p>',1,'2023-04-12 05:32:32','2023-04-12 05:32:32',NULL),('98eb0e24-1ee7-47e0-89e2-b6f796dd1ec5','98e9658b-c3da-41c0-b5f8-c3af55d54b1a','Mesin ATM','<p>Tata cara pembayaran melalui mesin atm<br></p>',1,'2023-04-12 05:33:39','2023-04-12 05:33:39',NULL),('992b9b82-8451-404d-a6ef-6891d0e16127','98e9658b-c831-453f-bd35-423a15e98d2c','test','<p>test qr code 1<br></p>',1,'2023-05-14 07:41:56','2023-05-14 07:41:56','2023-05-14 07:41:56'),('992b9b93-7a95-4e49-b243-a4a5554c9d38','98e9658b-c831-453f-bd35-423a15e98d2c','test','<p>test qr code 1<br></p>',1,'2023-05-14 07:42:07','2023-05-14 07:42:07','2023-05-14 07:41:56'),('9cfb3c92-036c-439b-a4ab-e69b2276ec07','98e9658b-c4fb-44a4-b056-91dc1a51759f','BNI Mobile',NULL,1,'2024-09-10 14:24:29','2024-09-10 14:24:29',NULL);
/*!40000 ALTER TABLE `procedures` ENABLE KEYS */;
UNLOCK TABLES;

--
-- Table structure for table `product_features`
--

DROP TABLE IF EXISTS `product_features`;
/*!40101 SET @saved_cs_client     = @@character_set_client */;
/*!50503 SET character_set_client = utf8mb4 */;
CREATE TABLE `product_features` (
  `id` bigint unsigned NOT NULL AUTO_INCREMENT,
  `product_id` bigint unsigned DEFAULT NULL,
  `created_at` timestamp NULL DEFAULT NULL,
  `updated_at` timestamp NULL DEFAULT NULL,
  PRIMARY KEY (`id`),
  KEY `product_features_product_id_foreign` (`product_id`),
  CONSTRAINT `product_features_product_id_foreign` FOREIGN KEY (`product_id`) REFERENCES `products` (`id`) ON DELETE CASCADE ON UPDATE CASCADE
) ENGINE=InnoDB AUTO_INCREMENT=42 DEFAULT CHARSET=utf8mb4 COLLATE=utf8mb4_unicode_ci;
/*!40101 SET character_set_client = @saved_cs_client */;

--
-- Dumping data for table `product_features`
--

LOCK TABLES `product_features` WRITE;
/*!40000 ALTER TABLE `product_features` DISABLE KEYS */;
INSERT INTO `product_features` VALUES (1,8,'2025-11-27 07:04:16','2025-11-27 07:04:16'),(2,8,'2025-11-27 07:04:16','2025-11-27 07:04:16'),(3,9,'2025-11-27 07:06:50','2025-11-27 07:06:50'),(4,9,'2025-11-27 07:06:50','2025-11-27 07:06:50'),(5,10,'2025-11-27 07:08:57','2025-11-27 07:08:57'),(6,10,'2025-11-27 07:08:58','2025-11-27 07:08:58'),(7,11,'2025-11-27 07:10:27','2025-11-27 07:10:27'),(8,11,'2025-11-27 07:10:27','2025-11-27 07:10:27'),(9,12,'2025-11-27 07:13:40','2025-11-27 07:13:40'),(10,12,'2025-11-27 07:13:40','2025-11-27 07:13:40'),(11,13,'2025-11-27 07:15:31','2025-11-27 07:15:31'),(12,13,'2025-11-27 07:15:31','2025-11-27 07:15:31'),(13,14,'2025-11-27 07:17:27','2025-11-27 07:17:27'),(14,14,'2025-11-27 07:17:27','2025-11-27 07:17:27'),(15,15,'2025-11-27 07:19:04','2025-11-27 07:19:04'),(16,15,'2025-11-27 07:19:05','2025-11-27 07:19:05'),(17,16,'2025-11-27 07:21:04','2025-11-27 07:21:04'),(18,16,'2025-11-27 07:21:04','2025-11-27 07:21:04'),(19,17,'2025-11-27 07:27:10','2025-11-27 07:27:10'),(20,17,'2025-11-27 07:27:10','2025-11-27 07:27:10'),(21,18,'2025-11-27 07:28:59','2025-11-27 07:28:59'),(22,18,'2025-11-27 07:28:59','2025-11-27 07:28:59'),(23,19,'2025-11-27 07:30:45','2025-11-27 07:30:45'),(24,19,'2025-11-27 07:30:45','2025-11-27 07:30:45'),(25,20,'2025-11-27 07:32:31','2025-11-27 07:32:31'),(26,20,'2025-11-27 07:32:31','2025-11-27 07:32:31'),(27,21,'2025-11-27 08:05:25','2025-11-27 08:05:25'),(28,21,'2025-11-27 08:05:25','2025-11-27 08:05:25'),(29,22,'2025-11-27 08:14:30','2025-11-27 08:14:30'),(30,22,'2025-11-27 08:14:30','2025-11-27 08:14:30'),(31,23,'2025-11-27 08:22:58','2025-11-27 08:22:58'),(32,23,'2025-11-27 08:22:58','2025-11-27 08:22:58'),(33,24,'2025-11-27 08:30:04','2025-11-27 08:30:04'),(34,24,'2025-11-27 08:30:04','2025-11-27 08:30:04'),(35,25,'2025-11-28 02:16:57','2025-11-28 02:16:57'),(36,25,'2025-11-28 02:16:57','2025-11-28 02:16:57'),(37,26,'2025-11-28 02:32:08','2025-11-28 02:32:08'),(38,26,'2025-11-28 02:32:08','2025-11-28 02:32:08'),(40,1,'2025-12-02 02:42:10','2025-12-02 02:42:10'),(41,1,'2025-12-02 02:42:10','2025-12-02 02:42:10');
/*!40000 ALTER TABLE `product_features` ENABLE KEYS */;
UNLOCK TABLES;

--
-- Table structure for table `product_option_values`
--

DROP TABLE IF EXISTS `product_option_values`;
/*!40101 SET @saved_cs_client     = @@character_set_client */;
/*!50503 SET character_set_client = utf8mb4 */;
CREATE TABLE `product_option_values` (
  `id` bigint unsigned NOT NULL AUTO_INCREMENT,
  `product_option_id` bigint unsigned NOT NULL,
  `additional_data` json DEFAULT NULL,
  `order` int NOT NULL DEFAULT '0',
  `created_at` timestamp NULL DEFAULT NULL,
  `updated_at` timestamp NULL DEFAULT NULL,
  PRIMARY KEY (`id`),
  KEY `product_option_values_product_option_id_foreign` (`product_option_id`),
  CONSTRAINT `product_option_values_product_option_id_foreign` FOREIGN KEY (`product_option_id`) REFERENCES `product_options` (`id`) ON DELETE CASCADE ON UPDATE CASCADE
) ENGINE=InnoDB AUTO_INCREMENT=15 DEFAULT CHARSET=utf8mb4 COLLATE=utf8mb4_unicode_ci;
/*!40101 SET character_set_client = @saved_cs_client */;

--
-- Dumping data for table `product_option_values`
--

LOCK TABLES `product_option_values` WRITE;
/*!40000 ALTER TABLE `product_option_values` DISABLE KEYS */;
INSERT INTO `product_option_values` VALUES (1,1,'{\"color\": \"#000000\"}',0,'2025-11-25 18:38:38','2025-11-25 18:38:38'),(2,1,'{\"color\": \"#ffffff\"}',0,'2025-11-25 18:38:38','2025-11-25 18:38:38'),(3,1,'{\"color\": \"#fff4e6\"}',0,'2025-11-25 18:38:38','2025-11-25 18:38:38'),(4,1,'{\"color\": \"#d4d4d4\"}',0,'2025-11-25 18:38:38','2025-11-25 18:38:38'),(5,1,'{\"color\": \"#e75858\"}',0,'2025-11-25 18:38:38','2025-11-25 18:38:38'),(6,1,'{\"color\": \"#ffe27a\"}',0,'2025-11-25 18:38:38','2025-11-25 18:38:38'),(7,1,'{\"color\": \"#5ccf72\"}',0,'2025-11-25 18:38:38','2025-11-25 18:38:38'),(8,1,'{\"color\": \"#4ea1ff\"}',0,'2025-11-25 18:38:38','2025-11-25 18:38:38'),(9,1,'{\"color\": \"#9c3cdd\"}',0,'2025-11-25 18:38:38','2025-11-26 02:10:31'),(10,2,'{}',0,'2025-11-25 18:39:23','2025-11-25 18:39:23'),(11,2,'{}',0,'2025-11-25 18:39:23','2025-11-25 18:39:23'),(12,2,'{}',0,'2025-11-25 18:39:23','2025-11-25 18:39:23'),(13,2,'{}',0,'2025-11-25 18:39:23','2025-11-25 18:39:23'),(14,2,'{}',0,'2025-11-25 18:39:23','2025-11-25 18:39:23');
/*!40000 ALTER TABLE `product_option_values` ENABLE KEYS */;
UNLOCK TABLES;

--
-- Table structure for table `product_options`
--

DROP TABLE IF EXISTS `product_options`;
/*!40101 SET @saved_cs_client     = @@character_set_client */;
/*!50503 SET character_set_client = utf8mb4 */;
CREATE TABLE `product_options` (
  `id` bigint unsigned NOT NULL AUTO_INCREMENT,
  `type` varchar(255) COLLATE utf8mb4_unicode_ci NOT NULL DEFAULT 'text',
  `is_active` tinyint(1) NOT NULL DEFAULT '0',
  `order` int NOT NULL DEFAULT '0',
  `created_at` timestamp NULL DEFAULT NULL,
  `updated_at` timestamp NULL DEFAULT NULL,
  PRIMARY KEY (`id`)
) ENGINE=InnoDB AUTO_INCREMENT=3 DEFAULT CHARSET=utf8mb4 COLLATE=utf8mb4_unicode_ci;
/*!40101 SET character_set_client = @saved_cs_client */;

--
-- Dumping data for table `product_options`
--

LOCK TABLES `product_options` WRITE;
/*!40000 ALTER TABLE `product_options` DISABLE KEYS */;
INSERT INTO `product_options` VALUES (1,'color',1,0,'2025-11-25 18:38:38','2025-11-25 18:38:38'),(2,'text',1,0,'2025-11-25 18:39:23','2025-11-25 18:39:23');
/*!40000 ALTER TABLE `product_options` ENABLE KEYS */;
UNLOCK TABLES;

--
-- Table structure for table `product_seo`
--

DROP TABLE IF EXISTS `product_seo`;
/*!40101 SET @saved_cs_client     = @@character_set_client */;
/*!50503 SET character_set_client = utf8mb4 */;
CREATE TABLE `product_seo` (
  `id` bigint unsigned NOT NULL AUTO_INCREMENT,
  `store_id` bigint unsigned NOT NULL,
  `product_id` bigint unsigned NOT NULL,
  `meta_title` varchar(255) COLLATE utf8mb4_unicode_ci DEFAULT NULL,
  `meta_description` varchar(255) COLLATE utf8mb4_unicode_ci DEFAULT NULL,
  `meta_keywords` varchar(255) COLLATE utf8mb4_unicode_ci DEFAULT NULL,
  `robot` varchar(255) COLLATE utf8mb4_unicode_ci DEFAULT NULL,
  `created_at` timestamp NULL DEFAULT NULL,
  `updated_at` timestamp NULL DEFAULT NULL,
  PRIMARY KEY (`id`),
  KEY `product_seo_store_id_foreign` (`store_id`),
  KEY `product_seo_product_id_foreign` (`product_id`),
  CONSTRAINT `product_seo_product_id_foreign` FOREIGN KEY (`product_id`) REFERENCES `products` (`id`) ON DELETE CASCADE ON UPDATE CASCADE,
  CONSTRAINT `product_seo_store_id_foreign` FOREIGN KEY (`store_id`) REFERENCES `stores` (`id`) ON DELETE CASCADE ON UPDATE CASCADE
) ENGINE=InnoDB AUTO_INCREMENT=30 DEFAULT CHARSET=utf8mb4 COLLATE=utf8mb4_unicode_ci;
/*!40101 SET character_set_client = @saved_cs_client */;

--
-- Dumping data for table `product_seo`
--

LOCK TABLES `product_seo` WRITE;
/*!40000 ALTER TABLE `product_seo` DISABLE KEYS */;
INSERT INTO `product_seo` VALUES (1,1,2,NULL,NULL,NULL,NULL,'2025-11-11 02:00:54','2025-11-11 02:00:54'),(2,3,3,NULL,NULL,NULL,NULL,'2025-11-11 03:35:35','2025-11-11 03:35:35'),(6,1,1,NULL,NULL,NULL,NULL,'2025-11-24 10:22:36','2025-11-24 10:22:36'),(8,1,8,'Convertible Originals Hoodie Jacket | Sarinah ECommerce','Stay ready for changing weather with the adidas Convertible Originals Hoodie Jacket, featuring a packable hood and lightweight design.','convertible hoodie, golf jacket, adidas originals, packable hood, lightweight jacket',NULL,'2025-11-26 08:15:43','2025-11-26 08:37:38'),(9,1,9,'Aeromotion Training Jacket Black | Sarinah ECommerce','Stay dry and stylish with the adidas Aeromotion Jacket, featuring AEROREADY technology and sustainable Primegreen materials.','aeromotion jacket, adidas training jacket, primegreen jacket, moisture absorbing sportswear',NULL,'2025-11-26 08:23:48','2025-11-26 08:37:55'),(10,1,10,'Anthony Edwards Schematic Hoodie | Sarinah ECommerce','Shop the Anthony Edwards Schematic Hoodie, a bold mix of basketball energy and streetwear comfort.','anthony edwards hoodie, schematic hoodie, basketball streetwear, cotton blend hoodie',NULL,'2025-11-26 08:37:28','2025-11-26 08:37:28'),(11,1,11,'Hoodie Peplum adidas By Stella McCartney | Sarinah ECommerce','Discover the adidas by Stella McCartney Peplum Hoodie, a versatile blend of sporty and feminine style.','stella mccartney hoodie, peplum hoodie, adidas women hoodie, sustainable sportswear',NULL,'2025-11-26 08:46:50','2025-11-26 08:46:50'),(12,1,12,'Terrex Graphic Tee Multicolor | Sarinah ECommerce','Explore the outdoors with the adidas Terrex Graphic Tee, crafted from soft cotton for all-day comfort.','terrex graphic tee, adidas outdoor shirt, cotton tee, casual outdoor wear',NULL,'2025-11-26 08:53:42','2025-11-26 08:53:42'),(13,1,13,'Dropset 2 Trainer | Sarinah ECommerce','Train with confidence in the adidas Dropset 2 Trainer, designed for stability and strength workouts.','dropset trainer, adidas training shoes, gym footwear, stability workout shoes',NULL,'2025-11-26 09:03:07','2025-11-26 09:03:07'),(14,1,14,'Emerging Harmony Extra-Long Cover-Up | Sarinah E-Commerce','Discover the adidas Emerging Harmony Extra-Long Cover-Up, crafted with recycled and renewable materials in collaboration with KAF BY KAF. A stylish reinterpretation of traditional abayas with sporty details.','adidas cover-up, KAF BY KAF abaya, recycled polyester fashion, modest sportswear, extra-long cover-up, Sarinah E-Commerce',NULL,'2025-11-27 03:12:33','2025-11-27 03:12:33'),(15,1,15,'Ultimate365 Short Sleeve Polo Shirt | Sarinah E-Commerce','Shop the adidas Ultimate365 Short Sleeve Polo Shirt. A classic striped golf polo made with recycled polyester and elastane for comfort and sustainability.','adidas polo shirt, golf polo, Ultimate365, recycled polyester polo, sportswear, Sarinah E-Commerce',NULL,'2025-11-27 03:17:08','2025-11-27 03:17:08'),(16,1,16,'Just Do It: Nike Basketball T-Shirt | Sarinah E-Commerce','Shop the Nike Basketball T-Shirt featuring the iconic “Just Do It” slogan. Made from midweight cotton for everyday comfort and versatile style.','Nike basketball t-shirt, Just Do It tee, cotton sportswear, casual basketball shirt, Sarinah E-Commerce',NULL,'2025-11-27 03:32:23','2025-11-27 03:32:45'),(17,1,17,'Just Do It: Nike SB Skate Tee | Sarinah E-Commerce','Shop the Nike SB Skate Tee featuring the iconic “Just Do It” slogan. Made from midweight cotton for everyday comfort and versatile style.','Nike SB Skate Tee, Just Do It t-shirt, cotton skatewear, casual skate shirt, Sarinah E-Commerce',NULL,'2025-11-27 03:37:14','2025-11-27 03:37:14'),(18,1,18,'Nike Unisex Club Fleece T-Shirt in Artic Orange | Sarinah E-Commerce','Shop the Nike Unisex Club Fleece T-Shirt in Artic Orange. A casual sporty tee with soft fleece fabric, available at ASOS with extra discounts.','Nike unisex t-shirt, fleece tee, coral t-shirt, casual sportswear, ASOS exclusive, Sarinah E-Commerce',NULL,'2025-11-27 06:23:46','2025-11-27 06:23:46'),(19,1,19,'Nike Premium Essentials Unisex T-Shirt in White | Sarinah E-Commerce','Shop the Nike Premium Essentials Unisex T-Shirt in White. A versatile cotton tee designed for everyday comfort and timeless style.','Nike unisex t-shirt, premium essentials, white cotton tee, casual sportswear, wardrobe staple, Sarinah E-Commerce',NULL,'2025-11-27 06:35:32','2025-11-27 06:35:32'),(20,1,20,'Nike Unisex Essential Mini Swoosh Oversized T-Shirt in Alligator Green | Sarinah E-Commerce','Shop the Nike Unisex Essential Mini Swoosh Oversized T-Shirt in Alligator Green. A casual oversized cotton tee with the iconic mini swoosh logo.','Nike unisex t-shirt, oversized cotton tee, mini swoosh shirt, green casual wear, sportswear, Sarinah E-Commerce',NULL,'2025-11-27 06:40:26','2025-11-27 06:40:26'),(21,1,21,'Nike Just Do It Tennis T-Shirt | Sarinah E-Commerce','Shop the Nike Just Do It Tennis T-Shirt. A casual midweight cotton tee with the iconic slogan.','Nike tennis t-shirt, Just Do It tee, cotton sportswear, casual tennis shirt, unisex tee, Sarinah E-Commerce',NULL,'2025-11-27 08:03:42','2025-11-27 08:03:42'),(22,1,22,'Nike Sportswear Women\'s Oversized Woven Jacket in Light Bone/Anthracite | Sarinah E-Commerce','Shop the Nike Sportswear Women\'s Oversized Woven Jacket in Light Bone/Anthracite. A water-repellent, UV-blocking oversized jacket with heritage Blue Ribbon Sports logo.','Nike women’s jacket, oversized woven jacket, water-repellent outerwear, UV-blocking jacket, casual sportswear, Sarinah E-Commerce',NULL,'2025-11-27 08:10:09','2025-11-27 08:10:09'),(23,1,23,'Nike Swoosh Women\'s Dri-FIT Running Jacket | Sarinah E-Commerce','Shop the Nike Swoosh Women\'s Dri-FIT Running Jacket. Lightweight woven jacket with sweat-wicking Dri-FIT technology and ventilation features.','Nike women’s running jacket, Dri-FIT sportswear, sweat-wicking jacket, breathable running outerwear, Sarinah E-Commerce',NULL,'2025-11-27 08:22:58','2025-11-27 08:22:58'),(24,1,24,'Nike Swift Women\'s Dri-FIT UV 1/4-Zip Running Top | Sarinah E-Commerce','Shop the Nike Swift Women\'s Dri-FIT UV 1/4-Zip Running Top. Lightweight, sweat-wicking, UV-blocking mid layer designed for runners.','Nike women’s running top, Dri-FIT UV shirt, quarter-zip mid layer, sweat-wicking sportswear, Sarinah E-Commerce',NULL,'2025-11-27 08:30:04','2025-11-27 08:30:04'),(25,1,25,'Reebok Camillo Lifestyle Men\'s Polo – Retro Teal | Sarinah E-Commerce','Shop the Reebok Camillo Lifestyle Men\'s Polo in Retro Teal. A breathable cotton blend polo with retro-inspired design.','Reebok polo shirt, lifestyle men’s polo, retro teal polo, cotton blend casual wear, Sarinah E-Commerce',NULL,'2025-11-28 02:16:57','2025-11-28 02:18:31'),(26,1,26,'Reebok Barry Lifestyle Men\'s Tee – Black | Sarinah E-Commerce','Shop the Reebok Barry Lifestyle Men\'s Tee in Black. A stylish cotton blend tee with relaxed fit.','Reebok men’s t-shirt, lifestyle tee, black cotton shirt, casual wear, Sarinah E-Commerce',NULL,'2025-11-28 02:32:08','2025-11-28 02:32:08'),(28,1,28,'Meta Title Test','Meta Description Test3','keywords1, keywords2','noindex,nofollow','2025-11-29 09:50:57','2025-11-29 09:50:57'),(29,1,29,'Meta Title Test','Meta Description Test','testKeywords1, testKeywords2','index,follow','2025-11-29 09:53:33','2025-11-29 09:53:33');
/*!40000 ALTER TABLE `product_seo` ENABLE KEYS */;
UNLOCK TABLES;

--
-- Table structure for table `product_variants`
--

DROP TABLE IF EXISTS `product_variants`;
/*!40101 SET @saved_cs_client     = @@character_set_client */;
/*!50503 SET character_set_client = utf8mb4 */;
CREATE TABLE `product_variants` (
  `id` bigint unsigned NOT NULL AUTO_INCREMENT,
  `store_id` bigint unsigned NOT NULL,
  `product_id` bigint unsigned NOT NULL,
  `slug` varchar(255) COLLATE utf8mb4_unicode_ci DEFAULT NULL,
  `combination` json DEFAULT NULL,
  `sku` varchar(255) COLLATE utf8mb4_unicode_ci DEFAULT NULL,
  `quantity` int unsigned NOT NULL DEFAULT '0',
  `price` int unsigned NOT NULL DEFAULT '0',
  `is_active` tinyint(1) NOT NULL DEFAULT '1',
  `created_at` timestamp NULL DEFAULT NULL,
  `updated_at` timestamp NULL DEFAULT NULL,
  PRIMARY KEY (`id`),
  UNIQUE KEY `sku_unique_index` (`sku`),
  KEY `product_variants_store_id_foreign` (`store_id`),
  KEY `product_variants_product_id_foreign` (`product_id`),
  CONSTRAINT `product_variants_product_id_foreign` FOREIGN KEY (`product_id`) REFERENCES `products` (`id`) ON DELETE CASCADE ON UPDATE CASCADE,
  CONSTRAINT `product_variants_store_id_foreign` FOREIGN KEY (`store_id`) REFERENCES `stores` (`id`) ON DELETE CASCADE ON UPDATE CASCADE
) ENGINE=InnoDB AUTO_INCREMENT=171 DEFAULT CHARSET=utf8mb4 COLLATE=utf8mb4_unicode_ci;
/*!40101 SET character_set_client = @saved_cs_client */;

--
-- Dumping data for table `product_variants`
--

LOCK TABLES `product_variants` WRITE;
/*!40000 ALTER TABLE `product_variants` DISABLE KEYS */;
INSERT INTO `product_variants` VALUES (1,1,1,'batik-hq-black-s','[1, 11]',NULL,10000,100000,1,'2025-11-25 18:46:02','2025-12-02 03:06:17'),(2,1,1,'batik-hq-black-m','[1, 12]',NULL,100,100000,1,'2025-11-25 18:46:02','2025-11-25 18:46:02'),(3,1,1,'batik-hq-black-l','[1, 13]',NULL,0,100000,1,'2025-11-25 18:46:03','2025-11-25 18:46:03'),(19,1,2,'batik-black-xl','[1, 14]','BTK-1234',100,750000,1,'2025-11-26 07:52:56','2025-11-26 07:52:56'),(20,1,8,'jaket-hoodie-convertible-originals-black-s','[1, 11]','SKU-JH3872-CNV-541029',0,2280000,1,'2025-11-26 08:15:43','2025-11-26 08:15:43'),(21,1,8,'jaket-hoodie-convertible-originals-black-m','[1, 12]','SKU-JH3872-CNV-541030',100,2280000,1,'2025-11-26 08:15:43','2025-11-26 08:15:43'),(22,1,8,'jaket-hoodie-convertible-originals-black-l','[1, 13]','SKU-JH3872-CNV-541031',100,2280000,1,'2025-11-26 08:15:43','2025-11-26 08:15:43'),(23,1,8,'jaket-hoodie-convertible-originals-black-xl','[1, 14]','SKU-JH3872-CNV-541032',86,2280000,1,'2025-11-26 08:15:43','2025-11-27 11:01:14'),(24,1,8,'jaket-hoodie-convertible-originals-white-s','[2, 11]','SKU-JH3872-CNV-541033',100,2280000,1,'2025-11-26 08:15:43','2025-11-26 08:15:43'),(25,1,8,'jaket-hoodie-convertible-originals-white-m','[2, 12]','SKU-JH3872-CNV-541034',100,2280000,1,'2025-11-26 08:15:43','2025-11-26 08:15:43'),(26,1,8,'jaket-hoodie-convertible-originals-white-l','[2, 13]','SKU-JH3872-CNV-541035',100,2280000,1,'2025-11-26 08:15:43','2025-11-26 08:15:43'),(27,1,8,'jaket-hoodie-convertible-originals-white-xl','[2, 14]','SKU-JH3872-CNV-541036',100,2280000,1,'2025-11-26 08:15:43','2025-11-26 08:15:43'),(28,1,8,'jaket-hoodie-convertible-originals-green-s','[7, 11]','SKU-JH3872-CNV-541037',100,2280000,1,'2025-11-26 08:15:43','2025-11-26 08:15:43'),(29,1,8,'jaket-hoodie-convertible-originals-green-m','[7, 12]','SKU-JH3872-CNV-541038',100,2280000,1,'2025-11-26 08:15:43','2025-11-26 08:15:43'),(30,1,8,'jaket-hoodie-convertible-originals-green-l','[7, 13]','SKU-JH3872-CNV-541039',100,2280000,1,'2025-11-26 08:15:43','2025-11-26 08:15:43'),(31,1,8,'jaket-hoodie-convertible-originals-green-xl','[7, 14]','SKU-JH3872-CNV-541040',100,2280000,1,'2025-11-26 08:15:43','2025-11-26 08:15:43'),(32,1,8,'jaket-hoodie-convertible-originals-purple-s','[9, 11]','SKU-JH3872-CNV-541041',100,2280000,1,'2025-11-26 08:15:43','2025-11-26 08:15:43'),(33,1,8,'jaket-hoodie-convertible-originals-purple-m','[9, 12]','SKU-JH3872-CNV-541042',100,2280000,1,'2025-11-26 08:15:43','2025-11-26 08:15:43'),(34,1,8,'jaket-hoodie-convertible-originals-purple-l','[9, 13]','SKU-JH3872-CNV-541043',100,2280000,1,'2025-11-26 08:15:43','2025-11-26 08:15:43'),(35,1,8,'jaket-hoodie-convertible-originals-purple-xl','[9, 14]','SKU-JH3872-CNV-541044',100,2280000,1,'2025-11-26 08:15:43','2025-11-26 08:15:43'),(36,1,9,'aeromotion-jacket-black-black-s','[1, 11]','SKU-AJM-H29171-660000',100,1100000,1,'2025-11-26 08:23:48','2025-11-26 08:23:48'),(37,1,9,'aeromotion-jacket-black-black-m','[1, 12]','SKU-AJM-H29171-660001',100,1100000,1,'2025-11-26 08:23:48','2025-11-26 08:23:48'),(38,1,9,'aeromotion-jacket-black-black-l','[1, 13]','SKU-AJM-H29171-660002',100,1100000,1,'2025-11-26 08:23:48','2025-11-26 08:23:48'),(39,1,9,'aeromotion-jacket-black-black-xl','[1, 14]','SKU-AJM-H29171-660003',100,1100000,1,'2025-11-26 08:23:48','2025-11-26 08:23:48'),(40,1,9,'aeromotion-jacket-black-gray-s','[4, 11]','SKU-AJM-H29171-660004',100,1100000,1,'2025-11-26 08:23:48','2025-11-26 08:23:48'),(41,1,9,'aeromotion-jacket-black-gray-m','[4, 12]','SKU-AJM-H29171-660005',100,1100000,1,'2025-11-26 08:23:48','2025-11-26 08:23:48'),(42,1,9,'aeromotion-jacket-black-gray-l','[4, 13]','SKU-AJM-H29171-660006',100,1100000,1,'2025-11-26 08:23:48','2025-11-26 08:23:48'),(43,1,9,'aeromotion-jacket-black-gray-xl','[4, 14]','SKU-AJM-H29171-660007',100,1100000,1,'2025-11-26 08:23:48','2025-11-26 08:23:48'),(45,1,10,'anthony-edwards-schematic-hoodie-black-m','[1, 12]','SKU-AESH-472911',100,1000000,1,'2025-11-26 08:37:28','2025-11-26 08:37:28'),(46,1,10,'anthony-edwards-schematic-hoodie-black-l','[1, 13]','SKU-AESH-472912',100,1000000,1,'2025-11-26 08:37:28','2025-11-26 08:37:28'),(47,1,10,'anthony-edwards-schematic-hoodie-black-xl','[1, 14]','SKU-AESH-472913',100,1000000,1,'2025-11-26 08:37:28','2025-11-26 08:37:28'),(48,1,10,'anthony-edwards-schematic-hoodie-gray-m','[4, 12]','SKU-AESH-472914',100,1000000,1,'2025-11-26 08:37:28','2025-11-26 08:37:28'),(49,1,10,'anthony-edwards-schematic-hoodie-gray-l','[4, 13]','SKU-AESH-472915',100,1000000,1,'2025-11-26 08:37:28','2025-11-26 08:37:28'),(50,1,10,'anthony-edwards-schematic-hoodie-gray-xl','[4, 14]','SKU-AESH-472916',100,1000000,1,'2025-11-26 08:37:28','2025-11-26 08:37:28'),(51,1,11,'hoodie-peplum-adidas-by-stella-mccartney-s','[11]','SKU-HPSM-JV7038-2200001',95,2200000,1,'2025-11-26 08:46:50','2025-12-03 09:53:14'),(52,1,11,'hoodie-peplum-adidas-by-stella-mccartney-m','[12]','SKU-HPSM-JV7038-2200002',100,2200000,1,'2025-11-26 08:46:50','2025-11-26 08:46:50'),(53,1,11,'hoodie-peplum-adidas-by-stella-mccartney-l','[13]','SKU-HPSM-JV7038-2200003',100,2200000,1,'2025-11-26 08:46:50','2025-11-26 08:46:50'),(54,1,11,'hoodie-peplum-adidas-by-stella-mccartney-xl','[14]','SKU-HPSM-JV7038-2200004',100,2200000,1,'2025-11-26 08:46:50','2025-11-26 08:46:50'),(55,1,12,'tee-grafis-terrex-xs','[10]','SKU-TGT-JX3852-480001',100,480000,1,'2025-11-26 08:53:42','2025-11-26 08:53:42'),(56,1,12,'tee-grafis-terrex-s','[11]','SKU-TGT-JX3852-480002',100,480000,1,'2025-11-26 08:53:42','2025-11-26 08:53:42'),(57,1,12,'tee-grafis-terrex-m','[12]','SKU-TGT-JX3852-480003',100,480000,1,'2025-11-26 08:53:42','2025-11-26 08:53:42'),(58,1,12,'tee-grafis-terrex-l','[13]','SKU-TGT-JX3852-480004',100,480000,1,'2025-11-26 08:53:42','2025-11-26 08:53:42'),(59,1,12,'tee-grafis-terrex-xl','[14]','SKU-TGT-JX3852-480005',100,480000,1,'2025-11-26 08:53:42','2025-11-26 08:53:42'),(66,1,14,'emerging-harmony-extra-long-cover-up-black-s','[1, 11]','KA3345',100,1900000,1,'2025-11-27 03:12:33','2025-11-27 03:12:33'),(67,1,14,'emerging-harmony-extra-long-cover-up-black-m','[1, 12]','KA3346',100,1900000,1,'2025-11-27 03:12:33','2025-11-27 03:12:33'),(68,1,14,'emerging-harmony-extra-long-cover-up-black-l','[1, 13]','KA3347',100,1900000,1,'2025-11-27 03:12:33','2025-11-27 03:12:33'),(69,1,14,'emerging-harmony-extra-long-cover-up-black-xl','[1, 14]','KA3348',95,1900000,1,'2025-11-27 03:12:33','2025-12-03 09:59:13'),(70,1,15,'ultimate365-short-sleeve-polo-shirt-s','[11]','JN8355',95,900000,1,'2025-11-27 03:17:08','2025-12-03 09:59:13'),(71,1,15,'ultimate365-short-sleeve-polo-shirt-m','[12]','JN8356',100,900000,1,'2025-11-27 03:17:08','2025-11-27 03:17:08'),(72,1,15,'ultimate365-short-sleeve-polo-shirt-l','[13]','JN8357',100,900000,1,'2025-11-27 03:17:08','2025-11-27 03:17:08'),(73,1,15,'ultimate365-short-sleeve-polo-shirt-xl','[14]','JN8358',100,900000,1,'2025-11-27 03:17:08','2025-11-27 03:17:08'),(74,1,16,'just-do-it-nike-basketball-t-shirt-xs','[10]','IV2844-010',100,399000,1,'2025-11-27 03:32:23','2025-11-27 03:32:23'),(75,1,16,'just-do-it-nike-basketball-t-shirt-s','[11]','IV2844-011',100,399000,1,'2025-11-27 03:32:23','2025-11-27 03:32:23'),(76,1,16,'just-do-it-nike-basketball-t-shirt-m','[12]','IV2844-012',100,399000,1,'2025-11-27 03:32:23','2025-11-27 03:32:23'),(77,1,16,'just-do-it-nike-basketball-t-shirt-l','[13]','IV2844-013',100,399000,1,'2025-11-27 03:32:23','2025-11-27 03:32:23'),(78,1,16,'just-do-it-nike-basketball-t-shirt-xl','[14]','IV2844-014',100,399000,1,'2025-11-27 03:32:23','2025-11-27 03:32:23'),(79,1,17,'just-do-it-nike-sb-skate-tee-xs','[10]','IV2846-011',100,399000,1,'2025-11-27 03:37:14','2025-11-27 03:37:14'),(80,1,17,'just-do-it-nike-sb-skate-tee-s','[11]','IV2846-012',100,399000,1,'2025-11-27 03:37:14','2025-11-27 03:37:14'),(81,1,17,'just-do-it-nike-sb-skate-tee-m','[12]','IV2846-013',100,399000,1,'2025-11-27 03:37:14','2025-11-27 03:37:14'),(82,1,17,'just-do-it-nike-sb-skate-tee-l','[13]','IV2846-014',100,399000,1,'2025-11-27 03:37:14','2025-11-27 03:37:14'),(83,1,17,'just-do-it-nike-sb-skate-tee-xl','[14]','IV2846-015',100,399000,1,'2025-11-27 03:37:14','2025-11-27 03:37:14'),(84,1,18,'nike-unisex-club-fleece-t-shirt-in-artic-orange-s','[11]','115383387',100,454000,1,'2025-11-27 06:23:46','2025-11-27 06:23:46'),(85,1,18,'nike-unisex-club-fleece-t-shirt-in-artic-orange-m','[12]','115383388',100,454000,1,'2025-11-27 06:23:46','2025-11-27 06:23:46'),(86,1,18,'nike-unisex-club-fleece-t-shirt-in-artic-orange-l','[13]','115383389',100,454000,1,'2025-11-27 06:23:46','2025-11-27 06:23:46'),(87,1,18,'nike-unisex-club-fleece-t-shirt-in-artic-orange-xl','[14]','115383390',100,454000,1,'2025-11-27 06:23:46','2025-11-27 06:23:46'),(88,1,19,'nike-premium-essentials-unisex-t-shirt-in-white-white-xs','[2, 10]','132585781',100,720000,1,'2025-11-27 06:35:32','2025-11-27 06:35:32'),(89,1,19,'nike-premium-essentials-unisex-t-shirt-in-white-white-s','[2, 11]','132585782',100,720000,1,'2025-11-27 06:35:32','2025-11-27 06:35:32'),(90,1,19,'nike-premium-essentials-unisex-t-shirt-in-white-white-m','[2, 12]','132585783',100,720000,1,'2025-11-27 06:35:32','2025-11-27 06:35:32'),(91,1,19,'nike-premium-essentials-unisex-t-shirt-in-white-white-l','[2, 13]','132585784',100,720000,1,'2025-11-27 06:35:32','2025-11-27 06:35:32'),(92,1,19,'nike-premium-essentials-unisex-t-shirt-in-white-white-xl','[2, 14]','132585785',100,720000,1,'2025-11-27 06:35:32','2025-11-27 06:35:32'),(93,1,20,'nike-unisex-essential-mini-swoosh-oversized-t-shirt-in-alligator-green-green-xs','[7, 10]','118889040',0,707000,1,'2025-11-27 06:40:26','2025-11-27 06:57:14'),(94,1,20,'nike-unisex-essential-mini-swoosh-oversized-t-shirt-in-alligator-green-green-s','[7, 11]','118889041',0,707000,1,'2025-11-27 06:40:26','2025-11-27 06:57:14'),(95,1,20,'nike-unisex-essential-mini-swoosh-oversized-t-shirt-in-alligator-green-green-m','[7, 12]','118889042',0,707000,1,'2025-11-27 06:40:26','2025-11-27 06:57:14'),(96,1,20,'nike-unisex-essential-mini-swoosh-oversized-t-shirt-in-alligator-green-green-l','[7, 13]','118889043',0,707000,1,'2025-11-27 06:40:26','2025-11-27 06:57:14'),(97,1,20,'nike-unisex-essential-mini-swoosh-oversized-t-shirt-in-alligator-green-green-xl','[7, 14]','118889044',0,707000,1,'2025-11-27 06:40:26','2025-11-27 08:24:44'),(98,1,21,'nike-just-do-it-tennis-t-shirt-black-xs','[1, 10]','IV2847-010',100,399000,1,'2025-11-27 08:03:42','2025-11-27 08:03:42'),(99,1,21,'nike-just-do-it-tennis-t-shirt-black-s','[1, 11]','IV2847-011',100,399000,1,'2025-11-27 08:03:42','2025-11-27 08:03:42'),(100,1,21,'nike-just-do-it-tennis-t-shirt-black-m','[1, 12]','IV2847-012',100,399000,1,'2025-11-27 08:03:42','2025-11-27 08:03:42'),(101,1,21,'nike-just-do-it-tennis-t-shirt-black-l','[1, 13]','IV2847-013',100,399000,1,'2025-11-27 08:03:42','2025-11-27 08:03:42'),(102,1,21,'nike-just-do-it-tennis-t-shirt-black-xl','[1, 14]','IV2847-014',100,399000,1,'2025-11-27 08:03:42','2025-11-27 08:03:42'),(103,1,22,'nike-sportswear-womens-oversized-woven-jacket-in-light-boneanthracite-white-xs','[2, 10]','IM7159-072',100,1109000,1,'2025-11-27 08:10:09','2025-11-27 08:10:09'),(104,1,22,'nike-sportswear-womens-oversized-woven-jacket-in-light-boneanthracite-white-s','[2, 11]','IM7159-073',100,1109000,1,'2025-11-27 08:10:09','2025-11-27 08:10:09'),(105,1,22,'nike-sportswear-womens-oversized-woven-jacket-in-light-boneanthracite-white-m','[2, 12]','IM7159-074',100,1109000,1,'2025-11-27 08:10:09','2025-11-27 08:10:09'),(106,1,22,'nike-sportswear-womens-oversized-woven-jacket-in-light-boneanthracite-white-l','[2, 13]','IM7159-075',100,1109000,1,'2025-11-27 08:10:09','2025-11-27 08:10:09'),(107,1,22,'nike-sportswear-womens-oversized-woven-jacket-in-light-boneanthracite-white-xl','[2, 14]','IM7159-076',100,1109000,1,'2025-11-27 08:10:09','2025-11-27 08:10:09'),(108,1,23,'nike-swoosh-womens-dri-fit-running-jacket-black-xs','[1, 10]','HJ2229-010',100,999000,1,'2025-11-27 08:22:58','2025-11-27 08:22:58'),(109,1,23,'nike-swoosh-womens-dri-fit-running-jacket-black-s','[1, 11]','HJ2229-011',100,999000,1,'2025-11-27 08:22:58','2025-11-27 08:22:58'),(110,1,23,'nike-swoosh-womens-dri-fit-running-jacket-black-m','[1, 12]','HJ2229-012',100,999000,1,'2025-11-27 08:22:58','2025-11-27 08:22:58'),(111,1,23,'nike-swoosh-womens-dri-fit-running-jacket-black-l','[1, 13]','HJ2229-013',100,999000,1,'2025-11-27 08:22:58','2025-11-27 08:22:58'),(112,1,23,'nike-swoosh-womens-dri-fit-running-jacket-black-xl','[1, 14]','HJ2229-014',100,999000,1,'2025-11-27 08:22:58','2025-11-27 08:22:58'),(113,1,23,'nike-swoosh-womens-dri-fit-running-jacket-white-xs','[2, 10]','HJ2229-015',100,999000,1,'2025-11-27 08:22:58','2025-11-27 08:22:58'),(114,1,23,'nike-swoosh-womens-dri-fit-running-jacket-white-s','[2, 11]','HJ2229-016',100,999000,1,'2025-11-27 08:22:58','2025-11-27 08:22:58'),(115,1,23,'nike-swoosh-womens-dri-fit-running-jacket-white-m','[2, 12]','HJ2229-017',100,999000,1,'2025-11-27 08:22:58','2025-11-27 08:22:58'),(116,1,23,'nike-swoosh-womens-dri-fit-running-jacket-white-l','[2, 13]','HJ2229-018',100,999000,1,'2025-11-27 08:22:58','2025-11-27 08:22:58'),(117,1,23,'nike-swoosh-womens-dri-fit-running-jacket-white-xl','[2, 14]','HJ2229-019',100,999000,1,'2025-11-27 08:22:58','2025-11-27 08:22:58'),(118,1,24,'nike-swift-womens-dri-fit-uv-14-zip-running-top',NULL,NULL,95,799000,1,'2025-11-27 08:30:04','2025-11-28 07:07:15'),(119,1,13,'originals-winterised-longsleeve-soccer-jersey-black-xs','[1, 10]','111',100,300000,1,'2025-11-27 08:47:16','2025-11-27 09:05:01'),(120,1,13,'originals-winterised-longsleeve-soccer-jersey-black-s','[1, 11]','222',100,350000,1,'2025-11-27 08:47:16','2025-11-27 09:05:01'),(121,1,13,'originals-winterised-longsleeve-soccer-jersey-black-m','[1, 12]','333',100,400000,1,'2025-11-27 08:47:16','2025-11-27 09:05:01'),(122,1,13,'originals-winterised-longsleeve-soccer-jersey-black-l','[1, 13]','444',100,450000,1,'2025-11-27 08:47:16','2025-11-27 09:05:01'),(123,1,13,'originals-winterised-longsleeve-soccer-jersey-black-xl','[1, 14]','555',100,500000,1,'2025-11-27 08:47:16','2025-11-27 09:05:01'),(140,1,13,'originals-winterised-longsleeve-soccer-jersey-green-xs','[7, 10]','666',100,300000,1,'2025-11-27 09:05:01','2025-11-27 09:05:01'),(141,1,13,'originals-winterised-longsleeve-soccer-jersey-green-s','[7, 11]','777',100,350000,1,'2025-11-27 09:05:01','2025-11-27 09:05:01'),(142,1,13,'originals-winterised-longsleeve-soccer-jersey-green-m','[7, 12]','888',100,400000,1,'2025-11-27 09:05:01','2025-11-27 09:05:01'),(143,1,13,'originals-winterised-longsleeve-soccer-jersey-green-l','[7, 13]','999',100,450000,1,'2025-11-27 09:05:01','2025-11-27 09:05:01'),(144,1,13,'originals-winterised-longsleeve-soccer-jersey-green-xl','[7, 14]','101010',100,500000,1,'2025-11-27 09:05:01','2025-11-27 09:05:01'),(145,1,13,'originals-winterised-longsleeve-soccer-jersey-red-xs','[5, 10]','111111',100,300000,1,'2025-11-27 09:05:01','2025-11-27 09:05:01'),(146,1,13,'originals-winterised-longsleeve-soccer-jersey-red-s','[5, 11]','121212',100,350000,1,'2025-11-27 09:05:01','2025-11-27 09:05:01'),(147,1,13,'originals-winterised-longsleeve-soccer-jersey-red-m','[5, 12]','131313',100,400000,1,'2025-11-27 09:05:01','2025-11-27 09:05:01'),(148,1,13,'originals-winterised-longsleeve-soccer-jersey-red-l','[5, 13]','141414',100,450000,1,'2025-11-27 09:05:01','2025-11-27 09:05:01'),(149,1,13,'originals-winterised-longsleeve-soccer-jersey-red-xl','[5, 14]','151515',100,500000,1,'2025-11-27 09:05:01','2025-11-27 09:05:01'),(150,1,13,'originals-winterised-longsleeve-soccer-jersey-purple-xs','[9, 10]','161616',100,300000,1,'2025-11-27 09:05:01','2025-11-27 09:05:01'),(151,1,13,'originals-winterised-longsleeve-soccer-jersey-purple-s','[9, 11]','171717',100,350000,1,'2025-11-27 09:05:01','2025-11-27 09:05:01'),(152,1,13,'originals-winterised-longsleeve-soccer-jersey-purple-m','[9, 12]','181818',100,400000,1,'2025-11-27 09:05:01','2025-11-27 09:05:01'),(153,1,13,'originals-winterised-longsleeve-soccer-jersey-purple-l','[9, 13]','191919',100,450000,1,'2025-11-27 09:05:01','2025-11-27 09:05:01'),(154,1,13,'originals-winterised-longsleeve-soccer-jersey-purple-xl','[9, 14]','202020',100,500000,1,'2025-11-27 09:05:01','2025-11-27 09:05:01'),(155,1,25,'reebok-camillo-lifestyle-mens-polo-retro-teal-s','[11]','0889-REEMLO25106X00TXXL',100,499000,1,'2025-11-28 02:16:57','2025-11-28 02:16:57'),(156,1,25,'reebok-camillo-lifestyle-mens-polo-retro-teal-m','[12]','0890-REEMLO25106X00TXXL',2,499000,1,'2025-11-28 02:16:57','2025-11-28 02:16:57'),(157,1,25,'reebok-camillo-lifestyle-mens-polo-retro-teal-l','[13]','0891-REEMLO25106X00TXXL',3,499000,1,'2025-11-28 02:16:57','2025-11-28 02:16:57'),(158,1,25,'reebok-camillo-lifestyle-mens-polo-retro-teal-xl','[14]','0892-REEMLO25106X00TXXL',4,499000,1,'2025-11-28 02:16:57','2025-11-28 02:16:57'),(159,1,26,'reebok-barry-lifestyle-mens-tee-black-xs','[10]',NULL,100,259000,1,'2025-11-28 02:32:08','2025-11-28 02:32:08'),(160,1,26,'reebok-barry-lifestyle-mens-tee-black-s','[11]',NULL,100,259000,1,'2025-11-28 02:32:08','2025-11-28 02:32:08'),(161,1,26,'reebok-barry-lifestyle-mens-tee-black-m','[12]',NULL,27,259000,1,'2025-11-28 02:32:08','2025-11-28 02:32:08'),(162,1,26,'reebok-barry-lifestyle-mens-tee-black-l','[13]',NULL,13,259000,1,'2025-11-28 02:32:08','2025-11-28 02:32:08'),(163,1,26,'reebok-barry-lifestyle-mens-tee-black-xl','[14]',NULL,4,259000,1,'2025-11-28 02:32:08','2025-11-28 08:20:53'),(164,1,29,'zone-product-with-variant-black-s','[1, 11]','SKU-1',50,75000,1,'2025-11-29 09:53:33','2025-11-29 09:53:33'),(165,1,29,'zone-product-with-variant-black-m','[1, 12]','SKU-2',50,100000,1,'2025-11-29 09:53:33','2025-11-29 09:53:33'),(166,1,29,'zone-product-with-variant-white-s','[2, 11]','SKU-3',50,80000,1,'2025-11-29 09:53:33','2025-11-29 09:53:33'),(167,1,29,'zone-product-with-variant-white-m','[2, 12]','SKU-4',50,50000,1,'2025-11-29 09:53:33','2025-11-29 09:53:33'),(168,1,1,'batik-hq-purple-s','[9, 11]',NULL,0,100000,1,'2025-12-02 03:19:34','2025-12-02 03:19:34'),(169,1,1,'batik-hq-purple-m','[9, 12]',NULL,100,100000,1,'2025-12-02 03:19:34','2025-12-02 03:19:34'),(170,1,1,'batik-hq-purple-l','[9, 13]',NULL,10000,100000,1,'2025-12-02 03:19:34','2025-12-02 03:19:34');
/*!40000 ALTER TABLE `product_variants` ENABLE KEYS */;
UNLOCK TABLES;

--
-- Table structure for table `products`
--

DROP TABLE IF EXISTS `products`;
/*!40101 SET @saved_cs_client     = @@character_set_client */;
/*!50503 SET character_set_client = utf8mb4 */;
CREATE TABLE `products` (
  `id` bigint unsigned NOT NULL AUTO_INCREMENT,
  `store_id` bigint unsigned DEFAULT NULL,
  `name` varchar(255) COLLATE utf8mb4_unicode_ci NOT NULL,
  `slug` varchar(255) COLLATE utf8mb4_unicode_ci DEFAULT NULL,
  `is_active` tinyint(1) NOT NULL DEFAULT '0',
  `category_id` bigint unsigned DEFAULT NULL,
  `sub_category_id` bigint unsigned DEFAULT NULL,
  `brand_id` bigint unsigned DEFAULT NULL,
  `options` json DEFAULT NULL,
  `main_image_index` int unsigned NOT NULL DEFAULT '0',
  `tags` text COLLATE utf8mb4_unicode_ci NOT NULL,
  `created_at` timestamp NULL DEFAULT NULL,
  `updated_at` timestamp NULL DEFAULT NULL,
  `deleted_at` timestamp NULL DEFAULT NULL,
  PRIMARY KEY (`id`),
  KEY `products_category_id_foreign` (`category_id`),
  KEY `products_sub_category_id_foreign` (`sub_category_id`),
  KEY `products_store_id_foreign` (`store_id`),
  KEY `products_brand_id_foreign` (`brand_id`),
  CONSTRAINT `products_brand_id_foreign` FOREIGN KEY (`brand_id`) REFERENCES `brands` (`id`) ON DELETE CASCADE ON UPDATE CASCADE,
  CONSTRAINT `products_category_id_foreign` FOREIGN KEY (`category_id`) REFERENCES `categories` (`id`) ON DELETE CASCADE ON UPDATE CASCADE,
  CONSTRAINT `products_store_id_foreign` FOREIGN KEY (`store_id`) REFERENCES `stores` (`id`) ON DELETE CASCADE ON UPDATE CASCADE
) ENGINE=InnoDB AUTO_INCREMENT=30 DEFAULT CHARSET=utf8mb4 COLLATE=utf8mb4_unicode_ci;
/*!40101 SET character_set_client = @saved_cs_client */;

--
-- Dumping data for table `products`
--

LOCK TABLES `products` WRITE;
/*!40000 ALTER TABLE `products` DISABLE KEYS */;
INSERT INTO `products` VALUES (1,1,'Batik HQ','batik-hq',1,1,5,3,'[{\"option\": \"1\", \"values\": [{\"id\": \"\", \"order\": 1, \"name_en\": \"Black\", \"value_id\": \"1\"}, {\"id\": \"\", \"order\": 2, \"name_en\": \"Purple\", \"value_id\": \"9\"}], \"option_text\": \"Color\"}, {\"option\": \"2\", \"values\": [{\"id\": \"\", \"order\": 1, \"name_en\": \"S\", \"value_id\": \"11\"}, {\"id\": \"\", \"order\": 2, \"name_en\": \"M\", \"value_id\": \"12\"}, {\"id\": \"\", \"order\": 3, \"name_en\": \"L\", \"value_id\": \"13\"}], \"option_text\": \"Size\"}]',0,'traditional, batik, men’s wear, fashion, heritage, Indonesian culture','2025-11-05 07:02:51','2025-12-02 03:19:34',NULL),(2,1,'Batik','batik',1,1,5,3,'[{\"option\": \"1\", \"values\": [{\"id\": \"\", \"order\": 1, \"name_en\": \"Black\", \"value_id\": \"1\"}], \"option_text\": \"Color\"}, {\"option\": \"2\", \"values\": [{\"id\": \"\", \"order\": 1, \"name_en\": \"XL\", \"value_id\": \"14\"}], \"option_text\": \"Size\"}]',0,'sport','2025-11-11 02:00:54','2025-11-28 02:09:21',NULL),(3,3,'Batik Contoh',NULL,1,3,3,NULL,NULL,1,'traditional,batik','2025-11-11 03:35:35','2025-11-11 03:48:57',NULL),(8,1,'Jaket Hoodie Convertible Originals','jaket-hoodie-convertible-originals',1,1,5,2,'[{\"option\": \"1\", \"values\": [{\"id\": \"\", \"order\": 1, \"name_en\": \"Black\", \"value_id\": \"1\"}, {\"id\": \"\", \"order\": 2, \"name_en\": \"White\", \"value_id\": \"2\"}, {\"id\": \"\", \"order\": 3, \"name_en\": \"Green\", \"value_id\": \"7\"}, {\"id\": \"\", \"order\": 4, \"name_en\": \"Purple\", \"value_id\": \"9\"}], \"option_text\": \"Color\"}, {\"option\": \"2\", \"values\": [{\"id\": \"\", \"order\": 1, \"name_en\": \"S\", \"value_id\": \"11\"}, {\"id\": \"\", \"order\": 2, \"name_en\": \"M\", \"value_id\": \"12\"}, {\"id\": \"\", \"order\": 3, \"name_en\": \"L\", \"value_id\": \"13\"}, {\"id\": \"\", \"order\": 4, \"name_en\": \"XL\", \"value_id\": \"14\"}], \"option_text\": \"Size\"}]',0,'convertible hoodie, golf jacket, adidas originals, lightweight outerwear, packable hood','2025-11-26 08:15:43','2025-11-26 08:16:10',NULL),(9,1,'Aeromotion Jacket Black','aeromotion-jacket-black',1,1,5,2,'[{\"option\": \"1\", \"values\": [{\"id\": \"\", \"order\": 1, \"name_en\": \"Black\", \"value_id\": \"1\"}, {\"id\": \"\", \"order\": 2, \"name_en\": \"Gray\", \"value_id\": \"4\"}], \"option_text\": \"Color\"}, {\"option\": \"2\", \"values\": [{\"id\": \"\", \"order\": 1, \"name_en\": \"S\", \"value_id\": \"11\"}, {\"id\": \"\", \"order\": 2, \"name_en\": \"M\", \"value_id\": \"12\"}, {\"id\": \"\", \"order\": 3, \"name_en\": \"L\", \"value_id\": \"13\"}, {\"id\": \"\", \"order\": 4, \"name_en\": \"XL\", \"value_id\": \"14\"}], \"option_text\": \"Size\"}]',1,'aeromotion jacket, training jacket, adidas, primegreen, moisture absorbing, sportswear','2025-11-26 08:23:48','2025-11-26 08:23:48',NULL),(10,1,'Anthony Edwards Schematic Hoodie','anthony-edwards-schematic-hoodie',1,1,5,2,'[{\"option\": \"1\", \"values\": [{\"id\": \"\", \"order\": 1, \"name_en\": \"Black\", \"value_id\": \"1\"}, {\"id\": \"\", \"order\": 2, \"name_en\": \"Gray\", \"value_id\": \"4\"}], \"option_text\": \"Color\"}, {\"option\": \"2\", \"values\": [{\"id\": \"\", \"order\": 1, \"name_en\": \"M\", \"value_id\": \"12\"}, {\"id\": \"\", \"order\": 2, \"name_en\": \"L\", \"value_id\": \"13\"}, {\"id\": \"\", \"order\": 3, \"name_en\": \"XL\", \"value_id\": \"14\"}], \"option_text\": \"Size\"}]',1,'anthony edwards, schematic hoodie, basketball hoodie, streetwear, cotton blend','2025-11-26 08:37:28','2025-12-02 03:34:38',NULL),(11,1,'Hoodie Peplum adidas By Stella McCartney','hoodie-peplum-adidas-by-stella-mccartney',1,1,11,2,'[{\"option\": \"2\", \"values\": [{\"id\": \"\", \"order\": 1, \"name_en\": \"S\", \"value_id\": \"11\"}, {\"id\": \"\", \"order\": 2, \"name_en\": \"M\", \"value_id\": \"12\"}, {\"id\": \"\", \"order\": 3, \"name_en\": \"L\", \"value_id\": \"13\"}, {\"id\": \"\", \"order\": 4, \"name_en\": \"XL\", \"value_id\": \"14\"}], \"option_text\": \"Size\"}]',0,'stella mccartney hoodie, peplum hoodie, adidas women, sustainable hoodie, casual sportswear','2025-11-26 08:46:50','2025-11-27 07:10:27',NULL),(12,1,'Tee Grafis Terrex','tee-grafis-terrex',1,1,11,2,'[{\"option\": \"2\", \"values\": [{\"id\": \"\", \"order\": 1, \"name_en\": \"XS\", \"value_id\": \"10\"}, {\"id\": \"\", \"order\": 2, \"name_en\": \"S\", \"value_id\": \"11\"}, {\"id\": \"\", \"order\": 3, \"name_en\": \"M\", \"value_id\": \"12\"}, {\"id\": \"\", \"order\": 4, \"name_en\": \"L\", \"value_id\": \"13\"}, {\"id\": \"\", \"order\": 5, \"name_en\": \"XL\", \"value_id\": \"14\"}], \"option_text\": \"Size\"}]',1,'terrex tee, outdoor t-shirt, adidas graphic tee, cotton shirt, casual wear','2025-11-26 08:53:42','2025-11-26 08:53:42',NULL),(13,1,'Originals Winterised Longsleeve Soccer Jersey','originals-winterised-longsleeve-soccer-jersey',1,1,11,2,'[{\"option\": \"1\", \"values\": [{\"id\": \"\", \"order\": 1, \"name_en\": \"Black\", \"value_id\": \"1\"}, {\"id\": \"\", \"order\": 2, \"name_en\": \"Green\", \"value_id\": \"7\"}, {\"id\": \"\", \"order\": 3, \"name_en\": \"Red\", \"value_id\": \"5\"}, {\"id\": \"\", \"order\": 4, \"name_en\": \"Purple\", \"value_id\": \"9\"}], \"option_text\": \"Color\"}, {\"option\": \"2\", \"values\": [{\"id\": \"\", \"order\": 1, \"name_en\": \"XS\", \"value_id\": \"10\"}, {\"id\": \"\", \"order\": 2, \"name_en\": \"S\", \"value_id\": \"11\"}, {\"id\": \"\", \"order\": 3, \"name_en\": \"M\", \"value_id\": \"12\"}, {\"id\": \"\", \"order\": 4, \"name_en\": \"L\", \"value_id\": \"13\"}, {\"id\": \"\", \"order\": 5, \"name_en\": \"XL\", \"value_id\": \"14\"}], \"option_text\": \"Size\"}]',1,'dropset trainer, adidas training shoes, gym shoes, stability shoes, workout footwear','2025-11-26 09:03:07','2025-11-27 09:05:00',NULL),(14,1,'Emerging Harmony Extra-Long Cover-Up','emerging-harmony-extra-long-cover-up',1,1,11,2,'[{\"option\": \"1\", \"values\": [{\"id\": \"\", \"order\": 1, \"name_en\": \"Black\", \"value_id\": \"1\"}], \"option_text\": \"Color\"}, {\"option\": \"2\", \"values\": [{\"id\": \"\", \"order\": 1, \"name_en\": \"S\", \"value_id\": \"11\"}, {\"id\": \"\", \"order\": 2, \"name_en\": \"M\", \"value_id\": \"12\"}, {\"id\": \"\", \"order\": 3, \"name_en\": \"L\", \"value_id\": \"13\"}, {\"id\": \"\", \"order\": 4, \"name_en\": \"XL\", \"value_id\": \"14\"}], \"option_text\": \"Size\"}]',1,'adidas, KAF BY KAF, abaya-inspired, cover-up, sportswear, modest fashion, recycled materials, renewable materials, extra-long','2025-11-27 03:12:33','2025-11-27 03:12:33',NULL),(15,1,'Ultimate365 Short Sleeve Polo Shirt','ultimate365-short-sleeve-polo-shirt',1,1,11,2,'[{\"option\": \"2\", \"values\": [{\"id\": \"\", \"order\": 1, \"name_en\": \"S\", \"value_id\": \"11\"}, {\"id\": \"\", \"order\": 2, \"name_en\": \"M\", \"value_id\": \"12\"}, {\"id\": \"\", \"order\": 3, \"name_en\": \"L\", \"value_id\": \"13\"}, {\"id\": \"\", \"order\": 4, \"name_en\": \"XL\", \"value_id\": \"14\"}], \"option_text\": \"Size\"}]',1,'adidas, golf polo, striped polo, sportswear, recycled polyester, elastane, stretch jersey, regular fit','2025-11-27 03:17:07','2025-11-27 03:17:07',NULL),(16,1,'Just Do It: Nike Basketball T-Shirt','just-do-it-nike-basketball-t-shirt',1,1,12,1,'[{\"option\": \"2\", \"values\": [{\"id\": \"\", \"order\": 1, \"name_en\": \"XS\", \"value_id\": \"10\"}, {\"id\": \"\", \"order\": 2, \"name_en\": \"S\", \"value_id\": \"11\"}, {\"id\": \"\", \"order\": 3, \"name_en\": \"M\", \"value_id\": \"12\"}, {\"id\": \"\", \"order\": 4, \"name_en\": \"L\", \"value_id\": \"13\"}, {\"id\": \"\", \"order\": 5, \"name_en\": \"XL\", \"value_id\": \"14\"}], \"option_text\": \"Size\"}]',1,'Nike, basketball tee, sportswear, casual wear, cotton t-shirt, midweight, everyday wear','2025-11-27 03:32:23','2025-11-27 03:32:23',NULL),(17,1,'Just Do It: Nike SB Skate Tee','just-do-it-nike-sb-skate-tee',1,1,12,1,'[{\"option\": \"2\", \"values\": [{\"id\": \"\", \"order\": 1, \"name_en\": \"XS\", \"value_id\": \"10\"}, {\"id\": \"\", \"order\": 2, \"name_en\": \"S\", \"value_id\": \"11\"}, {\"id\": \"\", \"order\": 3, \"name_en\": \"M\", \"value_id\": \"12\"}, {\"id\": \"\", \"order\": 4, \"name_en\": \"L\", \"value_id\": \"13\"}, {\"id\": \"\", \"order\": 5, \"name_en\": \"XL\", \"value_id\": \"14\"}], \"option_text\": \"Size\"}]',4,'Nike, SB Skate Tee, skateboarding, casual wear, cotton t-shirt, midweight, everyday wear, Just Do It','2025-11-27 03:37:14','2025-11-27 07:27:10',NULL),(18,1,'Nike Unisex Club Fleece T-Shirt in Artic Orange','nike-unisex-club-fleece-t-shirt-in-artic-orange',1,1,12,1,'[{\"option\": \"2\", \"values\": [{\"id\": \"\", \"order\": 1, \"name_en\": \"S\", \"value_id\": \"11\"}, {\"id\": \"\", \"order\": 2, \"name_en\": \"M\", \"value_id\": \"12\"}, {\"id\": \"\", \"order\": 3, \"name_en\": \"L\", \"value_id\": \"13\"}, {\"id\": \"\", \"order\": 4, \"name_en\": \"XL\", \"value_id\": \"14\"}], \"option_text\": \"Size\"}]',0,'Nike, unisex t-shirt, fleece tee, casual wear, sportswear, coral color, ASOS exclusive','2025-11-27 06:23:46','2025-11-27 07:28:59',NULL),(19,1,'Nike Premium Essentials Unisex T-Shirt in White','nike-premium-essentials-unisex-t-shirt-in-white',1,1,12,1,'[{\"option\": \"1\", \"values\": [{\"id\": \"\", \"order\": 1, \"name_en\": \"White\", \"value_id\": \"2\"}], \"option_text\": \"Color\"}, {\"option\": \"2\", \"values\": [{\"id\": \"\", \"order\": 1, \"name_en\": \"XS\", \"value_id\": \"10\"}, {\"id\": \"\", \"order\": 2, \"name_en\": \"S\", \"value_id\": \"11\"}, {\"id\": \"\", \"order\": 3, \"name_en\": \"M\", \"value_id\": \"12\"}, {\"id\": \"\", \"order\": 4, \"name_en\": \"L\", \"value_id\": \"13\"}, {\"id\": \"\", \"order\": 5, \"name_en\": \"XL\", \"value_id\": \"14\"}], \"option_text\": \"Size\"}]',1,'Nike, unisex t-shirt, premium essentials, casual wear, sportswear, cotton tee, white shirt','2025-11-27 06:35:32','2025-11-27 06:35:32',NULL),(20,1,'Nike Unisex Essential Mini Swoosh Oversized T-Shirt in Alligator Green','nike-unisex-essential-mini-swoosh-oversized-t-shirt-in-alligator-green',1,1,12,NULL,'[{\"option\": \"1\", \"values\": [{\"id\": \"\", \"order\": 1, \"name_en\": \"Green\", \"value_id\": \"7\"}], \"option_text\": \"Color\"}, {\"option\": \"2\", \"values\": [{\"id\": \"\", \"order\": 1, \"name_en\": \"XS\", \"value_id\": \"10\"}, {\"id\": \"\", \"order\": 2, \"name_en\": \"S\", \"value_id\": \"11\"}, {\"id\": \"\", \"order\": 3, \"name_en\": \"M\", \"value_id\": \"12\"}, {\"id\": \"\", \"order\": 4, \"name_en\": \"L\", \"value_id\": \"13\"}, {\"id\": \"\", \"order\": 5, \"name_en\": \"XL\", \"value_id\": \"14\"}], \"option_text\": \"Size\"}]',0,'Nike, unisex t-shirt, oversized fit, casual wear, sportswear, cotton tee, green shirt, mini swoosh','2025-11-27 06:40:26','2025-11-27 07:32:31',NULL),(21,1,'Nike Just Do It Tennis T-Shirt','nike-just-do-it-tennis-t-shirt',1,1,12,1,'[{\"option\": \"1\", \"values\": [{\"id\": \"\", \"order\": 1, \"name_en\": \"Black\", \"value_id\": \"1\"}], \"option_text\": \"Color\"}, {\"option\": \"2\", \"values\": [{\"id\": \"\", \"order\": 1, \"name_en\": \"XS\", \"value_id\": \"10\"}, {\"id\": \"\", \"order\": 2, \"name_en\": \"S\", \"value_id\": \"11\"}, {\"id\": \"\", \"order\": 3, \"name_en\": \"M\", \"value_id\": \"12\"}, {\"id\": \"\", \"order\": 4, \"name_en\": \"L\", \"value_id\": \"13\"}, {\"id\": \"\", \"order\": 5, \"name_en\": \"XL\", \"value_id\": \"14\"}], \"option_text\": \"Size\"}]',0,'Nike, tennis t-shirt, unisex tee, casual wear, sportswear, cotton shirt, Just Do It slogan','2025-11-27 08:03:41','2025-11-27 08:05:55',NULL),(22,1,'Nike Sportswear Women\'s Oversized Woven Jacket in Light Bone/Anthracite','nike-sportswear-womens-oversized-woven-jacket-in-light-boneanthracite',1,1,11,1,'[{\"option\": \"1\", \"values\": [{\"id\": \"\", \"order\": 1, \"name_en\": \"White\", \"value_id\": \"2\"}], \"option_text\": \"Color\"}, {\"option\": \"2\", \"values\": [{\"id\": \"\", \"order\": 1, \"name_en\": \"XS\", \"value_id\": \"10\"}, {\"id\": \"\", \"order\": 2, \"name_en\": \"S\", \"value_id\": \"11\"}, {\"id\": \"\", \"order\": 3, \"name_en\": \"M\", \"value_id\": \"12\"}, {\"id\": \"\", \"order\": 4, \"name_en\": \"L\", \"value_id\": \"13\"}, {\"id\": \"\", \"order\": 5, \"name_en\": \"XL\", \"value_id\": \"14\"}], \"option_text\": \"Size\"}]',0,'Nike, women’s jacket, oversized woven jacket, water-repellent jacket, UV-blocking outerwear, casual sportswear','2025-11-27 08:10:09','2025-11-27 08:14:46',NULL),(23,1,'Nike Swoosh Women\'s Dri-FIT Running Jacket','nike-swoosh-womens-dri-fit-running-jacket',1,1,11,1,'[{\"option\": \"1\", \"values\": [{\"id\": \"\", \"order\": 1, \"name_en\": \"Black\", \"value_id\": \"1\"}, {\"id\": \"\", \"order\": 2, \"name_en\": \"White\", \"value_id\": \"2\"}], \"option_text\": \"Color\"}, {\"option\": \"2\", \"values\": [{\"id\": \"\", \"order\": 1, \"name_en\": \"XS\", \"value_id\": \"10\"}, {\"id\": \"\", \"order\": 2, \"name_en\": \"S\", \"value_id\": \"11\"}, {\"id\": \"\", \"order\": 3, \"name_en\": \"M\", \"value_id\": \"12\"}, {\"id\": \"\", \"order\": 4, \"name_en\": \"L\", \"value_id\": \"13\"}, {\"id\": \"\", \"order\": 5, \"name_en\": \"XL\", \"value_id\": \"14\"}], \"option_text\": \"Size\"}]',1,'Nike, women’s running jacket, Dri-FIT, sportswear, lightweight jacket, sweat-wicking, breathable outerwear','2025-11-27 08:22:58','2025-11-27 08:23:14',NULL),(24,1,'Nike Swift Women\'s Dri-FIT UV 1/4-Zip Running Top','nike-swift-womens-dri-fit-uv-14-zip-running-top',1,1,11,1,'[]',1,'Nike, women’s running top, Dri-FIT, UV protection, lightweight mid layer, sweat-wicking, sportswear','2025-11-27 08:30:04','2025-11-27 08:30:04',NULL),(25,1,'Reebok Camillo Lifestyle Men\'s Polo – Retro Teal','reebok-camillo-lifestyle-mens-polo-retro-teal',1,1,5,4,'[{\"option\": \"2\", \"values\": [{\"id\": \"\", \"order\": 1, \"name_en\": \"S\", \"value_id\": \"11\"}, {\"id\": \"\", \"order\": 2, \"name_en\": \"M\", \"value_id\": \"12\"}, {\"id\": \"\", \"order\": 3, \"name_en\": \"L\", \"value_id\": \"13\"}, {\"id\": \"\", \"order\": 4, \"name_en\": \"XL\", \"value_id\": \"14\"}], \"option_text\": \"Size\"}]',0,'Reebok, men’s polo, lifestyle polo, retro teal, casual wear, cotton blend, sportswear','2025-11-28 02:16:57','2025-11-28 02:18:31',NULL),(26,1,'Reebok Barry Lifestyle Men\'s Tee – Black','reebok-barry-lifestyle-mens-tee-black',1,1,5,4,'[{\"option\": \"2\", \"values\": [{\"id\": \"\", \"order\": 1, \"name_en\": \"XS\", \"value_id\": \"10\"}, {\"id\": \"\", \"order\": 2, \"name_en\": \"S\", \"value_id\": \"11\"}, {\"id\": \"\", \"order\": 3, \"name_en\": \"M\", \"value_id\": \"12\"}, {\"id\": \"\", \"order\": 4, \"name_en\": \"L\", \"value_id\": \"13\"}, {\"id\": \"\", \"order\": 5, \"name_en\": \"XL\", \"value_id\": \"14\"}], \"option_text\": \"Size\"}]',0,'Reebok, men’s t-shirt, lifestyle tee, casual wear, cotton blend, black shirt, sportswear','2025-11-28 02:32:08','2025-11-28 02:33:49',NULL),(28,1,'Zone Product (no-variant)','zone-product-no-variant',1,1,5,1,'[]',1,'testing, arts, aesthetic','2025-11-29 09:50:57','2025-11-29 09:50:57',NULL),(29,1,'Zone Product (with-variant)','zone-product-with-variant',1,1,5,1,'[{\"option\": \"1\", \"values\": [{\"id\": \"\", \"order\": 1, \"name_en\": \"Black\", \"value_id\": \"1\"}, {\"id\": \"\", \"order\": 2, \"name_en\": \"White\", \"value_id\": \"2\"}], \"option_text\": \"Color\"}, {\"option\": \"2\", \"values\": [{\"id\": \"\", \"order\": 1, \"name_en\": \"S\", \"value_id\": \"11\"}, {\"id\": \"\", \"order\": 2, \"name_en\": \"M\", \"value_id\": \"12\"}], \"option_text\": \"Size\"}]',1,'testing, arts, aesthetic','2025-11-29 09:53:33','2025-11-29 09:53:33',NULL);
/*!40000 ALTER TABLE `products` ENABLE KEYS */;
UNLOCK TABLES;

--
-- Table structure for table `role_has_permissions`
--

DROP TABLE IF EXISTS `role_has_permissions`;
/*!40101 SET @saved_cs_client     = @@character_set_client */;
/*!50503 SET character_set_client = utf8mb4 */;
CREATE TABLE `role_has_permissions` (
  `permission_id` bigint unsigned NOT NULL,
  `role_id` bigint unsigned NOT NULL,
  PRIMARY KEY (`permission_id`,`role_id`),
  KEY `role_has_permissions_role_id_foreign` (`role_id`),
  CONSTRAINT `role_has_permissions_permission_id_foreign` FOREIGN KEY (`permission_id`) REFERENCES `permissions` (`id`) ON DELETE CASCADE,
  CONSTRAINT `role_has_permissions_role_id_foreign` FOREIGN KEY (`role_id`) REFERENCES `roles` (`id`) ON DELETE CASCADE
) ENGINE=InnoDB DEFAULT CHARSET=utf8mb4 COLLATE=utf8mb4_unicode_ci;
/*!40101 SET character_set_client = @saved_cs_client */;

--
-- Dumping data for table `role_has_permissions`
--

LOCK TABLES `role_has_permissions` WRITE;
/*!40000 ALTER TABLE `role_has_permissions` DISABLE KEYS */;
INSERT INTO `role_has_permissions` VALUES (1,1),(2,1),(3,1),(4,1),(5,1),(6,1),(7,1),(8,1),(9,1),(10,1),(11,1),(12,1),(13,1),(14,1),(15,1),(16,1),(17,1),(18,1),(19,1),(20,1),(21,1),(22,1),(23,1),(24,1),(25,1),(26,1),(27,1),(28,1),(29,1),(30,1),(31,1),(32,1),(33,1),(34,1),(35,1),(36,1),(37,1),(38,1),(39,1),(40,1),(41,1),(42,1),(43,1),(44,1),(45,1),(61,1),(62,1),(63,1),(64,1),(65,1),(66,1),(67,1),(68,1),(69,1),(70,1),(71,1),(72,1),(73,1),(74,1),(75,1),(76,1),(77,1),(78,1),(79,1),(80,1),(86,1),(87,1),(88,1),(89,1),(90,1),(91,1),(92,1),(93,1),(94,1),(95,1),(96,1),(97,1),(98,1),(99,1),(100,1),(101,1),(102,1),(103,1),(104,1),(105,1),(106,1),(107,1),(108,1),(109,1),(110,1),(111,1),(112,1),(113,1),(114,1),(115,1),(116,1),(117,1),(118,1),(119,1),(120,1),(46,2),(47,2),(48,2),(49,2),(50,2),(51,2),(52,2),(53,2),(54,2),(55,2),(56,2),(57,2),(58,2),(59,2),(60,2),(46,3),(47,3),(48,3),(49,3),(50,3),(51,3),(52,3),(53,3),(54,3),(55,3),(56,3),(57,3),(58,3),(59,3),(60,3);
/*!40000 ALTER TABLE `role_has_permissions` ENABLE KEYS */;
UNLOCK TABLES;

--
-- Table structure for table `roles`
--

DROP TABLE IF EXISTS `roles`;
/*!40101 SET @saved_cs_client     = @@character_set_client */;
/*!50503 SET character_set_client = utf8mb4 */;
CREATE TABLE `roles` (
  `id` bigint unsigned NOT NULL AUTO_INCREMENT,
  `name` varchar(255) COLLATE utf8mb4_unicode_ci NOT NULL,
  `guard_name` varchar(255) COLLATE utf8mb4_unicode_ci NOT NULL,
  `created_at` timestamp NULL DEFAULT NULL,
  `updated_at` timestamp NULL DEFAULT NULL,
  `store_id` bigint unsigned DEFAULT NULL,
  PRIMARY KEY (`id`),
  UNIQUE KEY `roles_name_guard_name_unique` (`name`,`guard_name`),
  KEY `roles_store_id_foreign` (`store_id`),
  CONSTRAINT `roles_store_id_foreign` FOREIGN KEY (`store_id`) REFERENCES `stores` (`id`) ON DELETE CASCADE ON UPDATE CASCADE
) ENGINE=InnoDB AUTO_INCREMENT=4 DEFAULT CHARSET=utf8mb4 COLLATE=utf8mb4_unicode_ci;
/*!40101 SET character_set_client = @saved_cs_client */;

--
-- Dumping data for table `roles`
--

LOCK TABLES `roles` WRITE;
/*!40000 ALTER TABLE `roles` DISABLE KEYS */;
INSERT INTO `roles` VALUES (1,'Superadmin','admin','2025-10-30 06:46:27','2025-10-30 06:46:27',NULL),(2,'Superadmin','store_owner','2025-11-11 01:53:54','2025-11-11 01:53:54',1),(3,'Superadmin-1','store_owner','2025-11-11 03:30:25','2025-11-11 03:30:25',3);
/*!40000 ALTER TABLE `roles` ENABLE KEYS */;
UNLOCK TABLES;

--
-- Table structure for table `settings`
--

DROP TABLE IF EXISTS `settings`;
/*!40101 SET @saved_cs_client     = @@character_set_client */;
/*!50503 SET character_set_client = utf8mb4 */;
CREATE TABLE `settings` (
  `id` bigint unsigned NOT NULL AUTO_INCREMENT,
  `name` varchar(255) COLLATE utf8mb4_unicode_ci NOT NULL,
  `key` varchar(255) COLLATE utf8mb4_unicode_ci NOT NULL,
  `data` json NOT NULL,
  `created_at` timestamp NULL DEFAULT NULL,
  `updated_at` timestamp NULL DEFAULT NULL,
  PRIMARY KEY (`id`),
  UNIQUE KEY `settings_key_unique` (`key`)
) ENGINE=InnoDB AUTO_INCREMENT=4 DEFAULT CHARSET=utf8mb4 COLLATE=utf8mb4_unicode_ci;
/*!40101 SET character_set_client = @saved_cs_client */;

--
-- Dumping data for table `settings`
--

LOCK TABLES `settings` WRITE;
/*!40000 ALTER TABLE `settings` DISABLE KEYS */;
INSERT INTO `settings` VALUES (1,'Company Profile','COMPANY_PROFILE','[]','2025-10-30 06:46:27','2025-10-30 06:46:27'),(2,'Homepage Not Logged Text','HOMEPAGE_NOT_LOGGED','{\"footer_section\": {\"en\": {\"title\": \"So what you waiting for? start search you product now\", \"image_url\": null, \"description\": \"Free shipping on orders above 500K\"}, \"id\": {\"title\": \"Jadi apa yang kamu tunggu? Mulailah mencari produk Anda sekarang\", \"image_url\": null, \"description\": \"Gratis ongkir untuk pesanan di atas 500K\"}}, \"sub_category_text\": {\"en\": {\"title\": \"Made by locals, loved by you\", \"description\": \"Behind every product is a person with a story. When you shop local, yo\'re part of that story too\"}, \"id\": {\"title\": \"Dibuat oleh lokal, dicintai oleh Anda\", \"description\": \"Di balik setiap produk ada cerita dari seseorang. Ketika kamu membeli produk lokal, kamu menjadi bagian dari cerita itu.\"}}}','2025-11-27 08:22:42','2025-11-27 08:22:42'),(3,'Email Preference','EMAIL_PREFERENCE','{\"en\": {\"unsubscribe\": {\"text\": \"You won\'t receive any email, including important emails.\", \"title\": \"Unsubscribe from all email list\"}, \"brand_news_story\": {\"text\": \"Email me updates and promotions for Sarinah Retail and Sarinah Club.\", \"title\": \"Brand News & Stories\"}, \"new_product_launch\": {\"text\": \"Get updates when we release new arrivals, imited editions, or seasonal drops.\", \"title\": \"New Product Launches\"}, \"back_in_stock_alert\": {\"text\": \"Be notified when your favourite items or saved products are available again.\", \"title\": \"Back-in-Stock Alerts\"}, \"order_account_update\": {\"text\": \"Important notifications about your order, shipping status, returns, and account activity.\", \"title\": \"Order & Account Updates\"}, \"wishlist_price_drop_alert\": {\"text\": \"Get notified when items you like go on sale or drop in price.\", \"title\": \"Wishlist & Price-Drop Alerts\"}}, \"id\": {\"unsubscribe\": {\"text\": \"Anda tidak akan menerima email apa pun, termasuk email penting.\", \"title\": \"Berhenti berlangganan dari semua daftar email\"}, \"brand_news_story\": {\"text\": \"Kirimkan saya informasi terbaru dan promosi untuk Sarinah Retail dan Sarinah Club melalui email..\", \"title\": \"Berita & Cerita Brand\"}, \"new_product_launch\": {\"text\": \"Dapatkan pembaruan saat kami merilis produk baru, edisi terbatas, atau produk musiman.\", \"title\": \"Peluncuran Produk Baru\"}, \"back_in_stock_alert\": {\"text\": \"Dapatkan pemberitahuan ketika item favorit atau produk tersimpan Anda tersedia lagi.\", \"title\": \"Peringatan Stok Kembali\"}, \"order_account_update\": {\"text\": \"Pemberitahuan penting tentang pesanan Anda, status pengiriman, pengembalian, dan aktivitas akun.\", \"title\": \"Pembaruan Pesanan & Akun\"}, \"wishlist_price_drop_alert\": {\"text\": \"Dapatkan pemberitahuan saat barang yang Anda sukai sedang obral atau turun harganya.\", \"title\": \"Daftar Keinginan & Peringatan Penurunan Harga\"}}}','2025-11-27 10:15:45','2025-11-27 10:15:45');
/*!40000 ALTER TABLE `settings` ENABLE KEYS */;
UNLOCK TABLES;

--
-- Table structure for table `shopping_bag_items`
--

DROP TABLE IF EXISTS `shopping_bag_items`;
/*!40101 SET @saved_cs_client     = @@character_set_client */;
/*!50503 SET character_set_client = utf8mb4 */;
CREATE TABLE `shopping_bag_items` (
  `id` bigint unsigned NOT NULL AUTO_INCREMENT,
  `user_id` bigint unsigned NOT NULL,
  `store_id` bigint unsigned NOT NULL,
  `brand_id` bigint unsigned NOT NULL,
  `product_variant_id` bigint unsigned NOT NULL,
  `quantity` smallint unsigned NOT NULL,
  `is_selected` tinyint(1) NOT NULL DEFAULT '0',
  `created_at` timestamp NULL DEFAULT NULL,
  `updated_at` timestamp NULL DEFAULT NULL,
  PRIMARY KEY (`id`),
  UNIQUE KEY `shopping_bag_items_user_id_product_variant_id_unique` (`user_id`,`product_variant_id`),
  KEY `shopping_bag_items_product_variant_id_foreign` (`product_variant_id`),
  KEY `shopping_bag_items_store_id_foreign` (`store_id`),
  KEY `shopping_bag_items_brand_id_foreign` (`brand_id`),
  CONSTRAINT `shopping_bag_items_brand_id_foreign` FOREIGN KEY (`brand_id`) REFERENCES `brands` (`id`) ON DELETE CASCADE,
  CONSTRAINT `shopping_bag_items_product_variant_id_foreign` FOREIGN KEY (`product_variant_id`) REFERENCES `product_variants` (`id`) ON DELETE CASCADE,
  CONSTRAINT `shopping_bag_items_store_id_foreign` FOREIGN KEY (`store_id`) REFERENCES `stores` (`id`) ON DELETE CASCADE,
  CONSTRAINT `shopping_bag_items_user_id_foreign` FOREIGN KEY (`user_id`) REFERENCES `users` (`id`) ON DELETE CASCADE
) ENGINE=InnoDB AUTO_INCREMENT=50 DEFAULT CHARSET=utf8mb4 COLLATE=utf8mb4_unicode_ci;
/*!40101 SET character_set_client = @saved_cs_client */;

--
-- Dumping data for table `shopping_bag_items`
--

LOCK TABLES `shopping_bag_items` WRITE;
/*!40000 ALTER TABLE `shopping_bag_items` DISABLE KEYS */;
INSERT INTO `shopping_bag_items` VALUES (3,19,1,3,1,1,0,'2025-11-28 08:03:27','2025-12-03 09:29:27'),(5,19,1,3,19,1,0,'2025-11-29 13:23:59','2025-12-03 09:29:27'),(16,5,1,2,34,4,1,'2025-12-01 04:11:42','2025-12-01 04:11:42'),(19,19,1,1,74,1,0,'2025-12-01 08:45:34','2025-12-03 09:29:27'),(26,33,1,3,1,5,1,'2025-12-02 02:47:51','2025-12-02 02:48:07'),(31,5,1,2,58,1,1,'2025-12-02 03:41:37','2025-12-02 03:41:37'),(32,5,1,2,23,1,1,'2025-12-02 03:41:47','2025-12-02 03:41:47'),(33,5,1,2,36,2,1,'2025-12-02 03:43:45','2025-12-02 10:29:18'),(35,34,1,3,1,4,1,'2025-12-02 04:05:02','2025-12-02 04:09:50'),(41,19,1,2,20,1,1,'2025-12-03 09:04:39','2025-12-03 09:04:39'),(42,11,1,2,20,1,1,'2025-12-03 09:07:52','2025-12-03 09:07:52'),(47,32,1,3,19,1,1,'2025-12-04 03:14:28','2025-12-04 03:14:28'),(48,32,1,2,73,1,1,'2025-12-04 03:14:55','2025-12-04 03:14:55');
/*!40000 ALTER TABLE `shopping_bag_items` ENABLE KEYS */;
UNLOCK TABLES;

--
-- Table structure for table `special_prices`
--

DROP TABLE IF EXISTS `special_prices`;
/*!40101 SET @saved_cs_client     = @@character_set_client */;
/*!50503 SET character_set_client = utf8mb4 */;
CREATE TABLE `special_prices` (
  `id` bigint unsigned NOT NULL AUTO_INCREMENT,
  `product_variant_id` bigint unsigned NOT NULL,
  `type` varchar(50) COLLATE utf8mb4_unicode_ci NOT NULL,
  `discount` int NOT NULL DEFAULT '0',
  `percentage` decimal(5,2) NOT NULL DEFAULT '0.00',
  `start_at` date NOT NULL,
  `end_at` date NOT NULL,
  `is_active` tinyint(1) NOT NULL,
  `created_at` timestamp NULL DEFAULT NULL,
  `updated_at` timestamp NULL DEFAULT NULL,
  PRIMARY KEY (`id`),
  KEY `special_prices_product_variant_id_foreign` (`product_variant_id`),
  CONSTRAINT `special_prices_product_variant_id_foreign` FOREIGN KEY (`product_variant_id`) REFERENCES `product_variants` (`id`) ON DELETE CASCADE ON UPDATE CASCADE
) ENGINE=InnoDB AUTO_INCREMENT=54 DEFAULT CHARSET=utf8mb4 COLLATE=utf8mb4_unicode_ci;
/*!40101 SET character_set_client = @saved_cs_client */;

--
-- Dumping data for table `special_prices`
--

LOCK TABLES `special_prices` WRITE;
/*!40000 ALTER TABLE `special_prices` DISABLE KEYS */;
INSERT INTO `special_prices` VALUES (4,3,'discount',5000,0.00,'2025-01-01','2025-01-31',1,'2025-11-17 04:41:01','2025-11-17 04:41:01'),(7,2,'discount',1000000,83.33,'2025-11-01','2025-11-24',1,'2025-11-17 08:27:08','2025-11-24 10:22:36'),(8,1,'discount',50000,50.00,'2025-11-25','2025-11-27',1,'2025-11-25 18:46:02','2025-12-02 03:06:17'),(9,2,'discount',50000,50.00,'2025-11-25','2025-11-27',1,'2025-11-25 18:46:02','2025-12-02 03:06:17'),(10,3,'discount',50000,50.00,'2025-11-25','2025-11-27',1,'2025-11-25 18:46:03','2025-12-02 03:06:17'),(14,19,'discount',50000,6.67,'2025-11-26','2025-12-31',1,'2025-11-26 07:52:56','2025-11-26 07:52:56'),(15,36,'discount',640000,58.18,'2025-11-26','2025-12-31',1,'2025-11-26 08:23:48','2025-11-26 08:23:48'),(16,37,'discount',640000,58.18,'2025-11-26','2025-12-31',1,'2025-11-26 08:23:48','2025-11-26 08:23:48'),(17,38,'discount',640000,58.18,'2025-11-26','2025-12-31',1,'2025-11-26 08:23:48','2025-11-26 08:23:48'),(18,39,'discount',640000,58.18,'2025-11-26','2025-12-31',1,'2025-11-26 08:23:48','2025-11-26 08:23:48'),(19,40,'discount',640000,58.18,'2025-11-26','2025-12-31',1,'2025-11-26 08:23:48','2025-11-26 08:23:48'),(20,41,'discount',640000,58.18,'2025-11-26','2025-12-31',1,'2025-11-26 08:23:48','2025-11-26 08:23:48'),(21,42,'discount',640000,58.18,'2025-11-26','2025-12-31',1,'2025-11-26 08:23:48','2025-11-26 08:23:48'),(22,43,'discount',640000,58.18,'2025-11-26','2025-12-31',1,'2025-11-26 08:23:48','2025-11-26 08:23:48'),(23,66,'discount',380000,20.00,'2025-11-27','2025-12-31',1,'2025-11-27 03:12:33','2025-11-27 07:17:27'),(24,67,'discount',380000,20.00,'2025-11-27','2025-12-31',1,'2025-11-27 03:12:33','2025-11-27 07:17:27'),(25,68,'discount',380000,20.00,'2025-11-27','2025-12-31',1,'2025-11-27 03:12:33','2025-11-27 07:17:27'),(26,69,'discount',380000,20.00,'2025-11-27','2025-12-31',1,'2025-11-27 03:12:33','2025-11-27 07:17:27'),(27,84,'discount',318000,70.04,'2025-11-27','2025-12-31',1,'2025-11-27 06:23:46','2025-11-27 06:23:46'),(28,85,'discount',318000,70.04,'2025-11-27','2025-12-31',1,'2025-11-27 06:23:46','2025-11-27 06:23:46'),(29,86,'discount',318000,70.04,'2025-11-27','2025-12-31',1,'2025-11-27 06:23:46','2025-11-27 06:23:46'),(30,87,'discount',318000,70.04,'2025-11-27','2025-12-31',1,'2025-11-27 06:23:46','2025-11-27 06:23:46'),(31,88,'discount',576000,80.00,'2025-11-27','2025-12-31',1,'2025-11-27 06:35:32','2025-11-27 07:30:45'),(32,89,'discount',576000,80.00,'2025-11-27','2025-12-31',1,'2025-11-27 06:35:32','2025-11-27 07:30:45'),(33,90,'discount',576000,80.00,'2025-11-27','2025-12-31',1,'2025-11-27 06:35:32','2025-11-27 07:30:45'),(34,91,'discount',576000,80.00,'2025-11-27','2025-12-31',1,'2025-11-27 06:35:32','2025-11-27 07:30:45'),(35,92,'discount',576000,80.00,'2025-11-27','2025-12-31',1,'2025-11-27 06:35:32','2025-11-27 07:30:45'),(36,93,'discount',468000,66.20,'2025-11-27','2025-12-31',1,'2025-11-27 06:40:26','2025-11-27 08:24:44'),(37,94,'discount',468000,66.20,'2025-11-27','2025-12-31',1,'2025-11-27 06:40:26','2025-11-27 08:24:44'),(38,95,'discount',468000,66.20,'2025-11-27','2025-12-31',1,'2025-11-27 06:40:26','2025-11-27 08:24:44'),(39,96,'discount',468000,66.20,'2025-11-27','2025-12-31',1,'2025-11-27 06:40:26','2025-11-27 08:24:44'),(40,97,'discount',468000,66.20,'2025-11-27','2025-12-31',1,'2025-11-27 06:40:26','2025-11-27 08:24:44'),(41,159,'discount',181300,70.00,'2025-11-28','2025-12-31',1,'2025-11-28 02:32:08','2025-11-28 03:02:33'),(42,160,'discount',181300,70.00,'2025-11-28','2025-12-31',1,'2025-11-28 02:32:08','2025-11-28 03:02:33'),(43,161,'discount',181300,70.00,'2025-11-28','2025-12-31',1,'2025-11-28 02:32:08','2025-11-28 03:02:33'),(44,162,'discount',181300,70.00,'2025-11-28','2025-12-31',1,'2025-11-28 02:32:08','2025-11-28 03:02:33'),(45,163,'discount',181300,70.00,'2025-11-28','2025-12-31',1,'2025-11-28 02:32:08','2025-11-28 03:02:33'),(46,164,'discount',5000,6.67,'2025-11-01','2025-12-31',1,'2025-11-29 09:53:33','2025-11-29 09:53:33'),(47,165,'discount',10000,10.00,'2025-11-01','2025-12-31',1,'2025-11-29 09:53:33','2025-11-29 09:53:33'),(48,1,'discount',50000,50.00,'2025-12-02','2025-12-31',1,'2025-12-02 03:19:34','2025-12-02 03:33:18'),(49,2,'discount',50000,50.00,'2025-12-02','2025-12-31',1,'2025-12-02 03:19:34','2025-12-02 03:33:18'),(50,3,'discount',50000,50.00,'2025-12-02','2025-12-31',1,'2025-12-02 03:19:34','2025-12-02 03:33:18'),(51,168,'discount',50000,50.00,'2025-12-02','2025-12-31',1,'2025-12-02 03:19:34','2025-12-02 03:33:18'),(52,169,'discount',50000,50.00,'2025-12-02','2025-12-31',1,'2025-12-02 03:19:34','2025-12-02 03:33:18'),(53,170,'discount',50000,50.00,'2025-12-02','2025-12-31',1,'2025-12-02 03:19:34','2025-12-02 03:33:18');
/*!40000 ALTER TABLE `special_prices` ENABLE KEYS */;
UNLOCK TABLES;

--
-- Table structure for table `steps`
--

DROP TABLE IF EXISTS `steps`;
/*!40101 SET @saved_cs_client     = @@character_set_client */;
/*!50503 SET character_set_client = utf8mb4 */;
CREATE TABLE `steps` (
  `id` char(36) COLLATE utf8mb4_unicode_ci NOT NULL,
  `procedure_id` char(36) COLLATE utf8mb4_unicode_ci NOT NULL,
  `name` varchar(255) COLLATE utf8mb4_unicode_ci NOT NULL,
  `description` text COLLATE utf8mb4_unicode_ci,
  `order` int NOT NULL DEFAULT '0',
  `created_at` timestamp NULL DEFAULT NULL,
  `updated_at` timestamp NULL DEFAULT NULL,
  `deleted_at` timestamp NULL DEFAULT NULL,
  PRIMARY KEY (`id`),
  KEY `steps_procedure_id_foreign` (`procedure_id`),
  CONSTRAINT `steps_procedure_id_foreign` FOREIGN KEY (`procedure_id`) REFERENCES `procedures` (`id`) ON DELETE CASCADE
) ENGINE=InnoDB DEFAULT CHARSET=utf8mb4 COLLATE=utf8mb4_unicode_ci;
/*!40101 SET character_set_client = @saved_cs_client */;

--
-- Dumping data for table `steps`
--

LOCK TABLES `steps` WRITE;
/*!40000 ALTER TABLE `steps` DISABLE KEYS */;
/*!40000 ALTER TABLE `steps` ENABLE KEYS */;
UNLOCK TABLES;

--
-- Table structure for table `store_owners`
--

DROP TABLE IF EXISTS `store_owners`;
/*!40101 SET @saved_cs_client     = @@character_set_client */;
/*!50503 SET character_set_client = utf8mb4 */;
CREATE TABLE `store_owners` (
  `id` bigint unsigned NOT NULL AUTO_INCREMENT,
  `store_id` bigint unsigned DEFAULT NULL,
  `name` varchar(50) COLLATE utf8mb4_unicode_ci NOT NULL,
  `email` varchar(50) COLLATE utf8mb4_unicode_ci NOT NULL,
  `password` varchar(100) COLLATE utf8mb4_unicode_ci NOT NULL,
  `is_active` tinyint(1) NOT NULL DEFAULT '0',
  `remember_token` varchar(100) COLLATE utf8mb4_unicode_ci DEFAULT NULL,
  `created_at` timestamp NULL DEFAULT NULL,
  `updated_at` timestamp NULL DEFAULT NULL,
  `deleted_at` timestamp NULL DEFAULT NULL,
  PRIMARY KEY (`id`),
  UNIQUE KEY `store_owners_email_unique` (`email`),
  KEY `store_owners_store_id_foreign` (`store_id`),
  CONSTRAINT `store_owners_store_id_foreign` FOREIGN KEY (`store_id`) REFERENCES `stores` (`id`) ON DELETE CASCADE ON UPDATE CASCADE
) ENGINE=InnoDB AUTO_INCREMENT=3 DEFAULT CHARSET=utf8mb4 COLLATE=utf8mb4_unicode_ci;
/*!40101 SET character_set_client = @saved_cs_client */;

--
-- Dumping data for table `store_owners`
--

LOCK TABLES `store_owners` WRITE;
/*!40000 ALTER TABLE `store_owners` DISABLE KEYS */;
INSERT INTO `store_owners` VALUES (1,1,'Owner','owner@unictive.net','$2y$12$EJyXy2tMRov62ssDEM0eZu.dt7/5XGD1ujUVggD6m4pbRThwR7bwe',1,NULL,'2025-11-11 02:28:08','2025-11-11 02:28:08',NULL),(2,3,'Owner 1','owner1@tes.com','$2y$12$4Uy5Oca9SubwZxUrPJSQFOyJaDl8IP2tt5VdLluTBJcDXFd8ds7Xi',1,NULL,'2025-11-11 03:30:56','2025-11-11 03:30:56',NULL);
/*!40000 ALTER TABLE `store_owners` ENABLE KEYS */;
UNLOCK TABLES;

--
-- Table structure for table `stores`
--

DROP TABLE IF EXISTS `stores`;
/*!40101 SET @saved_cs_client     = @@character_set_client */;
/*!50503 SET character_set_client = utf8mb4 */;
CREATE TABLE `stores` (
  `id` bigint unsigned NOT NULL AUTO_INCREMENT,
  `location_id` bigint unsigned DEFAULT NULL,
  `slug` varchar(255) COLLATE utf8mb4_unicode_ci NOT NULL,
  `phone` varchar(30) COLLATE utf8mb4_unicode_ci NOT NULL,
  `email` varchar(255) COLLATE utf8mb4_unicode_ci NOT NULL,
  `verified_at` timestamp NULL DEFAULT NULL,
  `is_active` tinyint(1) NOT NULL DEFAULT '0',
  `created_at` timestamp NULL DEFAULT NULL,
  `updated_at` timestamp NULL DEFAULT NULL,
  `deleted_at` timestamp NULL DEFAULT NULL,
  PRIMARY KEY (`id`),
  KEY `stores_location_id_foreign` (`location_id`),
  CONSTRAINT `stores_location_id_foreign` FOREIGN KEY (`location_id`) REFERENCES `master_location` (`id`) ON DELETE CASCADE ON UPDATE CASCADE
) ENGINE=InnoDB AUTO_INCREMENT=4 DEFAULT CHARSET=utf8mb4 COLLATE=utf8mb4_unicode_ci;
/*!40101 SET character_set_client = @saved_cs_client */;

--
-- Dumping data for table `stores`
--

LOCK TABLES `stores` WRITE;
/*!40000 ALTER TABLE `stores` DISABLE KEYS */;
INSERT INTO `stores` VALUES (1,1,'unictive-media','08234567890','admin@unictive.net','2025-11-29 10:12:30',1,'2025-11-03 07:16:13','2025-11-29 10:12:30',NULL),(2,1,'uniktif','0818708855','admin@uniktif.net','2025-11-10 10:55:26',1,'2025-11-10 10:55:26','2025-11-10 10:55:26','2025-11-11 03:18:29'),(3,1,'contoh','0818708855','admin@unictive.net','2025-11-19 06:14:05',1,'2025-11-11 03:29:08','2025-11-19 06:14:05',NULL);
/*!40000 ALTER TABLE `stores` ENABLE KEYS */;
UNLOCK TABLES;

--
-- Table structure for table `sub_categories`
--

DROP TABLE IF EXISTS `sub_categories`;
/*!40101 SET @saved_cs_client     = @@character_set_client */;
/*!50503 SET character_set_client = utf8mb4 */;
CREATE TABLE `sub_categories` (
  `id` bigint unsigned NOT NULL AUTO_INCREMENT,
  `category_id` bigint unsigned NOT NULL,
  `name` varchar(255) COLLATE utf8mb4_unicode_ci NOT NULL,
  `slug` varchar(255) COLLATE utf8mb4_unicode_ci DEFAULT NULL,
  `description` text COLLATE utf8mb4_unicode_ci,
  `order` int NOT NULL DEFAULT '0',
  `is_active` tinyint(1) NOT NULL DEFAULT '0',
  `image` varchar(255) COLLATE utf8mb4_unicode_ci DEFAULT NULL,
  `created_at` timestamp NULL DEFAULT NULL,
  `updated_at` timestamp NULL DEFAULT NULL,
  PRIMARY KEY (`id`),
  KEY `sub_categories_category_id_foreign` (`category_id`),
  CONSTRAINT `sub_categories_category_id_foreign` FOREIGN KEY (`category_id`) REFERENCES `categories` (`id`) ON DELETE CASCADE ON UPDATE CASCADE
) ENGINE=InnoDB DEFAULT CHARSET=utf8mb4 COLLATE=utf8mb4_unicode_ci;
/*!40101 SET character_set_client = @saved_cs_client */;

--
-- Dumping data for table `sub_categories`
--

LOCK TABLES `sub_categories` WRITE;
/*!40000 ALTER TABLE `sub_categories` DISABLE KEYS */;
/*!40000 ALTER TABLE `sub_categories` ENABLE KEYS */;
UNLOCK TABLES;

--
-- Table structure for table `sub_category_users`
--

DROP TABLE IF EXISTS `sub_category_users`;
/*!40101 SET @saved_cs_client     = @@character_set_client */;
/*!50503 SET character_set_client = utf8mb4 */;
CREATE TABLE `sub_category_users` (
  `user_id` bigint unsigned NOT NULL,
  `sub_category_id` bigint unsigned NOT NULL,
  `created_at` timestamp NULL DEFAULT NULL,
  `updated_at` timestamp NULL DEFAULT NULL,
  PRIMARY KEY (`user_id`,`sub_category_id`),
  KEY `sub_category_users_sub_category_id_foreign` (`sub_category_id`),
  CONSTRAINT `sub_category_users_sub_category_id_foreign` FOREIGN KEY (`sub_category_id`) REFERENCES `sub_categories` (`id`) ON DELETE CASCADE ON UPDATE CASCADE,
  CONSTRAINT `sub_category_users_user_id_foreign` FOREIGN KEY (`user_id`) REFERENCES `users` (`id`) ON DELETE CASCADE ON UPDATE CASCADE
) ENGINE=InnoDB DEFAULT CHARSET=utf8mb4 COLLATE=utf8mb4_unicode_ci;
/*!40101 SET character_set_client = @saved_cs_client */;

--
-- Dumping data for table `sub_category_users`
--

LOCK TABLES `sub_category_users` WRITE;
/*!40000 ALTER TABLE `sub_category_users` DISABLE KEYS */;
/*!40000 ALTER TABLE `sub_category_users` ENABLE KEYS */;
UNLOCK TABLES;

--
-- Table structure for table `translations`
--

DROP TABLE IF EXISTS `translations`;
/*!40101 SET @saved_cs_client     = @@character_set_client */;
/*!50503 SET character_set_client = utf8mb4 */;
CREATE TABLE `translations` (
  `id` bigint unsigned NOT NULL AUTO_INCREMENT,
  `translatable_type` varchar(255) COLLATE utf8mb4_unicode_ci NOT NULL,
  `translatable_id` varchar(36) COLLATE utf8mb4_unicode_ci NOT NULL,
  `locale` varchar(5) COLLATE utf8mb4_unicode_ci NOT NULL,
  `name` varchar(255) COLLATE utf8mb4_unicode_ci DEFAULT NULL,
  `description` text COLLATE utf8mb4_unicode_ci,
  `additional` text COLLATE utf8mb4_unicode_ci,
  `created_at` timestamp NULL DEFAULT NULL,
  `updated_at` timestamp NULL DEFAULT NULL,
  PRIMARY KEY (`id`),
  UNIQUE KEY `translations_translatable_id_translatable_type_locale_unique` (`translatable_id`,`translatable_type`,`locale`),
  KEY `translations_translatable_type_translatable_id_index` (`translatable_type`,`translatable_id`)
) ENGINE=InnoDB AUTO_INCREMENT=355 DEFAULT CHARSET=utf8mb4 COLLATE=utf8mb4_unicode_ci;
/*!40101 SET character_set_client = @saved_cs_client */;

--
-- Dumping data for table `translations`
--

LOCK TABLES `translations` WRITE;
/*!40000 ALTER TABLE `translations` DISABLE KEYS */;
INSERT INTO `translations` VALUES (1,'App\\Models\\Store','1','en','Unictive Media','<p>Description</p>',NULL,'2025-11-03 07:16:13','2025-11-03 07:16:13'),(2,'App\\Models\\Store','1','id','Uniktif Media','<p>Deskripsi</p>',NULL,'2025-11-03 07:16:13','2025-11-03 07:16:13'),(13,'App\\Models\\Store','2','en','Uniktif','<p>Description</p>',NULL,'2025-11-10 10:55:26','2025-11-10 10:55:26'),(14,'App\\Models\\Store','2','id','Uniktif','<p>deskripsi</p>',NULL,'2025-11-10 10:55:26','2025-11-10 10:55:26'),(15,'App\\Models\\Store','3','en','Contoh','<p>tes</p>',NULL,'2025-11-11 03:29:08','2025-11-11 03:29:08'),(16,'App\\Models\\Store','3','id','Contoh Uniktif','<p>tes</p>',NULL,'2025-11-11 03:29:08','2025-11-11 03:29:08'),(27,'App\\Models\\Newsroom','1','en','Test Article 1','<p>This content English</p>',NULL,'2025-11-12 03:18:23','2025-11-12 03:18:23'),(28,'App\\Models\\Newsroom','1','id','Test Artikel 1','<p>Test ini konten Indonesia</p>',NULL,'2025-11-12 03:18:23','2025-11-12 03:18:23'),(51,'App\\Models\\Newsroom','2','en','Celebrating Indonesian Fashion: Tradition Meets Modern Elegance','<p>Indonesia’s fashion industry continues to shine on the global stage, blending rich cultural heritage with contemporary design. From batik and tenun to modern ready-to-wear collections, local designers are redefining style while staying true to their roots.</p><p>At Sarinah, fashion is more than clothing—it is a statement of identity and creativity. Our curated collections highlight sustainable practices, empowering artisans and showcasing the diversity of Indonesian craftsmanship.</p><p><br></p>',NULL,'2025-11-18 10:04:43','2025-11-18 10:04:43'),(52,'App\\Models\\Newsroom','2','id','Merayakan Fashion Indonesia: Tradisi Bertemu Elegansi Modern','<p>Industri fashion Indonesia terus bersinar di panggung global, memadukan kekayaan budaya dengan desain kontemporer. Dari batik dan tenun hingga koleksi siap pakai modern, para desainer lokal mendefinisikan ulang gaya tanpa meninggalkan akar tradisi.</p><p>Di Sarinah, fashion bukan sekadar pakaian—melainkan pernyataan identitas dan kreativitas. Koleksi kami menonjolkan praktik berkelanjutan, memberdayakan para perajin, serta menampilkan keragaman karya tangan Indonesia.</p><p>Musim ini, hadir warna-warna berani, siluet inovatif, dan busana abadi yang mencerminkan tradisi sekaligus modernitas. Baik untuk gaya sehari-hari maupun busana istimewa, Sarinah menghadirkan fashion yang berbicara untuk setiap generasi.</p>',NULL,'2025-11-18 10:04:43','2025-11-18 10:04:43'),(53,'App\\Models\\Newsroom','3','en','Indonesian Fashion Forward: Heritage Inspires Tomorrow’s Trends','<p>Fashion in Indonesia is evolving rapidly, yet it remains deeply rooted in cultural heritage. Designers are reimagining traditional fabrics like batik and ikat into modern silhouettes that resonate with global audiences.</p><p>At Sarinah, we believe fashion is a bridge between generations. Our collections highlight the artistry of local craftsmen while embracing innovation and sustainability. This unique blend ensures that Indonesian fashion is not only timeless but also future-ready.</p><p>Discover pieces that celebrate identity, empower communities, and bring Indonesian creativity to the world stage.</p>',NULL,'2025-11-18 10:05:23','2025-11-18 10:05:23'),(54,'App\\Models\\Newsroom','3','id','Fashion Indonesia Maju: Warisan Menginspirasi Tren Masa Depan','<p>Fashion di Indonesia berkembang pesat, namun tetap berakar kuat pada warisan budaya. Para desainer kini menghadirkan kembali kain tradisional seperti batik dan ikat dalam siluet modern yang mampu menarik perhatian dunia.</p><p>Di Sarinah, kami percaya fashion adalah jembatan antar generasi. Koleksi kami menonjolkan karya para perajin lokal sekaligus merangkul inovasi dan keberlanjutan. Perpaduan unik ini menjadikan fashion Indonesia tidak hanya abadi, tetapi juga siap menghadapi masa depan.</p><p>Temukan busana yang merayakan identitas, memberdayakan komunitas, dan membawa kreativitas Indonesia ke panggung global.</p>',NULL,'2025-11-18 10:05:23','2025-11-18 10:05:23'),(55,'App\\Models\\Newsroom','4','en','Sarinah Style Spotlight: Timeless Fashion for a Modern World','<p>Fashion is a living expression of culture, and Indonesia continues to inspire with its unique blend of tradition and innovation. At Sarinah, we spotlight timeless pieces that honor heritage while embracing the needs of today’s lifestyle.</p><p>Our fashion collections highlight sustainability, creativity, and inclusivity—bringing together artisans, designers, and communities to shape a future where Indonesian fashion stands proudly on the global stage.</p><p>Step into Sarinah and discover styles that are bold, elegant, and authentically Indonesian.</p>',NULL,'2025-11-18 10:05:59','2025-11-18 10:05:59'),(56,'App\\Models\\Newsroom','4','id','Sorotan Gaya Sarinah: Fashion Abadi untuk Dunia Modern','<p>Fashion adalah ekspresi hidup dari budaya, dan Indonesia terus menginspirasi dengan perpaduan unik antara tradisi dan inovasi. Di Sarinah, kami menyoroti busana abadi yang menghormati warisan sekaligus menjawab kebutuhan gaya hidup masa kini.</p><p>Koleksi fashion kami menekankan keberlanjutan, kreativitas, dan inklusivitas—menghubungkan perajin, desainer, dan komunitas untuk membentuk masa depan di mana fashion Indonesia berdiri tegak di panggung global.</p><p>Temukan gaya yang berani, elegan, dan autentik Indonesia hanya di Sarinah.</p>',NULL,'2025-11-18 10:05:59','2025-11-18 10:05:59'),(57,'App\\Models\\Newsroom','5','en','Indonesian Elegance: Fashion That Connects Culture and Modern Living','<p>Fashion in Indonesia is more than style—it is a cultural journey. Each piece tells a story of heritage, from intricate batik patterns to handwoven tenun, now reimagined for modern lifestyles.</p><p>At Sarinah, we celebrate this elegance by curating collections that honor tradition while embracing innovation. Our fashion highlights sustainability, creativity, and inclusivity, ensuring that Indonesian craftsmanship continues to inspire both locally and globally.</p><p><br></p>',NULL,'2025-11-18 10:06:33','2025-11-18 10:06:33'),(58,'App\\Models\\Newsroom','5','id','Elegansi Indonesia: Fashion yang Menyatukan Budaya dan Gaya Hidup Modern','<p>Fashion di Indonesia bukan sekadar gaya—melainkan perjalanan budaya. Setiap busana membawa cerita warisan, dari motif batik yang rumit hingga tenun tangan, kini dihadirkan kembali untuk gaya hidup modern.</p><p>Di Sarinah, kami merayakan elegansi ini dengan menghadirkan koleksi yang menghormati tradisi sekaligus merangkul inovasi. Fashion kami menekankan keberlanjutan, kreativitas, dan inklusivitas, memastikan karya tangan Indonesia terus menginspirasi baik di dalam negeri maupun dunia.</p><p>Masuki dunia di mana budaya bertemu gaya hidup modern, dan temukan fashion yang autentik Indonesia.</p>',NULL,'2025-11-18 10:06:33','2025-11-18 10:06:33'),(59,'App\\Models\\Newsroom','6','en','Threads of Identity: Indonesian Fashion for Every Generation','<p>Fashion in Indonesia is woven with stories of heritage and innovation. From traditional batik to contemporary ready-to-wear, each piece reflects the nation’s evolving identity.</p><p>At Sarinah, we showcase collections that honor artisans while embracing modern design. Our fashion is inclusive, sustainable, and timeless—crafted to inspire confidence across generations.</p><p>Celebrate the beauty of Indonesian fashion and discover styles that connect tradition with today’s world.</p>',NULL,'2025-11-18 10:07:19','2025-11-18 10:07:19'),(60,'App\\Models\\Newsroom','6','id','Benang Identitas: Fashion Indonesia untuk Setiap Generasi','<p>Fashion di Indonesia terjalin dengan kisah warisan dan inovasi. Dari batik tradisional hingga busana siap pakai kontemporer, setiap karya mencerminkan identitas bangsa yang terus berkembang.</p><p>Di Sarinah, kami menghadirkan koleksi yang menghormati perajin sekaligus merangkul desain modern. Fashion kami inklusif, berkelanjutan, dan abadi—diciptakan untuk menumbuhkan rasa percaya diri lintas generasi.</p><p>Rayakan keindahan fashion Indonesia dan temukan gaya yang menyatukan tradisi dengan dunia masa kini.</p>',NULL,'2025-11-18 10:07:19','2025-11-18 10:07:19'),(61,'App\\Models\\Newsroom','7','en','Fashion Horizons: Indonesian Creativity Shaping Global Style','<p>Indonesian fashion is expanding its horizons, bringing local artistry to the global stage. Designers are transforming traditional fabrics into contemporary collections that resonate with modern lifestyles while preserving cultural roots.</p><p>At Sarinah, we highlight this journey by curating fashion that is bold, sustainable, and inclusive. Each piece reflects the creativity of Indonesian artisans and the innovation of today’s design.</p><p>Experience fashion that bridges heritage and modernity, and discover how Indonesia continues to inspire global style.</p>',NULL,'2025-11-18 10:07:56','2025-11-18 10:07:56'),(62,'App\\Models\\Newsroom','7','id','Horizon Fashion: Kreativitas Indonesia Membentuk Gaya Global','<p>Fashion Indonesia terus memperluas cakrawala, menghadirkan karya lokal ke panggung dunia. Para desainer mengubah kain tradisional menjadi koleksi kontemporer yang sesuai dengan gaya hidup modern, sekaligus menjaga akar budaya.</p><p>Di Sarinah, kami menyoroti perjalanan ini dengan menghadirkan fashion yang berani, berkelanjutan, dan inklusif. Setiap busana mencerminkan kreativitas perajin Indonesia dan inovasi desain masa kini.</p><p>Rasakan fashion yang menjembatani warisan dan modernitas, serta temukan bagaimana Indonesia terus menginspirasi gaya global.</p>',NULL,'2025-11-18 10:07:56','2025-11-18 10:07:56'),(63,'App\\Models\\Newsroom','8','en','Empowering Style: Indonesian Fashion with Global Vision','<p>Indonesian fashion is not only about aesthetics—it is about empowerment and vision. From traditional artisans to contemporary designers, each creation reflects resilience, creativity, and cultural pride.</p><p>At Sarinah, we bring together collections that highlight sustainability and inclusivity, ensuring fashion becomes a force for positive change. Our pieces are designed to inspire confidence, celebrate diversity, and showcase Indonesia’s unique voice in the global fashion conversation.</p><p>Discover fashion that empowers, connects, and transforms everyday style into a statement of identity.</p>',NULL,'2025-11-18 10:08:58','2025-11-18 10:08:58'),(64,'App\\Models\\Newsroom','8','id','Gaya yang Memberdayakan: Fashion Indonesia dengan Visi Global','<p>Fashion Indonesia bukan hanya soal estetika—tetapi juga tentang pemberdayaan dan visi. Dari perajin tradisional hingga desainer kontemporer, setiap karya mencerminkan ketangguhan, kreativitas, dan kebanggaan budaya.</p><p>Di Sarinah, kami menghadirkan koleksi yang menekankan keberlanjutan dan inklusivitas, menjadikan fashion sebagai kekuatan untuk perubahan positif. Busana kami dirancang untuk menumbuhkan rasa percaya diri, merayakan keberagaman, dan menampilkan suara unik Indonesia dalam percakapan fashion global.</p><p>Temukan fashion yang memberdayakan, menyatukan, dan mengubah gaya sehari-hari menjadi pernyataan identitas.</p>',NULL,'2025-11-18 10:08:58','2025-11-18 10:08:58'),(65,'App\\Models\\Newsroom','9','en','Crafted in Culture: Indonesian Fashion for the World','<p>Indonesian fashion is a celebration of culture, artistry, and innovation. From handwoven fabrics to modern silhouettes, each creation reflects the nation’s rich heritage while embracing global trends.</p><p>At Sarinah, we curate collections that honor tradition and empower artisans, ensuring sustainability and inclusivity are at the heart of fashion. Our pieces are designed to inspire confidence and showcase Indonesia’s unique voice in the international fashion scene.</p><p>Step into Sarinah and discover fashion that is proudly Indonesian, timeless, and ready for the world.</p>',NULL,'2025-11-18 10:09:36','2025-11-18 10:09:36'),(66,'App\\Models\\Newsroom','9','id','Terlahir dari Budaya: Fashion Indonesia untuk Dunia','<p>Fashion Indonesia adalah perayaan budaya, seni, dan inovasi. Dari kain tenun tangan hingga siluet modern, setiap karya mencerminkan kekayaan warisan bangsa sekaligus merangkul tren global.</p><p>Di Sarinah, kami menghadirkan koleksi yang menghormati tradisi dan memberdayakan perajin, dengan keberlanjutan dan inklusivitas sebagai inti dari fashion. Busana kami dirancang untuk menumbuhkan rasa percaya diri dan menampilkan suara unik Indonesia di panggung internasional.</p><p>Temukan fashion yang autentik, abadi, dan siap mengangkat Indonesia ke dunia.</p>',NULL,'2025-11-18 10:09:36','2025-11-18 10:09:36'),(67,'App\\Models\\Newsroom','10','en','Modern Heritage: Indonesian Fashion Redefining Style','<p>Indonesian fashion is redefining style by merging heritage with modern creativity. Designers are transforming traditional textiles into contemporary collections that resonate with today’s global audience.</p><p>At Sarinah, we celebrate this transformation by curating fashion that is sustainable, inclusive, and timeless. Each piece reflects the artistry of local craftsmen and the innovation of modern design, ensuring Indonesian fashion continues to inspire across generations.</p><p>Discover fashion that honors tradition while embracing the future.</p>',NULL,'2025-11-18 10:10:11','2025-11-18 10:10:11'),(68,'App\\Models\\Newsroom','10','id','Warisan Modern: Fashion Indonesia Mendefinisikan Ulang Gaya','<p>Fashion Indonesia mendefinisikan ulang gaya dengan memadukan warisan budaya dan kreativitas modern. Para desainer mengubah kain tradisional menjadi koleksi kontemporer yang sesuai dengan audiens global masa kini.</p><p>Di Sarinah, kami merayakan transformasi ini dengan menghadirkan fashion yang berkelanjutan, inklusif, dan abadi. Setiap busana mencerminkan karya perajin lokal sekaligus inovasi desain modern, memastikan fashion Indonesia terus menginspirasi lintas generasi.</p><p>Temukan fashion yang menghormati tradisi sekaligus merangkul masa depan.</p>',NULL,'2025-11-18 10:10:11','2025-11-18 10:10:11'),(69,'App\\Models\\Newsroom','11','en','Style with Soul: Indonesian Fashion Beyond Trends','<p>Indonesian fashion is more than seasonal trends—it is a soulful expression of culture and creativity. From hand-dyed batik to innovative ready-to-wear, each design carries meaning and artistry that connects past and present.</p><p>At Sarinah, we highlight collections that embody sustainability and inclusivity, ensuring fashion becomes a platform for empowerment. Our pieces celebrate diversity, inspire confidence, and showcase Indonesia’s unique contribution to the global fashion landscape.</p><p>Discover fashion that speaks to the heart and transcends time.</p>',NULL,'2025-11-18 10:10:52','2025-11-18 10:10:52'),(70,'App\\Models\\Newsroom','11','id','Gaya dengan Jiwa: Fashion Indonesia Melampaui Tren','<p>Fashion Indonesia bukan sekadar tren musiman—melainkan ekspresi jiwa dari budaya dan kreativitas. Dari batik celup tangan hingga busana siap pakai inovatif, setiap desain membawa makna dan seni yang menghubungkan masa lalu dan masa kini.</p><p>Di Sarinah, kami menyoroti koleksi yang mencerminkan keberlanjutan dan inklusivitas, menjadikan fashion sebagai wadah pemberdayaan. Busana kami merayakan keberagaman, menumbuhkan rasa percaya diri, dan menampilkan kontribusi unik Indonesia di panggung fashion global.</p><p>Temukan fashion yang berbicara pada hati dan melampaui waktu.</p>',NULL,'2025-11-18 10:10:52','2025-11-18 10:10:52'),(71,'App\\Models\\Newsroom','12','en','Fashion Legacy: Indonesian Artistry Inspiring the Future','<p>Indonesian fashion carries a legacy of artistry that continues to inspire the future. From handwoven tenun to contemporary collections, each piece reflects the nation’s creativity and resilience.</p><p>At Sarinah, we highlight this legacy by curating fashion that is sustainable, inclusive, and timeless. Our collections empower artisans, celebrate diversity, and showcase Indonesia’s unique identity on the global stage.</p><p>Discover fashion that honors the past while shaping tomorrow’s trends.</p>',NULL,'2025-11-18 10:11:29','2025-11-18 10:11:29'),(72,'App\\Models\\Newsroom','12','id','Warisan Fashion: Seni Indonesia yang Menginspirasi Masa Depan','<p>Fashion Indonesia membawa warisan seni yang terus menginspirasi masa depan. Dari tenun tangan hingga koleksi kontemporer, setiap busana mencerminkan kreativitas dan ketangguhan bangsa.</p><p>Di Sarinah, kami menyoroti warisan ini dengan menghadirkan fashion yang berkelanjutan, inklusif, dan abadi. Koleksi kami memberdayakan perajin, merayakan keberagaman, serta menampilkan identitas unik Indonesia di panggung global.</p><p>Temukan fashion yang menghormati masa lalu sekaligus membentuk tren masa depan.</p>',NULL,'2025-11-18 10:11:29','2025-11-18 10:11:29'),(73,'App\\Models\\Newsroom','13','en','Beyond Fabric: Indonesian Fashion as Cultural Expression','<p>Indonesian fashion goes beyond fabric—it is a cultural expression that tells stories of heritage and innovation. From traditional batik motifs to modern ready-to-wear collections, each design reflects the nation’s evolving identity.</p><p>At Sarinah, we celebrate this expression by curating fashion that is sustainable, inclusive, and timeless. Our collections empower artisans, embrace creativity, and showcase Indonesia’s unique artistry to the world.</p><p>Discover fashion that speaks of culture, inspires confidence, and bridges tradition with modern living.</p>',NULL,'2025-11-18 10:12:06','2025-11-18 10:12:06'),(74,'App\\Models\\Newsroom','13','id','Lebih dari Kain: Fashion Indonesia sebagai Ekspresi Budaya','<p>Fashion Indonesia lebih dari sekadar kain—ia adalah ekspresi budaya yang menceritakan kisah warisan dan inovasi. Dari motif batik tradisional hingga koleksi siap pakai modern, setiap desain mencerminkan identitas bangsa yang terus berkembang.</p><p>Di Sarinah, kami merayakan ekspresi ini dengan menghadirkan fashion yang berkelanjutan, inklusif, dan abadi. Koleksi kami memberdayakan perajin, merangkul kreativitas, serta menampilkan seni unik Indonesia ke dunia.</p><p>Temukan fashion yang berbicara tentang budaya, menumbuhkan rasa percaya diri, dan menjembatani tradisi dengan gaya hidup modern.</p>',NULL,'2025-11-18 10:12:06','2025-11-18 10:12:06'),(75,'App\\Models\\PaymentMethod','1','en','Cash',NULL,NULL,'2025-11-19 07:00:48','2025-11-19 07:00:48'),(76,'App\\Models\\PaymentMethod','1','id','Tunai',NULL,NULL,'2025-11-19 07:00:48','2025-11-19 07:00:48'),(77,'App\\Models\\Category','1','en','Fashion','Celebrate Indonesia\'s style heritage, from timeless batik to contemporary designs. Discover fashion that connects tradition with today\'s lifestyle.',NULL,'2025-11-21 08:26:23','2025-11-23 04:13:53'),(78,'App\\Models\\Category','1','id','Fashion','Rayakan warisan gaya Indonesia, dari batik yang tak lekang oleh waktu hingga desain kontemporer. Temukan fashion yang menghubungkan tradisi dengan gaya hidup masa kini.',NULL,'2025-11-21 08:26:23','2025-11-24 02:20:03'),(79,'App\\Models\\Category','2','en','Food','Discover delicious food selections at Sarinah. Explore diverse tastes and culinary inspirations in one place.',NULL,'2025-11-21 08:27:03','2025-11-24 02:17:04'),(80,'App\\Models\\Category','2','id','Makanan','Temukan pilihan makanan lezat di Sarinah. Jelajahi beragam cita rasa dan inspirasi kuliner dalam satu tempat.',NULL,'2025-11-21 08:27:03','2025-11-24 02:19:41'),(81,'App\\Models\\Category','3','en','Wellness','Boost your health and vitality with Sarinah’s Wellness category. Explore fitness essentials, activewear, and products designed to keep you strong and energized.',NULL,'2025-11-21 08:28:04','2025-11-24 02:19:20'),(82,'App\\Models\\Category','3','id','Kesehatan','Tingkatkan kesehatan dan vitalitas Anda dengan kategori Kesehatan Sarinah. Temukan perlengkapan kebugaran, pakaian aktif, dan produk yang dirancang untuk menjaga tubuh Anda tetap kuat dan bertenaga.',NULL,'2025-11-21 08:28:04','2025-11-24 02:19:20'),(83,'App\\Models\\Category','4','en','Living','Transform your home with Sarinah’s Living category. Discover stylish furniture, décor, and essentials to create comfort and elegance in every room.',NULL,'2025-11-21 08:29:46','2025-11-24 02:21:13'),(84,'App\\Models\\Category','4','id','Hidup','Ubah rumah Anda dengan kategori Hidup Sarinah. Temukan furnitur bergaya, dekorasi, dan kebutuhan penting untuk menciptakan kenyamanan dan keanggunan di setiap ruangan.',NULL,'2025-11-21 08:29:46','2025-11-24 02:21:13'),(85,'App\\Models\\Category','5','en','Men\'s Wear','Upgrade your wardrobe with Sarinah’s Men’s Wear collection. Discover sharp suits, casual essentials, and fashion-forward pieces that define modern masculinity.',NULL,'2025-11-21 08:30:36','2025-11-24 02:22:05'),(86,'App\\Models\\Category','5','id','Pakaian Pria','Perbarui lemari pakaian Anda dengan koleksi Pakaian Pria dari Sarinah. Temukan setelan tajam, item kasual, dan pakaian modis yang mendefinisikan maskulinitas modern.',NULL,'2025-11-21 08:30:36','2025-11-24 02:22:05'),(87,'App\\Models\\Category','6','en','Indonesian Cuisine','Authentic Indonesian dishes such as nasi goreng, rendang, and satay, rich in flavor and tradition.',NULL,'2025-11-21 08:31:32','2025-11-28 06:32:40'),(88,'App\\Models\\Category','6','id','Masakan Indonesia','Hidangan autentik Indonesia seperti nasi goreng, rendang, dan sate, kaya rasa dan tradisi.',NULL,'2025-11-21 08:31:32','2025-11-28 06:32:40'),(89,'App\\Models\\Category','7','en','Fitness & Yoga','Fitness and yoga essentials including mats, resistance bands, and wellness gear.',NULL,'2025-11-21 08:33:34','2025-11-28 07:22:12'),(90,'App\\Models\\Category','7','id','Kebugaran & Yoga','Perlengkapan kebugaran dan yoga termasuk matras, resistance band, dan perlengkapan wellness.',NULL,'2025-11-21 08:33:34','2025-11-28 07:22:12'),(91,'App\\Models\\Category','8','en','Home Decor','Decorative items including wall art, vases, and lighting to enhance your home’s atmosphere.',NULL,'2025-11-21 08:35:14','2025-11-28 07:11:37'),(92,'App\\Models\\Category','8','id','Dekorasi Rumah','Dekorasi rumah termasuk hiasan dinding, vas, dan pencahayaan untuk mempercantik suasana rumah.',NULL,'2025-11-21 08:35:14','2025-11-28 07:11:37'),(93,'App\\Models\\Category','9','en','Grocery','Shop Sarinah’s Grocery category for fresh essentials, pantry staples, and local flavors that bring convenience and taste to your everyday life.',NULL,'2025-11-21 08:38:06','2025-11-24 02:31:21'),(94,'App\\Models\\Category','9','id','Belanjaan','Belanja kategori Grosir Sarinah untuk kebutuhan segar, bahan pokok dapur, dan cita rasa lokal yang membawa kenyamanan dan rasa pada kehidupan sehari-hari Anda.',NULL,'2025-11-21 08:38:06','2025-11-24 02:31:21'),(95,'App\\Models\\Category','10','en','Fresh Produce','Fresh fruits and vegetables sourced daily for healthy living.',NULL,'2025-11-21 08:45:47','2025-11-28 06:55:33'),(96,'App\\Models\\Category','10','id','Hasil Segar','Buah dan sayuran segar setiap hari untuk hidup sehat.',NULL,'2025-11-21 08:45:47','2025-11-28 06:55:33'),(97,'App\\Models\\Category','11','en','Womes\'s Wear','Discover Sarinah’s Women’s Wear collection. From chic dresses to everyday essentials, explore fashion that celebrates elegance and modern femininity.',NULL,'2025-11-21 08:47:26','2025-11-24 02:33:45'),(98,'App\\Models\\Category','11','id','Pakaian Wanita','Temukan koleksi Pakaian Wanita Sarinah. Mulai dari gaun yang chic hingga kebutuhan sehari-hari, jelajahi mode yang merayakan keanggunan dan femininitas modern.',NULL,'2025-11-21 08:47:26','2025-11-24 02:33:45'),(99,'App\\Models\\Category','12','en','Unisex','Discover Sarinah’s Unisex Fashion collection. From casual essentials to statement pieces, explore versatile styles designed for all genders.',NULL,'2025-11-21 08:48:13','2025-11-24 02:34:28'),(100,'App\\Models\\Category','12','id','Unisex','Temukan koleksi fashion unisex Sarinah. Dari kebutuhan sehari-hari hingga pakaian yang menonjol, jelajahi gaya serbaguna yang dirancang untuk semua gender.',NULL,'2025-11-21 08:48:13','2025-11-24 02:34:28'),(101,'App\\Models\\Category','13','en','Asian Delights','Popular Asian meals including sushi, ramen, dim sum, and curry, blending taste and tradition.',NULL,'2025-11-21 08:52:23','2025-11-28 06:34:10'),(102,'App\\Models\\Category','13','id','Hidangan Asia','Hidangan Asia populer seperti sushi, ramen, dim sum, dan kari, memadukan rasa dan tradisi.',NULL,'2025-11-21 08:52:23','2025-11-28 06:34:10'),(103,'App\\Models\\Category','14','en','Pantry Staples','Everyday essentials including rice, flour, oil, and spices for home cooking.',NULL,'2025-11-21 08:55:52','2025-11-28 06:56:57'),(104,'App\\Models\\Category','14','id','Bahan Pokok','Bahan pokok sehari-hari seperti beras, tepung, minyak, dan rempah untuk masakan rumah.',NULL,'2025-11-21 08:55:52','2025-11-28 06:56:57'),(105,'App\\Models\\Category','15','en','Kitchenware','Essential kitchenware including cookware, utensils, and storage solutions for everyday cooking.',NULL,'2025-11-21 08:56:44','2025-11-28 07:13:19'),(106,'App\\Models\\Category','15','id','Peralatan Dapur','Peralatan dapur penting termasuk alat masak, perkakas, dan wadah penyimpanan untuk memasak sehari-hari.',NULL,'2025-11-21 08:56:44','2025-11-28 07:13:19'),(107,'App\\Models\\Category','16','en','Furniture','Stylish and functional furniture for living rooms, bedrooms, and dining spaces.',NULL,'2025-11-21 08:57:26','2025-11-28 07:10:08'),(108,'App\\Models\\Category','16','id','Furnitur','Furnitur bergaya dan fungsional untuk ruang tamu, kamar tidur, dan ruang makan.',NULL,'2025-11-21 08:57:26','2025-11-28 07:10:08'),(111,'App\\Models\\Category','18','en','Supplements','Daily wellness supplements including vitamins, minerals, and herbal blends for better health.',NULL,'2025-11-21 09:18:28','2025-11-28 07:24:14'),(112,'App\\Models\\Category','18','id','Suplemen','Suplemen harian termasuk vitamin, mineral, dan ramuan herbal untuk kesehatan optimal.',NULL,'2025-11-21 09:18:28','2025-11-28 07:24:14'),(113,'App\\Models\\Product','1','en',NULL,NULL,'{\"story\":\"<p>Batik HQ represents the timeless artistry of Indonesian batik. Crafted with traditional techniques and premium materials, it blends cultural heritage with modern fashion, making it a standout piece in men\\u2019s wear.<\\/p>\",\"material\":\"<p>Premium batik fabric (cotton blend)<\\/p>\"}','2025-11-24 10:22:36','2025-12-02 02:42:10'),(114,'App\\Models\\Product','1','id',NULL,NULL,'{\"story\":\"<p>Batik HQ merepresentasikan seni batik Indonesia yang abadi. Dibuat dengan teknik tradisional dan bahan premium, memadukan warisan budaya dengan gaya modern, menjadikannya busana pria yang istimewa.<\\/p>\",\"material\":\"<p>bahan<\\/p>\"}','2025-11-24 10:22:36','2025-12-02 02:42:10'),(115,'App\\Models\\ProductOption','1','en','Color',NULL,'{\"image_text\":null}','2025-11-25 18:38:38','2025-11-25 18:38:38'),(116,'App\\Models\\ProductOption','1','id','Warna',NULL,'{\"image_text\":null}','2025-11-25 18:38:38','2025-11-25 18:38:38'),(117,'App\\Models\\ProductOptionValue','1','en','Black',NULL,NULL,'2025-11-25 18:38:38','2025-11-25 18:38:38'),(118,'App\\Models\\ProductOptionValue','1','id','Hitam',NULL,NULL,'2025-11-25 18:38:38','2025-11-25 18:38:38'),(119,'App\\Models\\ProductOptionValue','2','en','White',NULL,NULL,'2025-11-25 18:38:38','2025-11-25 18:38:38'),(120,'App\\Models\\ProductOptionValue','2','id','Putih',NULL,NULL,'2025-11-25 18:38:38','2025-11-25 18:38:38'),(121,'App\\Models\\ProductOptionValue','3','en','Cream',NULL,NULL,'2025-11-25 18:38:38','2025-11-25 18:38:38'),(122,'App\\Models\\ProductOptionValue','3','id','Krim',NULL,NULL,'2025-11-25 18:38:38','2025-11-25 18:38:38'),(123,'App\\Models\\ProductOptionValue','4','en','Gray',NULL,NULL,'2025-11-25 18:38:38','2025-11-25 18:38:38'),(124,'App\\Models\\ProductOptionValue','4','id','Abu-Abu',NULL,NULL,'2025-11-25 18:38:38','2025-11-25 18:38:38'),(125,'App\\Models\\ProductOptionValue','5','en','Red',NULL,NULL,'2025-11-25 18:38:38','2025-11-25 18:38:38'),(126,'App\\Models\\ProductOptionValue','5','id','Merah',NULL,NULL,'2025-11-25 18:38:38','2025-11-25 18:38:38'),(127,'App\\Models\\ProductOptionValue','6','en','Yellow',NULL,NULL,'2025-11-25 18:38:38','2025-11-25 18:38:38'),(128,'App\\Models\\ProductOptionValue','6','id','Kuning',NULL,NULL,'2025-11-25 18:38:38','2025-11-25 18:38:38'),(129,'App\\Models\\ProductOptionValue','7','en','Green',NULL,NULL,'2025-11-25 18:38:38','2025-11-25 18:38:38'),(130,'App\\Models\\ProductOptionValue','7','id','Hijau',NULL,NULL,'2025-11-25 18:38:38','2025-11-25 18:38:38'),(131,'App\\Models\\ProductOptionValue','8','en','Blue',NULL,NULL,'2025-11-25 18:38:38','2025-11-25 18:38:38'),(132,'App\\Models\\ProductOptionValue','8','id','Biru',NULL,NULL,'2025-11-25 18:38:38','2025-11-25 18:38:38'),(133,'App\\Models\\ProductOptionValue','9','en','Purple',NULL,NULL,'2025-11-25 18:38:38','2025-11-25 18:38:38'),(134,'App\\Models\\ProductOptionValue','9','id','Ungu',NULL,NULL,'2025-11-25 18:38:38','2025-11-25 18:38:38'),(135,'App\\Models\\ProductOption','2','en','Size',NULL,'{\"image_text\":\"Size Chart\"}','2025-11-25 18:39:23','2025-11-25 18:39:23'),(136,'App\\Models\\ProductOption','2','id','Ukuran',NULL,'{\"image_text\":\"Diagram Ukuran\"}','2025-11-25 18:39:23','2025-11-25 18:39:23'),(137,'App\\Models\\ProductOptionValue','10','en','XS',NULL,NULL,'2025-11-25 18:39:23','2025-11-25 18:39:23'),(138,'App\\Models\\ProductOptionValue','10','id','XS',NULL,NULL,'2025-11-25 18:39:23','2025-11-25 18:39:23'),(139,'App\\Models\\ProductOptionValue','11','en','S',NULL,NULL,'2025-11-25 18:39:23','2025-11-25 18:39:23'),(140,'App\\Models\\ProductOptionValue','11','id','S',NULL,NULL,'2025-11-25 18:39:23','2025-11-25 18:39:23'),(141,'App\\Models\\ProductOptionValue','12','en','M',NULL,NULL,'2025-11-25 18:39:23','2025-11-25 18:39:23'),(142,'App\\Models\\ProductOptionValue','12','id','M',NULL,NULL,'2025-11-25 18:39:23','2025-11-25 18:39:23'),(143,'App\\Models\\ProductOptionValue','13','en','L',NULL,NULL,'2025-11-25 18:39:23','2025-11-25 18:39:23'),(144,'App\\Models\\ProductOptionValue','13','id','L',NULL,NULL,'2025-11-25 18:39:23','2025-11-25 18:39:23'),(145,'App\\Models\\ProductOptionValue','14','en','XL',NULL,NULL,'2025-11-25 18:39:23','2025-11-25 18:39:23'),(146,'App\\Models\\ProductOptionValue','14','id','XL',NULL,NULL,'2025-11-25 18:39:23','2025-11-25 18:39:23'),(147,'App\\Models\\Category','19','en','Beauty','Explore our Beauty category featuring premium skincare, makeup, and self-care essentials. Each product is carefully curated to enhance natural radiance, confidence, and everyday wellness.',NULL,'2025-11-26 03:15:47','2025-11-26 03:15:47'),(148,'App\\Models\\Category','19','id','Kecantikan','Jelajahi kategori Beauty kami yang menghadirkan skincare, makeup, dan produk perawatan diri premium. Setiap produk dipilih dengan cermat untuk meningkatkan kilau alami, rasa percaya diri, dan kesehatan sehari-hari.',NULL,'2025-11-26 03:15:47','2025-11-26 03:15:47'),(149,'App\\Models\\Category','20','en','Skincare','Discover our Skincare category featuring premium products for healthy, radiant skin. From cleansers and moisturizers to serums and masks, each item is carefully selected to nourish, protect, and enhance your natural glow.',NULL,'2025-11-26 03:18:42','2025-11-26 03:18:42'),(150,'App\\Models\\Category','20','id','Skincare','Temukan kategori Skincare kami yang menghadirkan produk premium untuk kulit sehat dan bercahaya. Mulai dari pembersih, pelembap, hingga serum dan masker, setiap produk dipilih dengan cermat untuk menutrisi, melindungi, dan meningkatkan kilau alami kulit Anda.',NULL,'2025-11-26 03:18:42','2025-11-26 03:18:42'),(151,'App\\Models\\Category','21','en','Fragrance','Indulge in our Fragrance category featuring premium perfumes and scents. From timeless classics to modern blends, each fragrance is crafted to elevate your style and leave a lasting impression.',NULL,'2025-11-26 03:24:00','2025-11-26 03:24:00'),(152,'App\\Models\\Category','21','id','Fragrance','Nikmati kategori Fragrance kami yang menghadirkan parfum dan aroma premium. Dari klasik abadi hingga racikan modern, setiap wewangian dirancang untuk meningkatkan gaya Anda dan meninggalkan kesan mendalam.',NULL,'2025-11-26 03:24:00','2025-11-26 03:24:00'),(153,'App\\Models\\Category','22','en','Makeup','Discover our Makeup category featuring premium cosmetics for every occasion. From foundations and lipsticks to eyeshadows and blush, each product is designed to enhance natural beauty and express personal style.',NULL,'2025-11-26 03:54:00','2025-11-26 03:54:00'),(154,'App\\Models\\Category','22','id','Makeup','Temukan kategori Makeup kami yang menghadirkan kosmetik premium untuk setiap kesempatan. Mulai dari foundation dan lipstik hingga eyeshadow dan blush, setiap produk dirancang untuk menonjolkan kecantikan alami dan mengekspresikan gaya pribadi.',NULL,'2025-11-26 03:54:00','2025-11-26 03:54:00'),(155,'App\\Models\\Product','7','en',NULL,NULL,'{\"story\":\"<p>The Anthony Edwards Schematic Hoodie combines athletic inspiration with modern streetwear style. Featuring bold schematic graphics and a breathable cotton blend, it\\u2019s designed for comfort and confidence both on and off the court.<\\/p><p><br><\\/p>\",\"feature\":\"<ol><li data-list=\\\"bullet\\\"><span class=\\\"ql-ui\\\" contenteditable=\\\"false\\\"><\\/span>Signature Anthony Edwards schematic design<\\/li><li data-list=\\\"bullet\\\"><span class=\\\"ql-ui\\\" contenteditable=\\\"false\\\"><\\/span>Breathable cotton-poly blend<\\/li><li data-list=\\\"bullet\\\"><span class=\\\"ql-ui\\\" contenteditable=\\\"false\\\"><\\/span>Athletic yet casual fit<\\/li><li data-list=\\\"bullet\\\"><span class=\\\"ql-ui\\\" contenteditable=\\\"false\\\"><\\/span>Durable stitching for long wear<\\/li><\\/ol>\",\"material\":\"<p>70% Cotton, 30% Polyester<\\/p>\"}','2025-11-26 07:36:37','2025-11-26 07:36:37'),(156,'App\\Models\\Product','7','id',NULL,NULL,'{\"story\":\"<p>Anthony Edwards Schematic Hoodie memadukan inspirasi atletik dengan gaya streetwear modern. Dilengkapi grafis skematik yang berani dan bahan katun campuran yang nyaman, dirancang untuk memberikan rasa percaya diri di dalam maupun luar lapangan.<\\/p>\",\"feature\":\"<ol><li data-list=\\\"bullet\\\"><span class=\\\"ql-ui\\\" contenteditable=\\\"false\\\"><\\/span>Desain skematik khas Anthony Edwards<\\/li><li data-list=\\\"bullet\\\"><span class=\\\"ql-ui\\\" contenteditable=\\\"false\\\"><\\/span>Bahan campuran katun-poliester yang nyaman<\\/li><li data-list=\\\"bullet\\\"><span class=\\\"ql-ui\\\" contenteditable=\\\"false\\\"><\\/span>Potongan atletis namun tetap kasual<\\/li><li data-list=\\\"bullet\\\"><span class=\\\"ql-ui\\\" contenteditable=\\\"false\\\"><\\/span>Jahitan kuat untuk pemakaian jangka panjang<\\/li><\\/ol>\",\"material\":\"<p>70% Katun, 30% Poliester<\\/p>\"}','2025-11-26 07:36:37','2025-11-26 07:36:37'),(157,'App\\Models\\Product','2','en',NULL,NULL,'{\"story\":null,\"material\":null}','2025-11-26 07:52:56','2025-11-28 02:09:21'),(158,'App\\Models\\Product','2','id',NULL,NULL,'{\"story\":null,\"material\":null}','2025-11-26 07:52:56','2025-11-28 02:09:21'),(159,'App\\Models\\Product','8','en',NULL,NULL,'{\"story\":\"<p>The Convertible Originals Hoodie Jacket is a classic golf-inspired outerwear piece with a packable hood. Designed to provide lightweight protection in changing weather, it features a timeless adidas Originals style that complements your cold-weather wardrobe.<\\/p>\",\"material\":\"<p>97% Recycled Polyamide, 3% Elastane<\\/p>\"}','2025-11-26 08:15:43','2025-11-27 07:04:16'),(160,'App\\Models\\Product','8','id',NULL,NULL,'{\"story\":\"<p>Jaket Hoodie Convertible Originals adalah outerwear klasik terinspirasi golf dengan tudung yang dapat diringkas. Memberikan perlindungan ringan dalam cuaca yang berubah, dengan gaya adidas Originals yang timeless untuk melengkapi pakaian cuaca dinginmu.<\\/p>\",\"material\":\"<p>97% Poliamida Daur Ulang, 3% Elastane<\\/p>\"}','2025-11-26 08:15:43','2025-11-27 07:04:16'),(161,'App\\Models\\Product','9','en',NULL,NULL,'{\"story\":\"<p>The Aeromotion Jacket is a versatile training layer designed to keep you moving in cool weather. Featuring full-zip design with hood, moisture-absorbing AEROREADY technology, and minimalist silhouette, it pairs perfectly with track pants, tights, or shorts. Made with Primegreen recycled materials for sustainable performance.<\\/p>\",\"material\":\"<p>100% Recycled Polyester<\\/p>\"}','2025-11-26 08:23:48','2025-11-27 07:06:50'),(162,'App\\Models\\Product','9','id',NULL,NULL,'{\"story\":null,\"material\":null}','2025-11-26 08:23:48','2025-11-27 07:06:50'),(163,'App\\Models\\Product','10','en',NULL,NULL,'{\"story\":\"<p>The Anthony Edwards Schematic Hoodie combines athletic inspiration with modern streetwear style. Featuring bold schematic graphics and a breathable cotton blend, it\\u2019s designed for comfort and confidence both on and off the court.<\\/p>\",\"material\":\"<p>70% Cotton, 30% Polyester<\\/p>\"}','2025-11-26 08:37:28','2025-11-27 07:08:58'),(164,'App\\Models\\Product','10','id',NULL,NULL,'{\"story\":\"<p>Anthony Edwards Schematic Hoodie memadukan inspirasi atletik dengan gaya streetwear modern. Dilengkapi grafis skematik yang berani dan bahan katun campuran yang nyaman, dirancang untuk memberikan rasa percaya diri di dalam maupun luar lapangan.<\\/p>\",\"material\":\"<p>70% Katun, 30% Poliester<\\/p>\"}','2025-11-26 08:37:28','2025-11-27 07:08:58'),(165,'App\\Models\\Product','11','en',NULL,NULL,'{\"story\":\"<p>The adidas by Stella McCartney Peplum Hoodie blends sporty DNA with feminine elegance. Featuring a loose fit and adjustable peplum hem, it offers versatile styling for running, training, or casual outings. Crafted with organic cotton and recycled polyester for sustainable comfort.<\\/p>\",\"material\":\"<p>60% Organic Cotton, 40% Recycled Polyester<\\/p>\"}','2025-11-26 08:46:50','2025-11-27 07:10:27'),(166,'App\\Models\\Product','11','id',NULL,NULL,'{\"story\":\"<p>Hoodie Peplum adidas by Stella McCartney memadukan DNA sporty dengan sentuhan feminin elegan. Dengan potongan longgar dan keliman peplum yang dapat disesuaikan, hoodie ini serbaguna untuk lari, latihan, maupun gaya santai. Dibuat dari katun organik dan poliester daur ulang untuk kenyamanan berkelanjutan.<\\/p>\",\"material\":\"<p>60% Katun Organik, 40% Poliester Daur Ulang<\\/p>\"}','2025-11-26 08:46:50','2025-11-27 07:10:27'),(167,'App\\Models\\Product','12','en',NULL,NULL,'{\"story\":\"<p>The Terrex Graphic Tee is crafted for outdoor enthusiasts who value comfort and style. Made with soft single jersey cotton, it offers a breathable fit for all-day wear. The bold back graphic highlights adidas\\u2019 dedication to outdoor adventure.<\\/p>\",\"material\":\"<p>100% Cotton (Better Cotton initiative)<\\/p>\"}','2025-11-26 08:53:42','2025-11-27 07:13:40'),(168,'App\\Models\\Product','12','id',NULL,NULL,'{\"story\":\"<p>Terrex Graphic Tee dibuat untuk pencinta outdoor yang mengutamakan kenyamanan dan gaya. Terbuat dari katun single jersey yang lembut, memberikan kenyamanan bernapas untuk dipakai seharian. Graphic berani di bagian belakang menegaskan dedikasi adidas pada petualangan outdoor.<\\/p>\",\"material\":\"<p>100% Katun (Better Cotton initiative)<\\/p>\"}','2025-11-26 08:53:42','2025-11-27 07:13:40'),(169,'App\\Models\\Product','13','en',NULL,NULL,'{\"story\":\"<p>The adidas Dropset 2 Trainer is built for strength training and stability. With a low midsole drop and wide base, it provides a solid foundation for squats, deadlifts, and high-intensity workouts. Breathable mesh upper and durable rubber outsole ensure comfort and grip during every session.<\\/p>\",\"material\":\"<p> Textile upper, Rubber outsole<\\/p>\"}','2025-11-26 09:03:07','2025-11-27 07:15:31'),(170,'App\\Models\\Product','13','id',NULL,NULL,'{\"story\":\"<p>adidas Dropset 2 Trainer dirancang untuk latihan kekuatan dan stabilitas. Dengan midsole drop rendah dan alas yang lebar, sepatu ini memberikan fondasi kokoh untuk squat, deadlift, dan latihan intensitas tinggi. Upper mesh yang bernapas dan outsole karet yang tahan lama memastikan kenyamanan serta grip di setiap sesi.<\\/p>\",\"material\":\"<p>Upper tekstil, Outsole karet<\\/p>\"}','2025-11-26 09:03:07','2025-11-27 07:15:31'),(171,'App\\Models\\Product','14','en',NULL,NULL,'{\"story\":\"<p>A modern reinterpretation of traditional abayas, this adidas extra-long cover-up blends soft recycled polyester with renewable materials. Designed in collaboration with Saudi luxury fashion label KAF BY KAF, it features a relaxed fit, open front, and sporty rubber-print 3-Stripes for versatile layering.<\\/p>\",\"material\":\"<p>100% recycled polyester<\\/p>\"}','2025-11-27 03:12:33','2025-11-27 07:17:27'),(172,'App\\Models\\Product','14','id',NULL,NULL,'{\"story\":\"<p>Sebuah reinterpretasi modern dari abaya tradisional, cover-up ekstra panjang adidas ini memadukan poliester daur ulang dengan material terbarukan. Dirancang bersama label mewah asal Saudi, KAF BY KAF, tampil dengan potongan longgar, bagian depan terbuka, serta detail sporty 3-Stripes untuk gaya berlapis yang serbaguna.<\\/p><p><br><\\/p>\",\"material\":\"<p>100% recycled polyester<\\/p>\"}','2025-11-27 03:12:33','2025-11-27 07:17:27'),(173,'App\\Models\\Product','15','en',NULL,NULL,'{\"story\":\"<p>Classic plays well everywhere. This adidas golf polo pairs stripe details with a regular cut and stretch jersey for distraction-free rounds. Made with recycled polyester and elastane, it offers comfort and sustainability for every game.<\\/p>\",\"material\":\"<p>89% polyester (recycled), 11% elastane \\u2013 single jersey<\\/p>\"}','2025-11-27 03:17:07','2025-11-27 07:19:05'),(174,'App\\Models\\Product','15','id',NULL,NULL,'{\"story\":\"<p>Klasik cocok di mana saja. Polo golf adidas ini memadukan detail garis dengan potongan reguler dan bahan jersey elastis untuk permainan tanpa gangguan. Terbuat dari poliester daur ulang dan elastane, memberikan kenyamanan sekaligus keberlanjutan di setiap permainan.<\\/p>\",\"material\":\"<p>89% polyester (recycled), 11% elastane \\u2013 single jersey<\\/p>\"}','2025-11-27 03:17:07','2025-11-27 07:19:05'),(175,'App\\Models\\Product','16','en',NULL,NULL,'{\"story\":\"<p>You don\\u2019t win first by thinking twice. This Nike Basketball T-Shirt is crafted from midweight cotton for everyday comfort. Featuring the iconic \\u201cJust Do It\\u201d slogan, it\\u2019s a sure thing for versatile styling both on and off the court.<\\/p>\",\"material\":\"<p>100% Cotton (midweight)<\\/p>\"}','2025-11-27 03:32:23','2025-11-27 07:21:04'),(176,'App\\Models\\Product','16','id',NULL,NULL,'{\"story\":\"<p>Kamu tidak akan jadi juara dengan ragu-ragu. T-Shirt Nike Basketball ini dibuat dari katun midweight untuk kenyamanan sehari-hari. Dengan slogan ikonik \\u201cJust Do It\\u201d, kaos ini pasti cocok untuk gaya serbaguna di dalam maupun luar lapangan.<\\/p>\",\"material\":\"<p>100% Cotton (midweight)<\\/p>\"}','2025-11-27 03:32:23','2025-11-27 07:21:04'),(177,'App\\Models\\Product','17','en',NULL,NULL,'{\"story\":\"<p>You don\\u2019t win first by thinking twice. This Nike SB Skate Tee is crafted from midweight cotton for everyday comfort. Featuring the iconic \\u201cJust Do It\\u201d slogan, it\\u2019s a sure thing for versatile styling both on and off the board.<\\/p>\",\"material\":\"<p>100% Cotton (midweight)<\\/p>\"}','2025-11-27 03:37:14','2025-11-27 07:27:10'),(178,'App\\Models\\Product','17','id',NULL,NULL,'{\"story\":\"<p>Kamu tidak akan jadi juara dengan ragu-ragu. T-Shirt Nike SB Skate ini dibuat dari katun midweight untuk kenyamanan sehari-hari. Dengan slogan ikonik \\u201cJust Do It\\u201d, kaos ini pasti cocok untuk gaya serbaguna di atas maupun di luar papan skate.<\\/p>\",\"material\":\"<p>100% Cotton (midweight)<\\/p>\"}','2025-11-27 03:37:14','2025-11-27 07:27:10'),(179,'App\\Models\\Product','18','en',NULL,NULL,'{\"story\":\"<p>A versatile unisex fleece t-shirt from Nike in a fresh coral tone. Designed for everyday comfort, this casual tee combines sporty style with soft fabric, making it perfect for layering or wearing solo.<\\/p>\",\"material\":\"<p>Fleece cotton blend<\\/p>\"}','2025-11-27 06:23:46','2025-11-27 07:28:59'),(180,'App\\Models\\Product','18','id',NULL,NULL,'{\"story\":\"<p>T-shirt fleece unisex dari Nike dengan warna coral yang segar. Dirancang untuk kenyamanan sehari-hari, kaos kasual ini memadukan gaya sporty dengan bahan lembut, cocok dipakai berlapis maupun sendiri.<\\/p>\",\"material\":\"<p>Fleece cotton blend<\\/p>\"}','2025-11-27 06:23:46','2025-11-27 07:28:59'),(181,'App\\Models\\Product','19','en',NULL,NULL,'{\"story\":\"<p>A timeless essential from Nike, this unisex premium t-shirt in crisp white offers everyday comfort and versatile style. Crafted from soft cotton fabric, it\\u2019s perfect for layering or wearing solo, making it a wardrobe staple.<\\/p>\",\"material\":\"<p>100% Cotton<\\/p>\"}','2025-11-27 06:35:32','2025-11-27 07:30:45'),(182,'App\\Models\\Product','19','id',NULL,NULL,'{\"story\":\"<p>Esensial klasik dari Nike, t-shirt premium unisex berwarna putih ini memberikan kenyamanan sehari-hari dan gaya serbaguna. Dibuat dari bahan katun lembut, cocok dipakai berlapis maupun sendiri, menjadikannya item wajib di lemari pakaian.<\\/p>\",\"material\":\"<p>100% Cotton<\\/p>\"}','2025-11-27 06:35:32','2025-11-27 07:30:45'),(183,'App\\Models\\Product','20','en',NULL,NULL,'{\"story\":\"<p>A relaxed oversized t-shirt from Nike featuring the iconic mini swoosh logo. Crafted in soft cotton with a bold alligator green tone, this unisex tee delivers everyday comfort and effortless style.<\\/p>\",\"material\":\"<p>100% Cotton<\\/p>\"}','2025-11-27 06:40:26','2025-11-27 06:57:14'),(184,'App\\Models\\Product','20','id',NULL,NULL,'{\"story\":\"<p>T-shirt oversized dari Nike dengan logo mini swoosh ikonik. Dibuat dari katun lembut dengan warna hijau alligator yang berani, kaos unisex ini menghadirkan kenyamanan sehari-hari dan gaya kasual yang mudah dipadukan.<\\/p>\",\"material\":\"<p>100% Cotton<\\/p>\"}','2025-11-27 06:40:26','2025-11-27 06:57:14'),(185,'App\\Models\\ProductFeature','1','en',NULL,NULL,'{\"text\":\"Convertible design with packable hood\\nLightweight outerwear for versatile weather protection\"}','2025-11-27 07:04:16','2025-11-27 07:04:16'),(186,'App\\Models\\ProductFeature','1','id',NULL,NULL,'{\"text\":\"Desain convertible dengan tudung yang dapat dilipat\\nOuterwear ringan untuk perlindungan cuaca yang fleksibel\"}','2025-11-27 07:04:16','2025-11-27 07:04:16'),(187,'App\\Models\\ProductFeature','2','en',NULL,NULL,'{\"text\":\"Timeless adidas Originals styling\\nSustainable fabric blend with recycled polyamide\"}','2025-11-27 07:04:16','2025-11-27 07:04:16'),(188,'App\\Models\\ProductFeature','2','id',NULL,NULL,'{\"text\":\"Gaya adidas Originals yang klasik\\nBahan berkelanjutan dengan poli-amida daur ulang\"}','2025-11-27 07:04:16','2025-11-27 07:04:16'),(189,'App\\Models\\ProductFeature','3','en',NULL,NULL,'{\"text\":\"Full-zip design with hood\\nMoisture-absorbing AEROREADY technology\"}','2025-11-27 07:06:50','2025-11-27 07:06:50'),(190,'App\\Models\\ProductFeature','3','id',NULL,NULL,'{\"text\":\"Desain full-zip dengan hoodie\\nTeknologi AEROREADY penyerap kelembapan\"}','2025-11-27 07:06:50','2025-11-27 07:06:50'),(191,'App\\Models\\ProductFeature','4','en',NULL,NULL,'{\"text\":\"Minimalist silhouette for versatile styling\\nMade with Primegreen recycled materials\"}','2025-11-27 07:06:50','2025-11-27 07:06:50'),(192,'App\\Models\\ProductFeature','4','id',NULL,NULL,'{\"text\":\"Siluet minimalis untuk gaya serbaguna\\nTerbuat dari material daur ulang Primegreen\"}','2025-11-27 07:06:50','2025-11-27 07:06:50'),(193,'App\\Models\\ProductFeature','5','en',NULL,NULL,'{\"text\":\"Bold schematic basketball-inspired graphics\\nSoft cotton blend for breathable comfort\"}','2025-11-27 07:08:57','2025-11-27 07:08:57'),(194,'App\\Models\\ProductFeature','5','id',NULL,NULL,'{\"text\":\"Grafis skematik terinspirasi basket yang berani\\nCampuran katun lembut untuk kenyamanan bernapas\"}','2025-11-27 07:08:57','2025-11-27 07:08:57'),(195,'App\\Models\\ProductFeature','6','en',NULL,NULL,'{\"text\":\"Streetwear silhouette with athletic edge\\nDesigned for versatile wear on and off the court\"}','2025-11-27 07:08:58','2025-11-27 07:08:58'),(196,'App\\Models\\ProductFeature','6','id',NULL,NULL,'{\"text\":\"Siluet streetwear dengan sentuhan atletik\\nDirancang untuk gaya serbaguna di dalam maupun luar lapangan\"}','2025-11-27 07:08:58','2025-11-27 07:08:58'),(197,'App\\Models\\ProductFeature','7','en',NULL,NULL,'{\"text\":\"Loose fit with adjustable peplum hem\\nFeminine silhouette with sporty adidas DNA\"}','2025-11-27 07:10:27','2025-11-27 07:10:27'),(198,'App\\Models\\ProductFeature','7','id',NULL,NULL,'{\"text\":\"Potongan longgar dengan hem peplum yang dapat disesuaikan\\nSiluet feminin dengan DNA sporty adidas\"}','2025-11-27 07:10:27','2025-11-27 07:10:27'),(199,'App\\Models\\ProductFeature','8','en',NULL,NULL,'{\"text\":\"Sustainable fabric blend of organic cotton and recycled polyester\\nVersatile styling for training, running, or casual wear\"}','2025-11-27 07:10:27','2025-11-27 07:10:27'),(200,'App\\Models\\ProductFeature','8','id',NULL,NULL,'{\"text\":\"Campuran bahan berkelanjutan: katun organik dan poliester daur ulang\\nGaya serbaguna untuk latihan, berlari, atau aktivitas kasual\"}','2025-11-27 07:10:27','2025-11-27 07:10:27'),(201,'App\\Models\\ProductFeature','9','en',NULL,NULL,'{\"text\":\"Soft single jersey cotton for breathable comfort\\nOutdoor-inspired bold back graphic\"}','2025-11-27 07:13:40','2025-11-27 07:13:40'),(202,'App\\Models\\ProductFeature','9','id',NULL,NULL,'{\"text\":\"Katun single jersey lembut untuk kenyamanan bernapas\\nGrafis belakang tegas terinspirasi outdoor\"}','2025-11-27 07:13:40','2025-11-27 07:13:40'),(203,'App\\Models\\ProductFeature','10','en',NULL,NULL,'{\"text\":\"Casual fit suitable for everyday wear\\nPart of adidas\\u2019 Better Cotton initiative\"}','2025-11-27 07:13:40','2025-11-27 07:13:40'),(204,'App\\Models\\ProductFeature','10','id',NULL,NULL,'{\"text\":\"Potongan kasual cocok untuk pemakaian sehari-hari\\nBagian dari inisiatif Better Cotton adidas\"}','2025-11-27 07:13:40','2025-11-27 07:13:40'),(205,'App\\Models\\ProductFeature','11','en',NULL,NULL,'{\"text\":\"Low midsole drop for enhanced stability\\nWide base ideal for squats and deadlifts\"}','2025-11-27 07:15:31','2025-11-27 07:15:31'),(206,'App\\Models\\ProductFeature','11','id',NULL,NULL,'{\"text\":\"Midsole drop rendah untuk stabilitas maksimal\\nAlas lebar ideal untuk squat dan deadlift\"}','2025-11-27 07:15:31','2025-11-27 07:15:31'),(207,'App\\Models\\ProductFeature','12','en',NULL,NULL,'{\"text\":\"Breathable mesh upper for ventilation\\nDurable rubber outsole for grip and longevity\"}','2025-11-27 07:15:31','2025-11-27 07:15:31'),(208,'App\\Models\\ProductFeature','12','id',NULL,NULL,'{\"text\":\"Upper berbahan mesh bernapas untuk ventilasi\\nOutsole karet tahan lama untuk cengkeraman dan ketahanan\"}','2025-11-27 07:15:31','2025-11-27 07:15:31'),(209,'App\\Models\\ProductFeature','13','en',NULL,NULL,'{\"text\":\"Collaboration with Saudi luxury label KAF BY KAF\\nRelaxed fit with open front design\"}','2025-11-27 07:17:27','2025-11-27 07:17:27'),(210,'App\\Models\\ProductFeature','13','id',NULL,NULL,'{\"text\":\"Kolaborasi dengan label mewah asal Saudi, KAF BY KAF\\nPotongan longgar dengan desain depan terbuka\"}','2025-11-27 07:17:27','2025-11-27 07:17:27'),(211,'App\\Models\\ProductFeature','14','en',NULL,NULL,'{\"text\":\"Sporty rubber-print 3-Stripes for versatile layering\\nSustainable blend of recycled and renewable materials\"}','2025-11-27 07:17:27','2025-11-27 07:17:27'),(212,'App\\Models\\ProductFeature','14','id',NULL,NULL,'{\"text\":\"Detail sporty 3-Stripes berbahan rubber-print untuk gaya berlapis serbaguna\\nCampuran berkelanjutan dari material daur ulang dan terbarukan\"}','2025-11-27 07:17:27','2025-11-27 07:17:27'),(213,'App\\Models\\ProductFeature','15','en',NULL,NULL,'{\"text\":\"Regular fit for distraction-free play\\nStretch jersey fabric for comfort and flexibility\"}','2025-11-27 07:19:04','2025-11-27 07:19:04'),(214,'App\\Models\\ProductFeature','15','id',NULL,NULL,'{\"text\":\"Potongan reguler untuk permainan tanpa gangguan\\nBahan jersey elastis untuk kenyamanan dan fleksibilitas\"}','2025-11-27 07:19:04','2025-11-27 07:19:04'),(215,'App\\Models\\ProductFeature','16','en',NULL,NULL,'{\"text\":\"Striped detail adds classic golf style\\nMade with recycled polyester for sustainability\"}','2025-11-27 07:19:05','2025-11-27 07:19:05'),(216,'App\\Models\\ProductFeature','16','id',NULL,NULL,'{\"text\":\"Detail garis menambah gaya golf klasik\\nTerbuat dari poliester daur ulang untuk keberlanjutan\"}','2025-11-27 07:19:05','2025-11-27 07:19:05'),(217,'App\\Models\\ProductFeature','17','en',NULL,NULL,'{\"text\":\"Iconic \\u201cJust Do It\\u201d slogan print\\nMidweight cotton for everyday comfort\"}','2025-11-27 07:21:04','2025-11-27 07:21:04'),(218,'App\\Models\\ProductFeature','17','id',NULL,NULL,'{\"text\":\"Cetakan slogan ikonik \\u201cJust Do It\\u201d\\nKatun midweight untuk kenyamanan sehari-hari\"}','2025-11-27 07:21:04','2025-11-27 07:21:04'),(219,'App\\Models\\ProductFeature','18','en',NULL,NULL,'{\"text\":\"Unisex design suitable for versatile styling\\nCasual fit for on and off the court\"}','2025-11-27 07:21:04','2025-11-27 07:21:04'),(220,'App\\Models\\ProductFeature','18','id',NULL,NULL,'{\"text\":\"Desain unisex cocok untuk gaya serbaguna\\nPotongan kasual untuk dipakai di dalam maupun luar lapangan\"}','2025-11-27 07:21:04','2025-11-27 07:21:04'),(221,'App\\Models\\ProductFeature','19','en',NULL,NULL,'{\"text\":\"Iconic \\u201cJust Do It\\u201d slogan print\\nMidweight cotton for everyday comfort\"}','2025-11-27 07:27:10','2025-11-27 07:27:10'),(222,'App\\Models\\ProductFeature','19','id',NULL,NULL,'{\"text\":\"Cetakan slogan ikonik \\u201cJust Do It\\u201d\\nKatun midweight untuk kenyamanan sehari-hari\"}','2025-11-27 07:27:10','2025-11-27 07:27:10'),(223,'App\\Models\\ProductFeature','20','en',NULL,NULL,'{\"text\":\"Unisex design for versatile styling\\nCasual fit suitable for skateboarding and daily wear\"}','2025-11-27 07:27:10','2025-11-27 07:27:10'),(224,'App\\Models\\ProductFeature','20','id',NULL,NULL,'{\"text\":\"Desain unisex untuk gaya serbaguna\\nPotongan kasual cocok untuk skateboarding maupun pemakaian harian\"}','2025-11-27 07:27:10','2025-11-27 07:27:10'),(225,'App\\Models\\ProductFeature','21','en',NULL,NULL,'{\"text\":\"Soft fleece cotton blend for comfort\\nCasual sporty design suitable for layering\"}','2025-11-27 07:28:59','2025-11-27 07:28:59'),(226,'App\\Models\\ProductFeature','21','id',NULL,NULL,'{\"text\":\"Campuran katun fleece lembut untuk kenyamanan\\nDesain sporty kasual cocok untuk layering\"}','2025-11-27 07:28:59','2025-11-27 07:28:59'),(227,'App\\Models\\ProductFeature','22','en',NULL,NULL,'{\"text\":\"Unisex fit for versatile styling\\nExclusive coral tone for standout look\"}','2025-11-27 07:28:59','2025-11-27 07:28:59'),(228,'App\\Models\\ProductFeature','22','id',NULL,NULL,'{\"text\":\"Potongan unisex untuk gaya serbaguna\\nWarna coral eksklusif untuk tampilan menonjol\"}','2025-11-27 07:28:59','2025-11-27 07:28:59'),(229,'App\\Models\\ProductFeature','23','en',NULL,NULL,'{\"text\":\"Soft cotton fabric for everyday comfort\\nTimeless design suitable for layering or solo wear\"}','2025-11-27 07:30:45','2025-11-27 07:30:45'),(230,'App\\Models\\ProductFeature','23','id',NULL,NULL,'{\"text\":\"Bahan katun lembut untuk kenyamanan sehari-hari\\nDesain klasik cocok dipakai berlapis maupun sendiri\"}','2025-11-27 07:30:45','2025-11-27 07:30:45'),(231,'App\\Models\\ProductFeature','24','en',NULL,NULL,'{\"text\":\"Unisex fit for versatile styling\\nPremium essentials collection from Nike\"}','2025-11-27 07:30:45','2025-11-27 07:30:45'),(232,'App\\Models\\ProductFeature','24','id',NULL,NULL,'{\"text\":\"Potongan unisex untuk gaya serbaguna\\nKoleksi premium essentials dari Nike\"}','2025-11-27 07:30:45','2025-11-27 07:30:45'),(233,'App\\Models\\ProductFeature','25','en',NULL,NULL,'{\"text\":\"Oversized fit for relaxed comfort\\nIconic mini swoosh logo on chest\"}','2025-11-27 07:32:31','2025-11-27 07:32:31'),(234,'App\\Models\\ProductFeature','25','id',NULL,NULL,'{\"text\":\"Potongan oversized untuk kenyamanan santai\\nLogo mini swoosh ikonik di bagian dada\"}','2025-11-27 07:32:31','2025-11-27 07:32:31'),(235,'App\\Models\\ProductFeature','26','en',NULL,NULL,'{\"text\":\"Soft cotton fabric for everyday wear\\nUnisex design suitable for all genders\"}','2025-11-27 07:32:31','2025-11-27 07:32:31'),(236,'App\\Models\\ProductFeature','26','id',NULL,NULL,'{\"text\":\"Bahan katun lembut untuk pemakaian sehari-hari\\nDesain unisex cocok untuk semua gender\"}','2025-11-27 07:32:31','2025-11-27 07:32:31'),(237,'App\\Models\\Product','21','en',NULL,NULL,'{\"story\":\"<p>You don\\u2019t win first by thinking twice. This Nike Tennis T-Shirt is crafted from midweight cotton for everyday wear. Featuring the iconic \\u201cJust Do It\\u201d slogan, it delivers effortless style and comfort on and off the court.<\\/p>\",\"material\":\"<p>100% Cotton (midweight)<\\/p>\"}','2025-11-27 08:03:41','2025-11-27 08:03:41'),(238,'App\\Models\\Product','21','id',NULL,NULL,'{\"story\":\"<p>Kamu tidak akan jadi juara dengan ragu-ragu. T-Shirt Nike Tennis ini dibuat dari katun midweight untuk pemakaian sehari-hari. Dengan slogan ikonik \\u201cJust Do It\\u201d, kaos ini menghadirkan gaya kasual dan kenyamanan baik di dalam maupun luar lapangan.<\\/p>\",\"material\":\"<p>100% Cotton (midweight)<\\/p>\"}','2025-11-27 08:03:41','2025-11-27 08:03:41'),(239,'App\\Models\\ProductFeature','27','en',NULL,NULL,'{\"text\":\"Iconic \\u201cJust Do It\\u201d slogan print\\nMidweight cotton for everyday comfort\"}','2025-11-27 08:05:25','2025-11-27 08:05:25'),(240,'App\\Models\\ProductFeature','27','id',NULL,NULL,'{\"text\":\"Unisex fit suitable for versatile styling\\nCasual sporty design for tennis and daily wear\"}','2025-11-27 08:05:25','2025-11-27 08:05:25'),(241,'App\\Models\\ProductFeature','28','en',NULL,NULL,'{\"text\":\"Unisex fit suitable for versatile styling\\nCasual sporty design for tennis and daily wear\"}','2025-11-27 08:05:25','2025-11-27 08:05:25'),(242,'App\\Models\\ProductFeature','28','id',NULL,NULL,'{\"text\":\"Potongan unisex cocok untuk gaya serbaguna\\nDesain sporty kasual untuk tenis maupun pemakaian harian\"}','2025-11-27 08:05:25','2025-11-27 08:05:25'),(243,'App\\Models\\Product','22','en',NULL,NULL,'{\"story\":\"<p>This oversized woven jacket from Nike is designed with extra room through the body for relaxed comfort. Featuring water-repellent and UV-blocking fabric, it provides reliable coverage from the elements. The Blue Ribbon Sports logo pays homage to Nike\\u2019s heritage.<\\/p>\",\"material\":\"<p>100% Woven Polyester<\\/p>\"}','2025-11-27 08:10:09','2025-11-27 08:10:09'),(244,'App\\Models\\Product','22','id',NULL,NULL,'{\"story\":\"<p>Jaket woven oversized dari Nike dirancang dengan potongan ekstra longgar untuk kenyamanan santai. Dengan bahan tahan air dan pelindung UV, jaket ini memberikan perlindungan andal dari cuaca. Logo Blue Ribbon Sports menghadirkan penghormatan pada warisan Nike.<\\/p>\",\"material\":\"<p>100% Woven Polyester<\\/p>\"}','2025-11-27 08:10:09','2025-11-27 08:10:09'),(245,'App\\Models\\ProductFeature','29','en',NULL,NULL,'{\"text\":\"Oversized fit for relaxed comfort\\nWater-repellent and UV-blocking fabric\\n\\n\"}','2025-11-27 08:14:30','2025-11-27 08:14:30'),(246,'App\\Models\\ProductFeature','29','id',NULL,NULL,'{\"text\":\"Potongan oversized untuk kenyamanan santai\\nBahan tahan air dan pelindung UV\"}','2025-11-27 08:14:30','2025-11-27 08:14:30'),(247,'App\\Models\\ProductFeature','30','en',NULL,NULL,'{\"text\":\"Blue Ribbon Sports heritage logo detail\\nLightweight woven polyester for versatile wear\"}','2025-11-27 08:14:30','2025-11-27 08:14:30'),(248,'App\\Models\\ProductFeature','30','id',NULL,NULL,'{\"text\":\"Detail logo Blue Ribbon Sports sebagai penghormatan heritage\\nPoliester woven ringan untuk pemakaian serbaguna\"}','2025-11-27 08:14:30','2025-11-27 08:14:30'),(249,'App\\Models\\ProductFeature','31','en',NULL,NULL,'{\"text\":\"Sweat-wicking Dri-FIT technology for dryness\\nVentilation features to keep you cool\"}','2025-11-27 08:22:58','2025-11-27 08:22:58'),(250,'App\\Models\\ProductFeature','31','id',NULL,NULL,'{\"text\":\"Teknologi Dri-FIT penyerap keringat agar tetap kering\\nFitur ventilasi untuk menjaga tubuh tetap sejuk\"}','2025-11-27 08:22:58','2025-11-27 08:22:58'),(251,'App\\Models\\ProductFeature','32','en',NULL,NULL,'{\"text\":\"Easy-fitting silhouette for running comfort\\nLightweight woven fabric for long-distance wear\"}','2025-11-27 08:22:58','2025-11-27 08:22:58'),(252,'App\\Models\\ProductFeature','32','id',NULL,NULL,'{\"text\":\"Siluet longgar untuk kenyamanan berlari\\nKain woven ringan untuk pemakaian jarak jauh\"}','2025-11-27 08:22:58','2025-11-27 08:22:58'),(253,'App\\Models\\Product','23','en',NULL,NULL,'{\"story\":\"<p>Log your miles feeling comfortable in this easy-fitting Nike running jacket. Made with smooth woven fabric featuring sweat-wicking technology and ventilation details, it keeps you cool and confident for long-distance runs.<\\/p>\",\"material\":\"<p>Smooth woven polyester with Dri-FIT technology<\\/p>\"}','2025-11-27 08:22:58','2025-11-27 08:22:58'),(254,'App\\Models\\Product','23','id',NULL,NULL,'{\"story\":\"<p>Catat setiap kilometer dengan nyaman menggunakan jaket lari Nike ini. Dibuat dari kain woven halus dengan teknologi penyerap keringat dan detail ventilasi, menjaga tubuh tetap sejuk dan percaya diri saat berlari jarak jauh.<\\/p>\",\"material\":\"<p>Smooth woven polyester with Dri-FIT technology<\\/p>\"}','2025-11-27 08:22:58','2025-11-27 08:22:58'),(257,'App\\Models\\ProductFeature','33','en',NULL,NULL,'{\"text\":\"Sweat-wicking Dri-FIT technology for dryness\\nUV-blocking fabric for sun protection\"}','2025-11-27 08:30:04','2025-11-27 08:30:04'),(258,'App\\Models\\ProductFeature','33','id',NULL,NULL,'{\"text\":\"Teknologi Dri-FIT penyerap keringat agar tetap kering\\nBahan pelindung UV untuk perlindungan dari sinar matahari\"}','2025-11-27 08:30:04','2025-11-27 08:30:04'),(259,'App\\Models\\ProductFeature','34','en',NULL,NULL,'{\"text\":\"Lightweight mid layer reduces chafing\\nQuarter-zip design for adjustable ventilation\"}','2025-11-27 08:30:04','2025-11-27 08:30:04'),(260,'App\\Models\\ProductFeature','34','id',NULL,NULL,'{\"text\":\"Mid layer ringan mengurangi gesekan\\n\\nDesain quarter-zip untuk ventilasi yang dapat disesuaikan\"}','2025-11-27 08:30:04','2025-11-27 08:30:04'),(261,'App\\Models\\Product','24','en',NULL,NULL,'{\"story\":\"<p>Using insights from runners, Nike refreshed its Swift essentials with functionality in mind. This lightweight mid layer is soft, sweat-wicking, and UV-blocking, designed to reduce chafing and keep you focused on your miles.<\\/p>\",\"material\":\"<p>100% Polyester (Dri-FIT UV fabric)<\\/p>\"}','2025-11-27 08:30:04','2025-11-27 08:30:04'),(262,'App\\Models\\Product','24','id',NULL,NULL,'{\"story\":\"<p>Dengan masukan dari para pelari, Nike menyegarkan koleksi Swift dengan fokus pada fungsionalitas. Mid layer ringan ini lembut, menyerap keringat, dan melindungi dari sinar UV, dirancang untuk mengurangi gesekan dan menjaga fokus saat berlari.<\\/p>\",\"material\":\"<p>100% Polyester (Dri-FIT UV fabric)<\\/p>\"}','2025-11-27 08:30:04','2025-11-27 08:30:04'),(263,'App\\Models\\ProductFeature','35','en',NULL,NULL,'{\"text\":\"Retro-inspired design with modern comfort\\nBreathable cotton blend fabric\"}','2025-11-28 02:16:57','2025-11-28 02:16:57'),(264,'App\\Models\\ProductFeature','35','id',NULL,NULL,'{\"text\":\"Desain retro dengan kenyamanan modern\\nBahan campuran katun yang bernapas\"}','2025-11-28 02:16:57','2025-11-28 02:16:57'),(265,'App\\Models\\ProductFeature','36','en',NULL,NULL,'{\"text\":\"Versatile teal color for casual styling\\nRegular fit suitable for everyday wear\"}','2025-11-28 02:16:57','2025-11-28 02:16:57'),(266,'App\\Models\\ProductFeature','36','id',NULL,NULL,'{\"text\":\"Warna teal serbaguna untuk gaya kasual\\nPotongan reguler cocok untuk pemakaian sehari-hari\"}','2025-11-28 02:16:57','2025-11-28 02:16:57'),(267,'App\\Models\\Product','25','en',NULL,NULL,'{\"story\":\"<p>The Reebok Camillo Lifestyle Polo brings a retro-inspired look with modern comfort. Crafted in breathable cotton blend fabric, it\\u2019s perfect for casual styling and everyday wear. The teal color adds a bold yet versatile touch to your wardrobe.<\\/p>\",\"material\":\"<p>Cotton blend<\\/p>\"}','2025-11-28 02:16:57','2025-11-28 02:16:57'),(268,'App\\Models\\Product','25','id',NULL,NULL,'{\"story\":\"<p>Reebok Camillo Lifestyle Polo menghadirkan tampilan retro dengan kenyamanan modern. Dibuat dari bahan campuran katun yang bernapas, cocok untuk gaya kasual dan pemakaian sehari-hari. Warna teal memberikan sentuhan berani sekaligus serbaguna pada koleksi pakaian Anda.<\\/p>\",\"material\":\"<p>Cotton blend<\\/p>\"}','2025-11-28 02:16:57','2025-11-28 02:16:57'),(269,'App\\Models\\ProductFeature','37','en',NULL,NULL,'{\"text\":\"Stylish look with relaxed fit\\nBreathable cotton blend fabric\"}','2025-11-28 02:32:08','2025-11-28 02:32:08'),(270,'App\\Models\\ProductFeature','37','id',NULL,NULL,'{\"text\":\"Tampilan stylish dengan potongan santai\\nBahan campuran katun yang bernapas\"}','2025-11-28 02:32:08','2025-11-28 02:32:08'),(271,'App\\Models\\ProductFeature','38','en',NULL,NULL,'{\"text\":\"Versatile black color for casual wear\\nComfortable design for everyday use\"}','2025-11-28 02:32:08','2025-11-28 02:32:08'),(272,'App\\Models\\ProductFeature','38','id',NULL,NULL,'{\"text\":\"Warna hitam serbaguna untuk gaya kasual\\nDesain nyaman untuk pemakaian sehari-hari\"}','2025-11-28 02:32:08','2025-11-28 02:32:08'),(273,'App\\Models\\Product','26','en',NULL,NULL,'{\"story\":\"<p>The Reebok Barry Lifestyle Tee delivers a stylish look with a comfortable and relaxed cut. Crafted from breathable cotton blend fabric, it\\u2019s perfect for everyday wear and casual styling.<\\/p>\",\"material\":\"<p>Cotton blend<\\/p>\"}','2025-11-28 02:32:08','2025-11-28 02:32:08'),(274,'App\\Models\\Product','26','id',NULL,NULL,'{\"story\":\"<p>Reebok Barry Lifestyle Tee menghadirkan tampilan stylish dengan potongan nyaman dan santai. Dibuat dari bahan campuran katun yang bernapas, cocok untuk pemakaian sehari-hari dan gaya kasual.<\\/p>\",\"material\":\"<p>Cotton blend<\\/p>\"}','2025-11-28 02:32:08','2025-11-28 02:32:08'),(275,'App\\Models\\Category','23','en','Kids & Baby','Comfortable and fun clothing for kids and babies, perfect for everyday wear.',NULL,'2025-11-28 06:11:28','2025-11-28 06:11:28'),(276,'App\\Models\\Category','23','id','Anak & Bayi','Pakaian anak dan bayi yang nyaman dan menyenangkan, cocok untuk sehari-hari.',NULL,'2025-11-28 06:11:28','2025-11-28 06:11:28'),(277,'App\\Models\\Category','24','en','Footwear','Stylish footwear for men, women, and kids, from sneakers to heels.',NULL,'2025-11-28 06:13:51','2025-11-28 06:13:51'),(278,'App\\Models\\Category','24','id','Sepatu','Sepatu bergaya untuk pria, wanita, dan anak-anak, mulai dari sneakers hingga heels.',NULL,'2025-11-28 06:13:51','2025-11-28 06:13:51'),(279,'App\\Models\\Category','25','en','Accessories','Fashion accessories including bags, belts, hats, and scarves to complete your look.',NULL,'2025-11-28 06:15:50','2025-11-28 06:15:50'),(280,'App\\Models\\Category','25','id','Aksesoris','Aksesoris fashion termasuk tas, ikat pinggang, topi, dan scarf untuk melengkapi gaya Anda.',NULL,'2025-11-28 06:15:50','2025-11-28 06:15:50'),(281,'App\\Models\\Category','26','en','Activewear','Comfortable and durable sportswear for gym, yoga, and outdoor activities.',NULL,'2025-11-28 06:18:55','2025-11-28 06:18:55'),(282,'App\\Models\\Category','26','id','Pakaian Olahraga','Pakaian olahraga yang nyaman dan tahan lama untuk gym, yoga, dan aktivitas luar ruangan.',NULL,'2025-11-28 06:18:55','2025-11-28 06:18:55'),(283,'App\\Models\\Category','27','en','Traditional Wear','Authentic Indonesian traditional clothing such as batik, kebaya, and songket.',NULL,'2025-11-28 06:26:05','2025-11-28 06:26:05'),(284,'App\\Models\\Category','27','id','Busana Tradisional','Busana tradisional Indonesia seperti batik, kebaya, dan songket.',NULL,'2025-11-28 06:26:05','2025-11-28 06:26:05'),(285,'App\\Models\\Category','28','en','Western Classics','Classic Western meals such as burgers, pasta, pizza, and steak, perfect for all occasions.',NULL,'2025-11-28 06:35:43','2025-11-28 06:35:43'),(286,'App\\Models\\Category','28','id','Hidangan Barat','Hidangan Barat klasik seperti burger, pasta, pizza, dan steak, cocok untuk segala kesempatan.',NULL,'2025-11-28 06:35:43','2025-11-28 06:35:43'),(287,'App\\Models\\Category','29','en','Street Food','Flavorful street food favorites including fried snacks, skewers, and quick bites.',NULL,'2025-11-28 06:37:04','2025-11-28 06:37:04'),(288,'App\\Models\\Category','29','id','Jajanan Jalanan','Jajanan jalanan penuh rasa seperti gorengan, sate tusuk, dan makanan cepat saji.',NULL,'2025-11-28 06:37:04','2025-11-28 06:37:04'),(289,'App\\Models\\Category','30','en','Healthy Bowls','Nutritious ready-to-eat meals including salad bowls, poke bowls, and plant-based dishes.',NULL,'2025-11-28 06:38:33','2025-11-28 06:38:33'),(290,'App\\Models\\Category','30','id','Hidangan Sehat','Hidangan siap saji bergizi termasuk salad bowl, poke bowl, dan makanan nabati.',NULL,'2025-11-28 06:38:33','2025-11-28 06:38:33'),(291,'App\\Models\\Category','31','en','Desserts & Sweets','Delightful desserts including cakes, ice cream, puddings, and traditional sweets.',NULL,'2025-11-28 06:40:36','2025-11-28 06:40:36'),(292,'App\\Models\\Category','31','id','Hidangan Penutup & Manisan','Hidangan penutup lezat termasuk kue, es krim, puding, dan manisan tradisional.',NULL,'2025-11-28 06:40:36','2025-11-28 06:40:36'),(293,'App\\Models\\Category','32','en','Beverages','Ready-to-drink beverages including coffee, tea, juices, and traditional drinks.',NULL,'2025-11-28 06:42:14','2025-11-28 06:42:14'),(294,'App\\Models\\Category','32','id','Minuman','Minuman siap saji termasuk kopi, teh, jus, dan minuman tradisional.',NULL,'2025-11-28 06:42:14','2025-11-28 06:42:14'),(295,'App\\Models\\Category','33','en','Haircare','Haircare essentials including shampoos, conditioners, oils, and treatments for strong healthy hair.',NULL,'2025-11-28 06:46:21','2025-11-28 06:46:21'),(296,'App\\Models\\Category','33','id','Perawatan Rambut','Produk perawatan rambut termasuk sampo, kondisioner, minyak, dan treatment untuk rambut sehat kuat.',NULL,'2025-11-28 06:46:21','2025-11-28 06:46:21'),(297,'App\\Models\\Category','34','en','Men’s Grooming','Grooming essentials for men including shaving kits, beard oils, and skincare solutions.',NULL,'2025-11-28 06:47:50','2025-11-28 06:47:50'),(298,'App\\Models\\Category','34','id','Perawatan Pria','Perawatan pria termasuk perlengkapan cukur, minyak jenggot, dan solusi skincare.',NULL,'2025-11-28 06:47:50','2025-11-28 06:47:50'),(299,'App\\Models\\Category','35','en','Snacks & Packaged Food','Convenient packaged snacks and ready-to-eat food for quick enjoyment.',NULL,'2025-11-28 06:58:30','2025-11-28 06:58:30'),(300,'App\\Models\\Category','35','id','Camilan & Makanan Kemasan','Camilan praktis dan makanan kemasan siap santap untuk dinikmati kapan saja.',NULL,'2025-11-28 06:58:30','2025-11-28 06:58:30'),(301,'App\\Models\\Category','36','en','Drinks','Refreshing drinks including bottled water, juices, teas, and soft drinks.',NULL,'2025-11-28 07:00:59','2025-11-28 07:00:59'),(302,'App\\Models\\Category','36','id','Minuman','Minuman segar termasuk air mineral, jus, teh, dan minuman ringan.',NULL,'2025-11-28 07:00:59','2025-11-28 07:00:59'),(303,'App\\Models\\Category','37','en','Dairy & Eggs','Fresh dairy products and eggs for breakfast, baking, and cooking.',NULL,'2025-11-28 07:02:47','2025-11-28 07:02:47'),(304,'App\\Models\\Category','37','id','Susu & Telur','Produk susu dan telur segar untuk sarapan, membuat kue, dan memasak.',NULL,'2025-11-28 07:02:47','2025-11-28 07:02:47'),(305,'App\\Models\\Courier','019ac945-eac4-721b-a224-531f5f152fc4','en','Pick up in store','<p>English Description Pick up in the store</p>',NULL,'2025-11-28 07:03:13','2025-11-28 07:03:13'),(306,'App\\Models\\Courier','019ac945-eac4-721b-a224-531f5f152fc4','id','Ambil di toko','<p>Indonesia Deskripsi Ambil di toko</p>',NULL,'2025-11-28 07:03:13','2025-11-28 07:03:13'),(307,'App\\Models\\Category','38','en','Frozen Food','Convenient frozen meals, vegetables, and proteins for quick cooking.',NULL,'2025-11-28 07:05:28','2025-11-28 07:05:28'),(308,'App\\Models\\Category','38','id','Makanan Beku','Makanan beku praktis termasuk sayuran dan protein untuk memasak cepat.',NULL,'2025-11-28 07:05:28','2025-11-28 07:05:28'),(309,'App\\Models\\Category','39','en','Condiments & Sauces','Flavorful condiments and sauces including soy sauce, chili sauce, and seasonings.',NULL,'2025-11-28 07:07:28','2025-11-28 07:07:28'),(310,'App\\Models\\Category','39','id','Saus & Bumbu','Saus dan bumbu penuh rasa termasuk kecap, saus cabai, dan aneka seasoning.',NULL,'2025-11-28 07:07:28','2025-11-28 07:07:28'),(311,'App\\Models\\Category','40','en','Bedding','Comfortable bedding including sheets, pillows, and blankets for restful sleep.',NULL,'2025-11-28 07:14:49','2025-11-28 07:14:49'),(312,'App\\Models\\Category','40','id','Perlengkapan Tidur','Perlengkapan tidur nyaman termasuk sprei, bantal, dan selimut untuk tidur berkualitas.',NULL,'2025-11-28 07:14:49','2025-11-28 07:14:49'),(313,'App\\Models\\Category','41','en','Storage & Organization','Smart storage solutions including shelves, boxes, and organizers to keep your home tidy.',NULL,'2025-11-28 07:16:40','2025-11-28 07:16:40'),(314,'App\\Models\\Category','41','id','Penyimpanan & Organisasi','Solusi penyimpanan pintar termasuk rak, kotak, dan organizer untuk menjaga rumah tetap rapi.',NULL,'2025-11-28 07:16:40','2025-11-28 07:16:40'),(315,'App\\Models\\Category','42','en','Cleaning Supplies','Cleaning essentials including detergents, brushes, and tools for a spotless home.',NULL,'2025-11-28 07:18:18','2025-11-28 07:18:18'),(316,'App\\Models\\Category','42','id','Peralatan Kebersihan','Peralatan kebersihan penting termasuk deterjen, sikat, dan alat untuk rumah bersih.',NULL,'2025-11-28 07:18:18','2025-11-28 07:18:18'),(317,'App\\Models\\Category','43','en','Lighting','Stylish lighting solutions including lamps, chandeliers, and LED fixtures for every room.',NULL,'2025-11-28 07:19:55','2025-11-28 07:19:55'),(318,'App\\Models\\Category','43','id','Pencahayaan','Solusi pencahayaan bergaya termasuk lampu meja, lampu gantung, dan lampu LED untuk setiap ruangan.',NULL,'2025-11-28 07:19:55','2025-11-28 07:19:55'),(319,'App\\Models\\Category','44','en','Aromatherapy','Relaxing aromatherapy products including essential oils, diffusers, and scented candles.',NULL,'2025-11-28 08:33:53','2025-11-28 08:33:53'),(320,'App\\Models\\Category','44','id','Aromaterapi','Produk aromaterapi menenangkan termasuk minyak esensial, diffuser, dan lilin aromatik.',NULL,'2025-11-28 08:33:53','2025-11-28 08:33:53'),(321,'App\\Models\\Category','45','en','Spa & Body Care','Spa-inspired body care including scrubs, bath salts, and massage oils for relaxation.',NULL,'2025-11-28 08:35:42','2025-11-28 08:35:42'),(322,'App\\Models\\Category','45','id','Spa & Perawatan Tubuh','Perawatan tubuh ala spa termasuk scrub, garam mandi, dan minyak pijat untuk relaksasi.',NULL,'2025-11-28 08:35:42','2025-11-28 08:35:42'),(323,'App\\Models\\Category','46','en','Sleep & Relaxation','Sleep aids and relaxation products including pillows, teas, and calming sprays.',NULL,'2025-11-28 08:37:13','2025-11-28 08:37:13'),(324,'App\\Models\\Category','46','id','Tidur & Relaksasi','Produk pendukung tidur dan relaksasi termasuk bantal, teh herbal, dan spray menenangkan.',NULL,'2025-11-28 08:37:13','2025-11-28 08:37:13'),(325,'App\\Models\\Category','47','en','Personal Care Devices','Modern personal care devices including massagers, facial rollers, and wellness tech.',NULL,'2025-11-28 08:39:33','2025-11-28 08:39:33'),(326,'App\\Models\\Category','47','id','Perangkat Perawatan Pribadi','Perangkat perawatan pribadi modern termasuk alat pijat, roller wajah, dan teknologi wellness.',NULL,'2025-11-28 08:39:33','2025-11-28 08:39:33'),(327,'App\\Models\\Category','48','en','Mindfulness & Meditation','Tools for mindfulness and meditation including journals, cushions, and calming kits.',NULL,'2025-11-28 08:43:01','2025-11-28 08:43:01'),(328,'App\\Models\\Category','48','id','Mindfulness & Meditasi','Perlengkapan mindfulness dan meditasi termasuk jurnal, bantal duduk, dan paket relaksasi.',NULL,'2025-11-28 08:43:01','2025-11-28 08:43:01'),(329,'App\\Models\\ProductFeature','39','en',NULL,NULL,'{\"text\":\"123\"}','2025-11-28 09:43:46','2025-11-28 09:49:50'),(330,'App\\Models\\ProductFeature','39','id',NULL,NULL,'{\"text\":\"123\\n\"}','2025-11-28 09:43:46','2025-11-28 09:49:50'),(331,'App\\Models\\Product','27','en',NULL,NULL,'{\"story\":\"<p>Tes<\\/p>\",\"material\":\"<p>Tes<\\/p>\"}','2025-11-28 09:43:46','2025-11-28 09:43:46'),(332,'App\\Models\\Product','27','id',NULL,NULL,'{\"story\":null,\"material\":null}','2025-11-28 09:43:46','2025-11-28 09:43:46'),(333,'App\\Models\\Product','28','en',NULL,NULL,'{\"story\":\"<p>dsda<\\/p>\",\"material\":\"<p>dasdsasda<\\/p>\"}','2025-11-29 09:50:57','2025-11-29 09:50:57'),(334,'App\\Models\\Product','28','id',NULL,NULL,'{\"story\":null,\"material\":null}','2025-11-29 09:50:57','2025-11-29 09:50:57'),(335,'App\\Models\\Product','29','en',NULL,NULL,'{\"story\":\"<p>dsadsdas<\\/p>\",\"material\":\"<p>dsasdasda<\\/p>\"}','2025-11-29 09:53:33','2025-11-29 09:53:33'),(336,'App\\Models\\Product','29','id',NULL,NULL,'{\"story\":\"<p>dsadsdsa<\\/p>\",\"material\":\"<p>dsadsadsa<\\/p>\"}','2025-11-29 09:53:33','2025-11-29 09:53:33'),(337,'App\\Models\\ProductFeature','40','en',NULL,NULL,'{\"text\":\"Authentic Indonesian batik craftsmanship\\nPremium cotton blend for comfort\"}','2025-12-02 02:42:10','2025-12-02 02:42:10'),(338,'App\\Models\\ProductFeature','40','id',NULL,NULL,'{\"text\":\"Kerajinan batik asli Indonesia\\nCampuran katun premium untuk kenyamanan\"}','2025-12-02 02:42:10','2025-12-02 02:42:10'),(339,'App\\Models\\ProductFeature','41','en',NULL,NULL,'{\"text\":\"Elegant design suitable for formal and casual wear\\nCultural heritage piece with modern appeal\"}','2025-12-02 02:42:10','2025-12-02 02:42:10'),(340,'App\\Models\\ProductFeature','41','id',NULL,NULL,'{\"text\":\"Desain elegan cocok untuk acara formal maupun kasual\\nWarisan budaya dengan sentuhan modern\"}','2025-12-02 02:42:10','2025-12-02 02:42:10'),(345,'App\\Models\\Voucher','019ae258-db75-70f5-b925-1e2b910275f1','en','Weekend Special Discount',NULL,NULL,'2025-12-03 03:54:25','2025-12-03 03:54:25'),(346,'App\\Models\\Voucher','019ae258-db75-70f5-b925-1e2b910275f1','id','Diskon Spesial Akhir Pekan',NULL,NULL,'2025-12-03 03:54:25','2025-12-03 03:54:25'),(347,'App\\Models\\Voucher','019ae25c-4097-72c3-8235-4bfbf4cff567','en','Holiday Shopping Voucher',NULL,NULL,'2025-12-03 03:58:08','2025-12-03 03:58:08'),(348,'App\\Models\\Voucher','019ae25c-4097-72c3-8235-4bfbf4cff567','id','Voucher Belanja Akhir Tahun',NULL,NULL,'2025-12-03 03:58:08','2025-12-03 03:58:08'),(349,'App\\Models\\Voucher','019ae25f-d1eb-7162-9223-08c889c510df','en','Free Shipping Nationwide',NULL,NULL,'2025-12-03 04:02:01','2025-12-03 04:02:01'),(350,'App\\Models\\Voucher','019ae25f-d1eb-7162-9223-08c889c510df','id','Test nominal amount kecil',NULL,NULL,'2025-12-03 04:02:01','2025-12-03 04:02:01'),(351,'App\\Models\\Voucher','019ae261-1662-7381-9dc1-64086e2694e0','en','Small Percentage Test',NULL,NULL,'2025-12-03 04:03:24','2025-12-03 04:03:24'),(352,'App\\Models\\Voucher','019ae261-1662-7381-9dc1-64086e2694e0','id','Tes Percentage Kecil',NULL,NULL,'2025-12-03 04:03:24','2025-12-03 04:03:24'),(353,'App\\Models\\Voucher','019ae262-9fcd-738b-abfa-7135426b41b3','en','100% Discount',NULL,NULL,'2025-12-03 04:05:05','2025-12-03 04:05:05'),(354,'App\\Models\\Voucher','019ae262-9fcd-738b-abfa-7135426b41b3','id','Diskon 100%',NULL,NULL,'2025-12-03 04:05:05','2025-12-03 04:05:05');
/*!40000 ALTER TABLE `translations` ENABLE KEYS */;
UNLOCK TABLES;

--
-- Table structure for table `user_addresses`
--

DROP TABLE IF EXISTS `user_addresses`;
/*!40101 SET @saved_cs_client     = @@character_set_client */;
/*!50503 SET character_set_client = utf8mb4 */;
CREATE TABLE `user_addresses` (
  `id` bigint unsigned NOT NULL AUTO_INCREMENT,
  `user_id` bigint unsigned NOT NULL,
  `receiver_name` varchar(100) COLLATE utf8mb4_unicode_ci NOT NULL,
  `phone_number` varchar(20) COLLATE utf8mb4_unicode_ci DEFAULT NULL,
  `label` varchar(100) COLLATE utf8mb4_unicode_ci DEFAULT NULL,
  `address_line` longtext COLLATE utf8mb4_unicode_ci,
  `province_id` int unsigned DEFAULT NULL,
  `city_id` int unsigned DEFAULT NULL,
  `address_line_2` varchar(255) COLLATE utf8mb4_unicode_ci DEFAULT NULL,
  `city` varchar(100) COLLATE utf8mb4_unicode_ci NOT NULL,
  `district` varchar(100) COLLATE utf8mb4_unicode_ci DEFAULT NULL,
  `province` varchar(100) COLLATE utf8mb4_unicode_ci NOT NULL,
  `postal_code` varchar(10) COLLATE utf8mb4_unicode_ci DEFAULT NULL,
  `is_default` tinyint(1) NOT NULL DEFAULT '0',
  `created_at` timestamp NULL DEFAULT NULL,
  `updated_at` timestamp NULL DEFAULT NULL,
  PRIMARY KEY (`id`),
  KEY `user_addresses_user_id_foreign` (`user_id`),
  CONSTRAINT `user_addresses_user_id_foreign` FOREIGN KEY (`user_id`) REFERENCES `users` (`id`) ON DELETE CASCADE
) ENGINE=InnoDB AUTO_INCREMENT=23 DEFAULT CHARSET=utf8mb4 COLLATE=utf8mb4_unicode_ci;
/*!40101 SET character_set_client = @saved_cs_client */;

--
-- Dumping data for table `user_addresses`
--

LOCK TABLES `user_addresses` WRITE;
/*!40000 ALTER TABLE `user_addresses` DISABLE KEYS */;
INSERT INTO `user_addresses` VALUES (1,27,'Testing Satu',NULL,'Home',NULL,16,4,NULL,'South Tangerang City',NULL,'Banten',NULL,0,'2025-11-21 08:57:17','2025-12-04 00:39:14'),(3,11,'Metha',NULL,'Home',NULL,4,1,NULL,'Pekanbaru City',NULL,'Riau',NULL,1,'2025-11-24 08:26:47','2025-11-24 08:26:47'),(4,30,'Sarinah',NULL,'Home','Jl. AIUEO RT100/RW100',11,1,NULL,'East Jakarta City',NULL,'Jakarta Special Capital Region',NULL,0,'2025-11-24 09:44:45','2025-12-03 07:30:15'),(5,31,'Sarinah',NULL,'Home','Jln. 12345',11,3,NULL,'West Jakarta City',NULL,'Jakarta Special Capital Region',NULL,1,'2025-11-25 04:15:55','2025-11-25 04:15:55'),(6,17,'metha',NULL,'Home',NULL,2,3,NULL,'Sibolga City',NULL,'North Sumatra',NULL,1,'2025-11-25 08:41:47','2025-11-25 08:41:47'),(7,27,'Testing Satu','08123456789',NULL,'JL ABCD No.90',1,1,NULL,'Banda Aceh City',NULL,'Aceh','15417',0,'2025-11-27 00:12:32','2025-12-04 00:39:14'),(9,27,'Testing Satu','08123456789',NULL,'JL NGDHJ No999',3,2,NULL,'Solok City',NULL,'West Sumatra','15417',1,'2025-11-27 00:35:49','2025-12-04 00:39:14'),(12,10,'Zone','0812345','Home','Jl. Mawar Indah No. 5, RT 03 RW 08',23,1,NULL,'Samarinda City',NULL,'East Kalimantan',NULL,1,'2025-11-28 02:25:49','2025-11-28 02:25:49'),(13,19,'Fei',NULL,'Home','SFsdfbjsdbfjhabsdf asdfjasdf',1,1,NULL,'Banda Aceh City',NULL,'Aceh',NULL,0,'2025-11-28 06:32:59','2025-11-30 15:40:53'),(14,4,'Jakbar kantor','08000000000',NULL,'Ruko GSA 9BH',11,3,NULL,'West Jakarta City',NULL,'Jakarta Special Capital Region','12032',1,'2025-11-28 10:56:16','2025-11-28 10:56:16'),(15,19,'Mohammad Syafei','085810189337',NULL,'Jl. Ulujami Royo Gg. Marsw Anoe ope No. 34\nPesanggrahan',11,2,NULL,'South Jakarta City',NULL,'Jakarta Special Capital Region','12320',1,'2025-11-30 15:40:50','2025-11-30 15:40:53'),(17,10,'Budi Santoso','6281234567890','Office','Jl. Sudirman Kav. 12, Tower A Lantai 5',23,1,NULL,'Samarinda City',NULL,'East Kalimantan','75123',0,'2025-12-01 06:11:08','2025-12-01 06:11:08'),(18,34,'setyadi',NULL,'Home',NULL,11,1,NULL,'East Jakarta City',NULL,'Jakarta Special Capital Region',NULL,1,'2025-12-02 04:03:16','2025-12-02 04:03:16'),(19,5,'nanda','970183781',NULL,'sasasa',2,2,NULL,'Pematang Siantar City',NULL,'North Sumatra','12121',1,'2025-12-02 09:57:27','2025-12-02 09:57:27'),(20,30,'SAMMY RAIMEE',NULL,'Home','Jl. cililitan kecil 1 RT12/RW02 No. 24',11,1,NULL,'East Jakarta City',NULL,'Jakarta Special Capital Region',NULL,0,'2025-12-03 07:01:58','2025-12-03 07:30:15'),(21,30,'Budi Santoso','6281234567890','Office','Jl. Sudirman Kav. 12, Tower A Lantai 5',23,1,NULL,'Samarinda City',NULL,'East Kalimantan','75123',1,'2025-12-03 07:30:15','2025-12-03 07:30:15'),(22,32,'Endy',NULL,'Home','Jalan Alpukat',11,3,NULL,'West Jakarta City',NULL,'Jakarta Special Capital Region',NULL,1,'2025-12-04 03:14:17','2025-12-04 03:14:17');
/*!40000 ALTER TABLE `user_addresses` ENABLE KEYS */;
UNLOCK TABLES;

--
-- Table structure for table `user_interests`
--

DROP TABLE IF EXISTS `user_interests`;
/*!40101 SET @saved_cs_client     = @@character_set_client */;
/*!50503 SET character_set_client = utf8mb4 */;
CREATE TABLE `user_interests` (
  `user_id` bigint unsigned NOT NULL,
  `category_id` bigint unsigned NOT NULL,
  `created_at` timestamp NULL DEFAULT NULL,
  `updated_at` timestamp NULL DEFAULT NULL,
  PRIMARY KEY (`user_id`,`category_id`),
  KEY `user_interests_category_id_foreign` (`category_id`),
  CONSTRAINT `user_interests_category_id_foreign` FOREIGN KEY (`category_id`) REFERENCES `categories` (`id`) ON DELETE CASCADE,
  CONSTRAINT `user_interests_user_id_foreign` FOREIGN KEY (`user_id`) REFERENCES `users` (`id`) ON DELETE CASCADE
) ENGINE=InnoDB DEFAULT CHARSET=utf8mb4 COLLATE=utf8mb4_unicode_ci;
/*!40101 SET character_set_client = @saved_cs_client */;

--
-- Dumping data for table `user_interests`
--

LOCK TABLES `user_interests` WRITE;
/*!40000 ALTER TABLE `user_interests` DISABLE KEYS */;
INSERT INTO `user_interests` VALUES (11,7,NULL,NULL),(17,10,NULL,NULL),(19,10,NULL,NULL),(19,14,NULL,NULL),(19,21,NULL,NULL),(19,22,NULL,NULL),(27,6,NULL,NULL),(27,8,NULL,NULL),(27,10,NULL,NULL),(27,15,NULL,NULL),(30,5,NULL,NULL),(30,10,NULL,NULL),(30,13,NULL,NULL),(30,22,NULL,NULL),(30,30,NULL,NULL),(30,45,NULL,NULL),(30,47,NULL,NULL),(30,48,NULL,NULL),(31,5,NULL,NULL),(31,7,NULL,NULL),(31,11,NULL,NULL),(31,14,NULL,NULL),(32,5,NULL,NULL),(32,10,NULL,NULL),(32,24,NULL,NULL),(32,26,NULL,NULL),(34,5,NULL,NULL),(34,11,NULL,NULL);
/*!40000 ALTER TABLE `user_interests` ENABLE KEYS */;
UNLOCK TABLES;

--
-- Table structure for table `users`
--

DROP TABLE IF EXISTS `users`;
/*!40101 SET @saved_cs_client     = @@character_set_client */;
/*!50503 SET character_set_client = utf8mb4 */;
CREATE TABLE `users` (
  `id` bigint unsigned NOT NULL AUTO_INCREMENT,
  `name` varchar(255) COLLATE utf8mb4_unicode_ci DEFAULT NULL,
  `title` varchar(10) COLLATE utf8mb4_unicode_ci DEFAULT NULL,
  `email` varchar(255) COLLATE utf8mb4_unicode_ci NOT NULL,
  `mobile_number` varchar(15) COLLATE utf8mb4_unicode_ci DEFAULT NULL,
  `password` varchar(100) COLLATE utf8mb4_unicode_ci DEFAULT NULL,
  `google_id` varchar(255) COLLATE utf8mb4_unicode_ci DEFAULT NULL,
  `provider` varchar(255) COLLATE utf8mb4_unicode_ci DEFAULT NULL,
  `avatar_url` varchar(255) COLLATE utf8mb4_unicode_ci DEFAULT NULL,
  `is_active` tinyint(1) NOT NULL DEFAULT '0',
  `language` varchar(10) COLLATE utf8mb4_unicode_ci NOT NULL DEFAULT 'en',
  `location` varchar(255) COLLATE utf8mb4_unicode_ci DEFAULT NULL,
  `onboarding_completed` tinyint(1) NOT NULL DEFAULT '0',
  `date_of_birth` date DEFAULT NULL,
  `email_preference` json DEFAULT NULL,
  `email_verified_at` timestamp NULL DEFAULT NULL,
  `created_at` timestamp NULL DEFAULT NULL,
  `updated_at` timestamp NULL DEFAULT NULL,
  PRIMARY KEY (`id`),
  UNIQUE KEY `users_google_id_unique` (`google_id`)
) ENGINE=InnoDB AUTO_INCREMENT=36 DEFAULT CHARSET=utf8mb4 COLLATE=utf8mb4_unicode_ci;
/*!40101 SET character_set_client = @saved_cs_client */;

--
-- Dumping data for table `users`
--

LOCK TABLES `users` WRITE;
/*!40000 ALTER TABLE `users` DISABLE KEYS */;
INSERT INTO `users` VALUES (1,NULL,NULL,'sammy1709@yopmail.com',NULL,'$2y$12$IHreBfZ02FtR9yW6e2dSSeZxgxi3Edcyt.ZCVCESOb6SXFnvNTNE.',NULL,NULL,NULL,0,'en',NULL,0,NULL,NULL,'2025-11-18 06:10:32','2025-11-18 06:10:09','2025-11-18 06:15:04'),(2,NULL,NULL,'setyadi.aprilianto@unictive.com',NULL,NULL,NULL,NULL,NULL,0,'en',NULL,0,NULL,NULL,'2025-11-18 06:37:29','2025-11-18 06:37:11','2025-11-18 06:37:29'),(3,NULL,NULL,'setyadi.aprilianto+1@unictive.com',NULL,'$2y$12$C4bN0EseNY8whyB8DCHSUO2qth5zcKD72058eIf2kK39JLuFJaG/u',NULL,NULL,NULL,0,'en',NULL,0,NULL,NULL,'2025-11-18 06:39:40','2025-11-18 06:39:21','2025-11-18 06:41:00'),(4,'Mohammad Syafei','Mr','syafei.mohammed@gmail.com','0888999999000','$2y$12$Jbr17wMPfY5JSPU.S1pjsOj1FRnvWvIi7VxO3ERXzSLzAjidFRA7G','115517322556483022829','google','https://lh3.googleusercontent.com/a/ACg8ocKpVhsLE64j7CybIEME8JqM9x7LpARdFvUl71_qsgQjwHg9K9oj=s96-c',1,'en',NULL,0,'2025-11-10',NULL,'2025-11-18 06:48:28','2025-11-18 06:48:28','2025-11-30 13:54:42'),(5,'Nanda Pratama','Mr','nandaprtm98@gmail.com','89167987198','$2y$12$p6MJSXAublc85pX7VXwnpej7e6vvNrJc.Eo/5lpcekhNxtztVC.eq','111943501563229230413','google','https://lh3.googleusercontent.com/a/ACg8ocJSTmhi96Q4G7zcWEPKPfOgSInc3C3igEfZX2V8FX7eFyLhxME=s96-c',1,'en',NULL,0,'2025-12-01',NULL,'2025-11-18 06:51:10','2025-11-18 06:50:50','2025-12-02 09:58:11'),(6,NULL,NULL,'setyadi.aprilianto+2@unictive.com',NULL,'$2y$12$mW9igPHu7tTTFaBN7Q3HsOtlLyU6RjF2XFtsk7HeXrMdbHScZIG22',NULL,NULL,NULL,0,'en',NULL,0,NULL,NULL,'2025-11-18 06:54:14','2025-11-18 06:53:40','2025-11-18 06:54:25'),(7,NULL,NULL,'syafei@yopmail.com',NULL,NULL,NULL,NULL,NULL,0,'en',NULL,0,NULL,NULL,NULL,'2025-11-18 07:17:43','2025-11-18 07:17:43'),(8,'Syafei',NULL,'moshaf@yopmail.com',NULL,'$2y$12$gNPbz7o7lpesiGXE2YL07uNoIWfhu9h1r3mlIh1DZyS2bq0NxbLnq',NULL,NULL,NULL,0,'en',NULL,0,NULL,NULL,'2025-11-18 07:19:06','2025-11-18 07:18:44','2025-11-18 08:11:53'),(9,NULL,NULL,'sammy1710@yopmail.com',NULL,'$2y$12$im8ichNyOvtKXaTwC0wGp.qn0GVVhsri9.7BssGLK.Cfy6RQDkoGK',NULL,NULL,NULL,0,'en',NULL,0,NULL,NULL,'2025-11-18 08:17:43','2025-11-18 08:17:24','2025-11-18 08:17:58'),(10,'Zone',NULL,'muhammadfachriannoor@gmail.com',NULL,'$2y$12$ZQEPYOsS7zPdj6aovEQqcOZyMv7wOOt0D1spnA5JEyWaJPeg/so0K','115433045169459098812','google','https://lh3.googleusercontent.com/a/ACg8ocLsoXW16HjM3Q5rWNLOCVPCMPjiUov8E-gJll6wgpK7Wd4D55g=s96-c',1,'id',NULL,1,NULL,NULL,'2025-11-18 08:27:07','2025-11-18 08:27:07','2025-11-28 02:25:49'),(11,'Metha','Ms','methawillia@gmail.com','128931203','$2y$12$UviNYhktwpJ8tPVos4HosevOHfg3g96E4rqxYk5EGyAJQl7t1boy6',NULL,NULL,NULL,0,'en',NULL,1,'2025-11-24',NULL,'2025-11-24 08:25:24','2025-11-18 09:16:06','2025-11-28 08:47:35'),(12,NULL,NULL,'metha@yopmail.com',NULL,'$2y$12$n8hCS6DcWrQkQU4/64r4VOyXdktX0h/RQ.WpOJ8bbBMXweF7y6NzS',NULL,NULL,NULL,0,'en',NULL,0,NULL,NULL,'2025-11-18 09:17:55','2025-11-18 09:17:36','2025-11-18 09:18:44'),(13,NULL,NULL,'nandaprtm@gmail.com',NULL,NULL,NULL,NULL,NULL,0,'en',NULL,0,NULL,NULL,NULL,'2025-11-18 09:54:11','2025-11-18 09:54:11'),(14,NULL,NULL,'sammy1711@yopmail.com',NULL,NULL,NULL,NULL,NULL,0,'en',NULL,0,NULL,NULL,NULL,'2025-11-19 02:40:04','2025-11-19 02:40:04'),(15,'Sammy Raimee',NULL,'sammyraimee.bazher@gmail.com',NULL,NULL,'110646729682108204949','google','https://lh3.googleusercontent.com/a/ACg8ocLfwG9_XNWa11ztpmff2QqAkRbEZ9X5MO4d-KpwjxDwC2uvtg=s96-c',1,'en',NULL,0,NULL,NULL,'2025-11-19 02:40:11','2025-11-19 02:40:11','2025-11-19 03:16:51'),(16,NULL,NULL,'endy@unictive.ids',NULL,'$2y$12$vhfUx5A2GjP3tZUse9Qb2.bYouTD3EKAVnRakzIoVSKADsWY4p6ue',NULL,NULL,NULL,0,'en',NULL,0,NULL,NULL,'2025-11-19 04:07:05','2025-11-19 03:57:49','2025-11-19 04:07:24'),(17,'metha',NULL,'methafrontend@gmail.com',NULL,'$2y$12$Beocjp5bviJiy/9zzvl3EOtfhuaJ.OP9S6kbVDHRzYSmL5eZPHcGK','116901703934839365573','google','https://lh3.googleusercontent.com/a/ACg8ocJNj8DT3s_hFnwoeG5Vs3f-hiNcL5IvvjsOO0cn3r7_6u9USA=s96-c',1,'en',NULL,1,NULL,NULL,'2025-11-19 08:00:34','2025-11-19 08:00:06','2025-11-25 08:41:47'),(18,'Endy',NULL,'endysaja18@gmail.com',NULL,NULL,NULL,NULL,NULL,0,'en',NULL,0,NULL,NULL,NULL,'2025-11-19 08:40:47','2025-11-19 08:40:47'),(19,'Fei',NULL,'syafei.mohammed+1@gmail.com',NULL,'$2y$12$VTUEBH1NbeRg8ZbPPbqxFumk6h3kzKjqgFjHbs2EY7Pn2D5X1vQyq',NULL,NULL,NULL,0,'id',NULL,1,NULL,NULL,'2025-11-19 09:18:56','2025-11-19 09:18:32','2025-11-28 06:32:59'),(20,'Nadian Ananda Pratama',NULL,'nadian.a.pratama@unictive.com',NULL,NULL,'115347855432028958221','google','https://lh3.googleusercontent.com/a/ACg8ocJMJ65fsZUAJssU4qFLxUxRHNnkOWYODTuZzrJ-kKSZ4Y5THQ=s96-c',1,'en',NULL,0,NULL,NULL,'2025-11-20 03:08:05','2025-11-20 03:08:05','2025-11-20 03:08:05'),(21,NULL,NULL,'sammy1818@gmail.com',NULL,NULL,NULL,NULL,NULL,0,'en',NULL,0,NULL,NULL,NULL,'2025-11-20 03:15:03','2025-11-20 03:15:03'),(22,'Sam',NULL,'sammy1818@yopmail.com',NULL,'$2y$12$q6ssiydhgFp7I8FUnHteuOjVQmm4yeN0FdzAF9iGYEiHDkIMK3DnG',NULL,NULL,NULL,0,'id',NULL,0,NULL,NULL,'2025-11-20 03:18:05','2025-11-20 03:15:03','2025-11-20 03:25:56'),(23,NULL,NULL,'akuntester121@yopmail.com',NULL,NULL,NULL,NULL,NULL,0,'en',NULL,0,NULL,NULL,'2025-11-20 06:53:42','2025-11-20 06:29:16','2025-11-20 06:53:42'),(24,'setyadi aprilianto',NULL,'se.aprilianto@gmail.com',NULL,'$2y$12$tDZ3d1eBZjWAAY6hCbV5y.ndyVfsrtnibAa/pfIJAhO1QeRC2cU4a','101674382984017458877','google','https://lh3.googleusercontent.com/a/ACg8ocLiW4HUjtVlMVVU6owV_AyFc3pr86PtI4eLxacgGSYuRJmNDdIK=s96-c',1,'en',NULL,0,NULL,NULL,'2025-11-20 07:33:12','2025-11-20 07:32:04','2025-11-20 07:47:53'),(25,'Unictive - Sherwin',NULL,'sherwin@unictive.com',NULL,NULL,'105073262476173197245','google','https://lh3.googleusercontent.com/a/ACg8ocKER1Us4m3b3ddH8eTEf9-nT9R8srNnuRol8X3fQJw9GIfL2yA=s96-c',1,'en',NULL,0,NULL,NULL,'2025-11-20 10:14:25','2025-11-20 10:14:25','2025-11-20 10:14:59'),(26,'Casta Diana',NULL,'diana@unictive.com',NULL,NULL,'110785523998478221311','google','https://lh3.googleusercontent.com/a/ACg8ocJXzTBC2rpK944rnkSHSx-GjcAKc1l-f5WRRo8mhEGc2EyjfOsi=s96-c',1,'en',NULL,0,NULL,NULL,'2025-11-21 08:38:24','2025-11-21 08:38:24','2025-11-21 08:38:24'),(27,'Testing Satu','Ms','testing1@mailinator.com','08123456789','$2y$12$K3rbqJBB5EQbv.vEeJaF6.MFppxqSATrNay2tfdJwTeFPegmuEB0S',NULL,NULL,'https://cms-sarinah2025.unictive.net/storage/user/VplsD28InZbjGazr8RdPVb6wxfVwQOvJgEF6c80y.png',0,'en',NULL,1,'2025-10-01','{\"unsubscribe\": true, \"brand_news_story\": false, \"new_product_launch\": false, \"back_in_stock_alert\": false, \"order_account_update\": false, \"wishlist_price_drop_alert\": true}','2025-11-21 08:55:47','2025-11-21 08:55:11','2025-12-04 00:18:24'),(29,'Muhammad Walidin',NULL,'mawalidin@gmail.com',NULL,NULL,'101470259229963748450','google','https://lh3.googleusercontent.com/a/ACg8ocJFiYMiV0vAixCwSIFxi69el3-SrZpJSvz6vH7CxQO-xFG5nDlf=s96-c',1,'en',NULL,0,NULL,NULL,'2025-11-24 08:15:12','2025-11-24 08:14:55','2025-11-27 03:04:52'),(30,'SAMMY RAIMEE',NULL,'sarinah123@yopmail.com',NULL,'$2y$12$rvtS0N9zs6hXkvCkx/KBT.HbU5j5u7EN6e/v7K.EPCD66r5HVKOde',NULL,NULL,NULL,0,'id',NULL,1,NULL,NULL,'2025-11-24 09:43:36','2025-11-24 09:43:09','2025-12-03 07:01:58'),(31,'Sarinah',NULL,'sarinah1234@yopmail.com',NULL,'$2y$12$3dbtQaol/EtnFor6M0Fuket6H0sglXWF4TD8mQOZymPR27rTMyKwO',NULL,NULL,NULL,0,'id',NULL,1,NULL,NULL,'2025-11-25 04:13:07','2025-11-25 04:12:35','2025-11-25 04:15:55'),(32,'Endy',NULL,'endy@unictive.id',NULL,'$2y$12$GmeeubGLQRiVtWYmCdrNMuJO9MlZZoxXu9pgV1nknTD04K7goyu0m',NULL,NULL,NULL,0,'en',NULL,1,NULL,'{\"unsubscribe\": false, \"brand_news_story\": true, \"new_product_launch\": true, \"back_in_stock_alert\": false, \"order_account_update\": true, \"wishlist_price_drop_alert\": false}','2025-11-27 07:38:02','2025-11-27 07:37:18','2025-12-04 03:14:17'),(33,NULL,NULL,'se.aprilianto+3@gmail.com',NULL,'$2y$12$D7Epr8RbEd8o8qT6FHU.DeIcdkvxnYvE1ETvaoBNJ31bJwL2VQsZ6',NULL,NULL,NULL,0,'en',NULL,0,NULL,NULL,'2025-12-02 02:42:27','2025-12-02 02:42:09','2025-12-02 02:42:41'),(34,'setyadi',NULL,'se.aprilianto+4@gmail.com',NULL,'$2y$12$mNSxLmS9vlpSDVHnnTeAbuZEnydADM8LWgp16foqFLwpT.vqKO9Wy',NULL,NULL,NULL,0,'id',NULL,1,NULL,NULL,'2025-12-02 03:57:45','2025-12-02 03:57:28','2025-12-02 04:03:16'),(35,'sammy Raimee',NULL,'sammy.raimee@gmail.com',NULL,NULL,'113726460619765440438','google','https://lh3.googleusercontent.com/a/ACg8ocLDoD7CUSscSUxGqg7rYDljQq7VmFrjRUvg-GlSze_9yldnEw=s96-c',1,'en',NULL,0,NULL,NULL,'2025-12-03 06:58:03','2025-12-03 06:58:03','2025-12-03 06:58:03');
/*!40000 ALTER TABLE `users` ENABLE KEYS */;
UNLOCK TABLES;

--
-- Table structure for table `vouchers`
--

DROP TABLE IF EXISTS `vouchers`;
/*!40101 SET @saved_cs_client     = @@character_set_client */;
/*!50503 SET character_set_client = utf8mb4 */;
CREATE TABLE `vouchers` (
  `id` char(36) COLLATE utf8mb4_unicode_ci NOT NULL DEFAULT (uuid()),
  `voucher_name` varchar(255) COLLATE utf8mb4_unicode_ci NOT NULL,
  `voucher_code` varchar(255) COLLATE utf8mb4_unicode_ci NOT NULL,
  `type` enum('percentage','fixed_amount') COLLATE utf8mb4_unicode_ci NOT NULL,
  `amount` bigint NOT NULL,
  `usage_limit` bigint unsigned NOT NULL,
  `used_count` bigint unsigned NOT NULL DEFAULT '0',
  `min_transaction_amount` bigint NOT NULL,
  `max_transaction_amount` bigint NOT NULL,
  `start_date` datetime NOT NULL,
  `end_date` datetime NOT NULL,
  `is_active` tinyint(1) NOT NULL DEFAULT '0',
  `created_at` timestamp NULL DEFAULT NULL,
  `updated_at` timestamp NULL DEFAULT NULL,
  PRIMARY KEY (`id`),
  UNIQUE KEY `vouchers_voucher_code_unique` (`voucher_code`)
) ENGINE=InnoDB DEFAULT CHARSET=utf8mb4 COLLATE=utf8mb4_unicode_ci;
/*!40101 SET character_set_client = @saved_cs_client */;

--
-- Dumping data for table `vouchers`
--

LOCK TABLES `vouchers` WRITE;
/*!40000 ALTER TABLE `vouchers` DISABLE KEYS */;
INSERT INTO `vouchers` VALUES ('019ae258-db75-70f5-b925-1e2b910275f1','Weekend Special Discount','WEEKEND25','percentage',25,250,0,150000,2000000,'2025-12-03 00:00:00','2025-12-07 00:00:00',1,'2025-12-03 03:54:25','2025-12-03 03:54:25'),('019ae25c-4097-72c3-8235-4bfbf4cff567','Holiday Shopping Voucher','HOLIDAY100K','fixed_amount',100000,300,0,250000,5000000,'2025-12-03 00:00:00','2025-12-07 00:00:00',1,'2025-12-03 03:58:08','2025-12-03 03:58:08'),('019ae25f-d1eb-7162-9223-08c889c510df','Free Shipping Nationwide','AMOUNTKECIL','fixed_amount',5000,100,0,1000,100000,'2025-12-03 00:00:00','2025-12-07 00:00:00',1,'2025-12-03 04:02:01','2025-12-03 04:02:01'),('019ae261-1662-7381-9dc1-64086e2694e0','Small Percentage Test','PERCENTAGEKECIL','percentage',1,100,0,0,10000000,'2025-12-03 00:00:00','2025-12-07 00:00:00',1,'2025-12-03 04:03:24','2025-12-03 04:03:24'),('019ae262-9fcd-738b-abfa-7135426b41b3','100% Discount','DISKON100','percentage',100,100,0,100000,3000000,'2025-12-03 00:00:00','2025-12-07 00:00:00',1,'2025-12-03 04:05:05','2025-12-03 04:05:05');
/*!40000 ALTER TABLE `vouchers` ENABLE KEYS */;
UNLOCK TABLES;
/*!40103 SET TIME_ZONE=@OLD_TIME_ZONE */;

/*!40101 SET SQL_MODE=@OLD_SQL_MODE */;
/*!40014 SET FOREIGN_KEY_CHECKS=@OLD_FOREIGN_KEY_CHECKS */;
/*!40014 SET UNIQUE_CHECKS=@OLD_UNIQUE_CHECKS */;
/*!40101 SET CHARACTER_SET_CLIENT=@OLD_CHARACTER_SET_CLIENT */;
/*!40101 SET CHARACTER_SET_RESULTS=@OLD_CHARACTER_SET_RESULTS */;
/*!40101 SET COLLATION_CONNECTION=@OLD_COLLATION_CONNECTION */;
/*!40111 SET SQL_NOTES=@OLD_SQL_NOTES */;

-- Dump completed on 2025-12-04 11:11:05
